<?xml version='1.0' encoding='UTF-8'?>
<arggraph id="micro_k006" topic_id="introduce_capital_punishment" stance="con">
  <edu id="e1" lang="en">If Germany were to introduce the death penalty, convicted felons could not be paroled or break out of prison and commit new felonies.</edu>
  <edu id="e1" lang="ru" trans="promt">Если бы Германия должна была ввести смертную казнь, осужденные уголовники не могли бы быть условно освобождены или сбежать из тюрьмы и совершать новые уголовные преступления.</edu>
  <edu id="e1" lang="ru" trans="google">Если бы Германия вводила смертную казнь, осужденных преступников нельзя было бы условно освобождать или выходить из тюрьмы и совершать новые уголовные преступления.</edu>
  <edu id="e1" lang="ru" trans="yandex">Если Германия введет смертную казнь, приговор не может быть помилован или вырваться из тюрьмы и совершают новые преступления.</edu>
  <edu id="e2" lang="en">However, a death would not be of any more use to those affected and their relatives than if the felon receives a long sentence.</edu>
  <edu id="e2" lang="ru" trans="promt">Однако смерть не имела бы больше использования к затронутым и их родственники, чем если бы уголовник получает длинное предложение.</edu>
  <edu id="e2" lang="ru" trans="google">Тем не менее, смерть не будет более полезной для пострадавших и их родственников, чем если преступник получит длинный приговор.</edu>
  <edu id="e2" lang="ru" trans="yandex">Однако, смерть не будет больше никакой пользы для пострадавших и их родственников, чем если преступник получает длительный срок.</edu>
  <edu id="e3" lang="en">Plus we don't live in medieval times anymore.</edu>
  <edu id="e3" lang="ru" trans="promt">Плюс мы не живем в средневековые времена больше.</edu>
  <edu id="e3" lang="ru" trans="google">Плюс мы больше не живем в средневековые времена.</edu>
  <edu id="e3" lang="ru" trans="yandex">Плюс мы больше не живем в средневековье.</edu>
  <edu id="e4" lang="en">Handing out capital punishment is unethical.</edu>
  <edu id="e4" lang="ru" trans="promt">Распространение смертной казни неэтично.</edu>
  <edu id="e4" lang="ru" trans="google">Выдача смертной казни неэтична.</edu>
  <edu id="e4" lang="ru" trans="yandex">Раздают смертной казни неэтично.</edu>
  <edu id="e5" lang="en">We don't need it.</edu>
  <edu id="e5" lang="ru" trans="promt">Нам не нужен он.</edu>
  <edu id="e5" lang="ru" trans="google">Нам это не нужно.</edu>
  <edu id="e5" lang="ru" trans="yandex">Нам это не нужно.</edu>
  <adu id="a1" type="opp"/>
  <adu id="a2" type="pro"/>
  <adu id="a3" type="pro"/>
  <adu id="a4" type="pro"/>
  <adu id="a5" type="pro"/>
  <edge id="c5" src="e1" trg="a1" type="seg"/>
  <edge id="c6" src="e2" trg="a2" type="seg"/>
  <edge id="c7" src="e3" trg="a3" type="seg"/>
  <edge id="c8" src="e4" trg="a4" type="seg"/>
  <edge id="c9" src="e5" trg="a5" type="seg"/>
  <edge id="c1" src="a1" trg="a5" type="reb"/>
  <edge id="c2" src="a2" trg="c1" type="und"/>
  <edge id="c3" src="a3" trg="a5" type="sup"/>
  <edge id="c4" src="a4" trg="a5" type="sup"/>
</arggraph>
