<?xml version='1.0' encoding='UTF-8'?>
<arggraph id="micro_d23">
  <edu id="e1" lang="en">Tomorrow I will skydive for the first time in my life.</edu>
  <edu id="e1" lang="ru" trans="promt">Завтра я буду делать затяжные прыжки с парашютом впервые в моей жизни.</edu>
  <edu id="e1" lang="ru" trans="google">Завтра я буду прыгать с парашютом в первый раз в жизни.</edu>
  <edu id="e1" lang="ru" trans="yandex">Завтра я буду прыгать впервые в жизни.</edu>
  <edu id="e2" lang="en">Yes, there is a certain risk to life.</edu>
  <edu id="e2" lang="ru" trans="promt">Да, есть определенный риск к жизни.</edu>
  <edu id="e2" lang="ru" trans="google">Да, есть определенный риск для жизни.</edu>
  <edu id="e2" lang="ru" trans="yandex">Да, есть определенный риск для жизни.</edu>
  <edu id="e3" lang="en">But I want to experience this incredible moment of freedom that skydivers report time and again.</edu>
  <edu id="e3" lang="ru" trans="promt">Но я хочу испытать этот невероятный момент свободы тот отчет парашютистов снова и снова.</edu>
  <edu id="e3" lang="ru" trans="google">Но я хочу испытать этот невероятный момент свободы, который парашютисты сообщают снова и снова.</edu>
  <edu id="e3" lang="ru" trans="yandex">Но я хочу испытать этот невероятный момент Свободы, что парашютисты времени доклад и снова.</edu>
  <edu id="e4" lang="en">Besides, Jochen was given a parachute jump the other day as a gift,</edu>
  <edu id="e4" lang="ru" trans="promt">Кроме того, Йохену дали прыжок с парашютом на днях как подарок,</edu>
  <edu id="e4" lang="ru" trans="google">Кроме того, Йохен получил прыжок с парашютом на днях в качестве подарка,</edu>
  <edu id="e4" lang="ru" trans="yandex">Кроме того, Йохен подарили прыжок с парашютом на днях в качестве подарка,</edu>
  <edu id="e5" lang="en">and it mustn't be that this wannabe-adventurer has one up on me.</edu>
  <edu id="e5" lang="ru" trans="promt">и не должно случаться так, что у этого подражателя-авантюриста есть тот на мне.</edu>
  <edu id="e5" lang="ru" trans="google">и не должно быть, чтобы этот подражатель-авантюрист был на мне.</edu>
  <edu id="e5" lang="ru" trans="yandex">и это не означает, что это подражатель-авантюрист и мне.</edu>
  <adu id="a1" type="pro"/>
  <adu id="a2" type="opp"/>
  <adu id="a3" type="pro"/>
  <adu id="a4" type="pro"/>
  <adu id="a5" type="pro"/>
  <edge id="c6" src="e1" trg="a1" type="seg"/>
  <edge id="c7" src="e2" trg="a2" type="seg"/>
  <edge id="c8" src="e3" trg="a3" type="seg"/>
  <edge id="c9" src="e4" trg="a4" type="seg"/>
  <edge id="c10" src="e5" trg="a5" type="seg"/>
  <edge id="c2" src="a2" trg="a1" type="reb"/>
  <edge id="c3" src="a3" trg="a1" type="sup"/>
  <edge id="c4" src="a4" trg="a1" type="sup"/>
  <edge id="c5" src="a5" trg="c4" type="add"/>
</arggraph>
