<?xml version='1.0' encoding='UTF-8'?>
<arggraph id="micro_b011" topic_id="higher_dog_poo_fines" stance="pro">
  <edu id="e1" lang="en">For dog dirt left on the pavement dog owners should by all means pay a bit more.</edu>
  <edu id="e1" lang="ru" trans="promt">Поскольку грязь собаки, оставленная на владельцах собак мостовой, должна любой ценой заплатить немного больше.</edu>
  <edu id="e1" lang="ru" trans="google">Для собак, оставленных на тротуаре, владельцы собак должны, во что бы то ни стало, заплатить немного больше.</edu>
  <edu id="e1" lang="ru" trans="yandex">Для грязи собаку оставили на асфальте владельцы собак должны платить немного больше.</edu>
  <edu id="e2" lang="en">Indeed it's not the fault of the animals,</edu>
  <edu id="e2" lang="ru" trans="promt">Действительно это не ошибка животных,</edu>
  <edu id="e2" lang="ru" trans="google">Действительно, это не вина животных,</edu>
  <edu id="e2" lang="ru" trans="yandex">Действительно, это не вина животных,</edu>
  <edu id="e3" lang="en">but once you step in it, their excrement seems to stick rather persistently to your soles.</edu>
  <edu id="e3" lang="ru" trans="promt">но как только Вы ступаете в него, их экскременты, кажется, придерживаются скорее постоянно Ваших подошв.</edu>
  <edu id="e3" lang="ru" trans="google">но как только вы входите в нее, их экскременты, похоже, настойчиво прилипают к вашим подошвам.</edu>
  <edu id="e3" lang="ru" trans="yandex">но как только вы входите в него, своими испражнениями, похоже, палкой, а упорно ступни.</edu>
  <adu id="a1" type="pro"/>
  <adu id="a2" type="opp"/>
  <adu id="a3" type="pro"/>
  <edge id="c4" src="e1" trg="a1" type="seg"/>
  <edge id="c5" src="e2" trg="a2" type="seg"/>
  <edge id="c6" src="e3" trg="a3" type="seg"/>
  <edge id="c2" src="a2" trg="a1" type="reb"/>
  <edge id="c3" src="a3" trg="c2" type="und"/>
</arggraph>
