<?xml version='1.0' encoding='UTF-8'?>
<arggraph id="micro_k010" topic_id="public_broadcasting_fees_on_demand" stance="pro">
  <edu id="e1" lang="en">Considering what's on television these days, it would be appropriate to only have those people pay who actually (want to) follow the programming.</edu>
  <edu id="e1" lang="ru" trans="promt">Рассматривая, что на телевидении в эти дни, было бы уместно только сделать, чтобы те люди заплатили, кто на самом деле (хотят к) следует за программированием.</edu>
  <edu id="e1" lang="ru" trans="google">Учитывая, что сегодня происходит на телевидении, было бы целесообразно, чтобы эти люди платили, кто на самом деле (хочет) следовать за программированием.</edu>
  <edu id="e1" lang="ru" trans="yandex">Учитывая, что на телевидении в эти дни, было бы целесообразно иметь только те люди, которые на самом деле платить (хотят) следовать программирования.</edu>
  <edu id="e2" lang="en">In some cases there are only shows for older generations on at prime times, so why then should everyone pay for this?</edu>
  <edu id="e2" lang="ru" trans="promt">В некоторых случаях есть только шоу старших поколений на в прайм-тайм, итак, почему тогда все должны заплатить за это?</edu>
  <edu id="e2" lang="ru" trans="google">В некоторых случаях в прайм-тайм только шоу для старших поколений, так почему же тогда все должны платить за это?</edu>
  <edu id="e2" lang="ru" trans="yandex">В некоторых случаях есть только шоу для старшего поколения в основное время, так почему тогда все должны платить за это?</edu>
  <edu id="e3" lang="en">By now you have advertising on all channels,</edu>
  <edu id="e3" lang="ru" trans="promt">К настоящему времени у Вас есть реклама на всех каналах,</edu>
  <edu id="e3" lang="ru" trans="google">К настоящему времени у вас есть реклама по всем каналам,</edu>
  <edu id="e3" lang="ru" trans="yandex">Теперь у вас есть реклама на всех каналах,</edu>
  <edu id="e4" lang="en">so there's no advantage for the current paying viewers of the public broadcasters.</edu>
  <edu id="e4" lang="ru" trans="promt">таким образом, нет никакого преимущества для нынешних зрителей оплаты общественных вещательных компаний.</edu>
  <edu id="e4" lang="ru" trans="google">поэтому нет никаких преимуществ для нынешних платных зрителей общественных вещателей.</edu>
  <edu id="e4" lang="ru" trans="yandex">так что нет никаких преимуществ для текущих платежных зрителей Общественного телевидения.</edu>
  <edu id="e5" lang="en">Nevertheless one has to point out that there'd probably be way fewer stations if it werenвЂ™t the whole of Germany thatвЂ™s obliged to pay.</edu>
  <edu id="e5" lang="ru" trans="promt">Тем не менее, нужно указать, что, вероятно, был бы путь меньше станций если это werenвЂ™t вся Германия thatвЂ™s обязанный заплатить.</edu>
  <edu id="e5" lang="ru" trans="google">Тем не менее следует отметить, что, вероятно, будет меньше станций, если бы не Германия, которая должна была заплатить.</edu>
  <edu id="e5" lang="ru" trans="yandex">Вместе с тем следует отметить, что там, наверное, будет гораздо меньше станций, если это werenвЂ™Т всю Германию™thatвЂ s не обязан платить.</edu>
  <edu id="e6" lang="en">That shouldn't be an issue though, given the sheer number of programmes and stations that essentially show the same things anyway.</edu>
  <edu id="e6" lang="ru" trans="promt">Это не должно быть проблемой, хотя, учитывая чистое количество программ и станций, которые по существу показывают то же самое так или иначе.</edu>
  <edu id="e6" lang="ru" trans="google">Это не должно быть проблемой, хотя, учитывая огромное количество программ и станций, которые по сути показывают одинаковые вещи.</edu>
  <edu id="e6" lang="ru" trans="yandex">Это не должно быть проблемой, учитывая большое количество программ и станций, которые по сути все равно показывают одни и те же вещи.</edu>
  <adu id="a1" type="pro"/>
  <adu id="a2" type="pro"/>
  <adu id="a3" type="pro"/>
  <adu id="a4" type="pro"/>
  <adu id="a5" type="opp"/>
  <adu id="a6" type="pro"/>
  <edge id="c7" src="e1" trg="a1" type="seg"/>
  <edge id="c8" src="e2" trg="a2" type="seg"/>
  <edge id="c9" src="e3" trg="a3" type="seg"/>
  <edge id="c10" src="e4" trg="a4" type="seg"/>
  <edge id="c11" src="e5" trg="a5" type="seg"/>
  <edge id="c12" src="e6" trg="a6" type="seg"/>
  <edge id="c2" src="a2" trg="a1" type="sup"/>
  <edge id="c3" src="a3" trg="a4" type="sup"/>
  <edge id="c4" src="a4" trg="a1" type="sup"/>
  <edge id="c5" src="a5" trg="a1" type="reb"/>
  <edge id="c6" src="a6" trg="c5" type="und"/>
</arggraph>
