<?xml version='1.0' encoding='UTF-8'?>
<arggraph id="micro_b007" topic_id="higher_dog_poo_fines" stance="pro">
  <edu id="e1" lang="en">Dog dirt on the pavement requires my complete, ground-focused attention on my way to work.</edu>
  <edu id="e1" lang="ru" trans="promt">Грязь собаки на мостовой требует моего полного, сосредоточенного на земле внимания на мой способ работать.</edu>
  <edu id="e1" lang="ru" trans="google">Собачья грязь на тротуаре требует моего полного сосредоточенного внимания на моем пути к работе.</edu>
  <edu id="e1" lang="ru" trans="yandex">Собака грязь на асфальте, требует моего полного, земной-акцентировал внимание на моем пути на работу.</edu>
  <edu id="e2" lang="en">This results in a lack of alertness in the road traffic comparable to a minor offense of the traffic regulations.</edu>
  <edu id="e2" lang="ru" trans="promt">Это приводит к отсутствию настороженности в дорожном движении, сопоставимом с мелким правонарушением правил движения.</edu>
  <edu id="e2" lang="ru" trans="google">Это приводит к отсутствию бдительности в дорожном движении, сопоставимому с незначительным нарушением правил дорожного движения.</edu>
  <edu id="e2" lang="ru" trans="yandex">Результатом этого является отсутствие настороженности в дорожном движении сопоставимы незначительное нарушение правил дорожного движения.</edu>
  <edu id="e3" lang="en">That's why causing such obstacles must to be more urgently punished.</edu>
  <edu id="e3" lang="ru" trans="promt">Вот почему порождение таких препятствий должно, чтобы быть более срочно наказанным.</edu>
  <edu id="e3" lang="ru" trans="google">Вот почему причиной таких препятствий должно быть более срочное наказание.</edu>
  <edu id="e3" lang="ru" trans="yandex">Вот почему вызывает такие препятствия должны быть более срочно наказать.</edu>
  <edu id="e4" lang="en">Dog owners may think that dog dirt is only a harmless secretion of an animal like any other.</edu>
  <edu id="e4" lang="ru" trans="promt">Владельцы собак могут думать, что грязь собаки - только безопасная секреция животного как любой другой.</edu>
  <edu id="e4" lang="ru" trans="google">Владельцы собак могут подумать, что собачья грязь - это всего лишь безобидная секреция животного, как и любая другая.</edu>
  <edu id="e4" lang="ru" trans="yandex">Владельцы собак могут подумать, что грязный пес-это только безобидная секреции животного, как и любой другой.</edu>
  <edu id="e5" lang="en">Yet then they misjudge its impact on road traffic.</edu>
  <edu id="e5" lang="ru" trans="promt">Все же тогда они недооценивают его воздействие на дорожное движение.</edu>
  <edu id="e5" lang="ru" trans="google">Тем не менее, они недооценивают его влияние на дорожное движение.</edu>
  <edu id="e5" lang="ru" trans="yandex">Но потом они переоценили свое влияние на дорожное движение.</edu>
  <adu id="a1" type="pro"/>
  <adu id="a2" type="pro"/>
  <adu id="a3" type="pro"/>
  <adu id="a4" type="opp"/>
  <adu id="a5" type="pro"/>
  <edge id="c6" src="e1" trg="a1" type="seg"/>
  <edge id="c7" src="e2" trg="a2" type="seg"/>
  <edge id="c8" src="e3" trg="a3" type="seg"/>
  <edge id="c9" src="e4" trg="a4" type="seg"/>
  <edge id="c10" src="e5" trg="a5" type="seg"/>
  <edge id="c2" src="a1" trg="a2" type="sup"/>
  <edge id="c3" src="a2" trg="a3" type="sup"/>
  <edge id="c4" src="a4" trg="a3" type="reb"/>
  <edge id="c5" src="a5" trg="a4" type="reb"/>
</arggraph>
