<?xml version='1.0' encoding='UTF-8'?>
<arggraph id="micro_d09">
  <edu id="e1" lang="en">You should watch less television,</edu>
  <edu id="e1" lang="ru" trans="promt">Вы должны смотреть меньше телевидения,</edu>
  <edu id="e1" lang="ru" trans="google">Вы должны смотреть меньше телевидения,</edu>
  <edu id="e1" lang="ru" trans="yandex">Вам надо меньше смотреть телевизор,</edu>
  <edu id="e2" lang="en">as too much TV makes you stupid in the long run,</edu>
  <edu id="e2" lang="ru" trans="promt">столько же ТВ делает Вас глупыми в конечном счете,</edu>
  <edu id="e2" lang="ru" trans="google">так как слишком много ТВ делает вас глупыми в долгосрочной перспективе,</edu>
  <edu id="e2" lang="ru" trans="yandex">слишком много ТВ оглупляет в долгосрочной перспективе</edu>
  <edu id="e3" lang="en">like your brother.</edu>
  <edu id="e3" lang="ru" trans="promt">как Ваш брат.</edu>
  <edu id="e3" lang="ru" trans="google">как твой брат.</edu>
  <edu id="e3" lang="ru" trans="yandex">как твой брат.</edu>
  <edu id="e4" lang="en">It would be an exception if you only watched quiz shows,</edu>
  <edu id="e4" lang="ru" trans="promt">Это было бы исключение, если бы Вы только смотрели шоу викторины,</edu>
  <edu id="e4" lang="ru" trans="google">Это было бы исключением, если бы вы только смотрели викторины,</edu>
  <edu id="e4" lang="ru" trans="yandex">Это было бы исключение, если вы только смотрели викторины,</edu>
  <edu id="e5" lang="en">but you tend to watch Big Brother and X-Diaries.</edu>
  <edu id="e5" lang="ru" trans="promt">но Вы склонны наблюдать за Старшим братом и X-дневниками.</edu>
  <edu id="e5" lang="ru" trans="google">но вы, как правило, смотрите Большой Брат и X-Дневники.</edu>
  <edu id="e5" lang="ru" trans="yandex">но вы склонны смотреть Большой Брат и X-Дневники.</edu>
  <adu id="a1" type="pro"/>
  <adu id="a2" type="pro"/>
  <adu id="a3" type="pro"/>
  <adu id="a4" type="opp"/>
  <adu id="a5" type="pro"/>
  <edge id="c6" src="e1" trg="a1" type="seg"/>
  <edge id="c7" src="e2" trg="a2" type="seg"/>
  <edge id="c8" src="e3" trg="a3" type="seg"/>
  <edge id="c9" src="e4" trg="a4" type="seg"/>
  <edge id="c10" src="e5" trg="a5" type="seg"/>
  <edge id="c2" src="a2" trg="a1" type="sup"/>
  <edge id="c3" src="a3" trg="a2" type="exa"/>
  <edge id="c4" src="a4" trg="c2" type="und"/>
  <edge id="c5" src="a5" trg="a4" type="reb"/>
</arggraph>
