<?xml version='1.0' encoding='UTF-8'?>
<arggraph id="micro_k021" topic_id="cap_rent_increases" stance="pro">
  <edu id="e1" lang="en">'Property entails commitment' is one of the tenets of our social order.</edu>
  <edu id="e1" lang="ru" trans="promt">'Собственность влечет за собой, что обязательство' является одним из принципов нашего общественного строя.</edu>
  <edu id="e1" lang="ru" trans="google">«Собственность влечет за собой обязательство» является одним из принципов нашего общественного порядка.</edu>
  <edu id="e1" lang="ru" trans="yandex">Собственности влечет за собой обязательство является одним из положений нашего социального порядка.</edu>
  <edu id="e2" lang="en">Everyone should be able to get the utmost profit from his or her property.</edu>
  <edu id="e2" lang="ru" trans="promt">Все должны быть в состоянии получить предельную прибыль от его или ее недвижимости.</edu>
  <edu id="e2" lang="ru" trans="google">Каждый должен иметь возможность получить максимальную прибыль от своего имущества.</edu>
  <edu id="e2" lang="ru" trans="yandex">Каждый должен иметь возможность получить максимальную прибыль от своего имущества.</edu>
  <edu id="e3" lang="en">A fixing of rent prices according to the market alone, however, will lead to a further division of society.</edu>
  <edu id="e3" lang="ru" trans="promt">Фиксация арендованных цен согласно одному только рынку, однако, приведет в дальнейшее подразделение общества.</edu>
  <edu id="e3" lang="ru" trans="google">Однако фиксация цен на аренду в зависимости от рынка приведет к дальнейшему разделению общества.</edu>
  <edu id="e3" lang="ru" trans="yandex">Фиксация цен на аренду только по рыночной, однако, приведет к дальнейшему разделению общества.</edu>
  <edu id="e4" lang="en">The rich and poor live in different neighbourhoods.</edu>
  <edu id="e4" lang="ru" trans="promt">Богатые и бедные, живые в различных районах.</edu>
  <edu id="e4" lang="ru" trans="google">Богатые и бедные живут в разных районах.</edu>
  <edu id="e4" lang="ru" trans="yandex">Богатые и бедные живут в разных районах.</edu>
  <edu id="e5" lang="en">A constant increase in rent upon a change of tenants hence cannot be desired by society.</edu>
  <edu id="e5" lang="ru" trans="promt">Постоянное увеличение арендной платы на изменение арендаторов следовательно не может быть желаемо обществом.</edu>
  <edu id="e5" lang="ru" trans="google">Постоянное увеличение ренты при смене арендаторов, следовательно, не может быть желательным со стороны общества.</edu>
  <edu id="e5" lang="ru" trans="yandex">Постоянное увеличение арендной платы при смене арендаторов, следовательно, не может быть нужной обществу.</edu>
  <adu id="a1" type="pro"/>
  <adu id="a2" type="opp"/>
  <adu id="a3" type="pro"/>
  <adu id="a4" type="pro"/>
  <adu id="a5" type="pro"/>
  <edge id="c6" src="e1" trg="a1" type="seg"/>
  <edge id="c7" src="e2" trg="a2" type="seg"/>
  <edge id="c8" src="e3" trg="a3" type="seg"/>
  <edge id="c9" src="e4" trg="a4" type="seg"/>
  <edge id="c10" src="e5" trg="a5" type="seg"/>
  <edge id="c1" src="a1" trg="a5" type="sup"/>
  <edge id="c2" src="a2" trg="c1" type="und"/>
  <edge id="c3" src="a3" trg="c2" type="und"/>
  <edge id="c4" src="a4" trg="a3" type="sup"/>
</arggraph>
