<?xml version='1.0' encoding='UTF-8'?>
<arggraph id="micro_b024" topic_id="cap_rent_increases" stance="pro">
  <edu id="e1" lang="en">A stop must be put to exorbitant rents by imposing a limit on rent increases when changing residences.</edu>
  <edu id="e1" lang="ru" trans="promt">Остановка должна быть помещена в непомерные арендные платы, наложив ограничение на арендованные увеличения, изменяя места жительства.</edu>
  <edu id="e1" lang="ru" trans="google">Стоп должен быть поставлен на непомерные арендные ставки, накладывая лимит на увеличение арендной платы при смене резиденций.</edu>
  <edu id="e1" lang="ru" trans="yandex">Необходимо положить на непомерную арендную плату, накладывая ограничения на повышения арендной платы при изменении резиденции.</edu>
  <edu id="e2" lang="en">For affordable living space is scarce.</edu>
  <edu id="e2" lang="ru" trans="promt">Поскольку доступная жилая площадь недостаточна.</edu>
  <edu id="e2" lang="ru" trans="google">Для доступного жилого пространства мало.</edu>
  <edu id="e2" lang="ru" trans="yandex">Доступного жизненного пространства не хватает.</edu>
  <edu id="e3" lang="en">Besides, a higher degree of luxury (expensive flats) is not necessary for the majority of the people, but rather a flat at all.</edu>
  <edu id="e3" lang="ru" trans="promt">Кроме того, более высокая степень роскоши (дорогие плоскости) не необходима для большинства людей, а скорее плоскости вообще.</edu>
  <edu id="e3" lang="ru" trans="google">Кроме того, большая часть роскоши (дорогие квартиры) не нужна большинству людей, а скорее квартирой вообще.</edu>
  <edu id="e3" lang="ru" trans="yandex">Кроме того, более высокий уровень роскоши (дорогие квартиры) не является необходимым для большинства людей, а плоской на всех.</edu>
  <edu id="e4" lang="en">Plus everyone has to move approx. 3-10 times in his or her life,</edu>
  <edu id="e4" lang="ru" trans="promt">Плюс все должен переместиться приблизительно 3-10 раз в его или ее жизнь,</edu>
  <edu id="e4" lang="ru" trans="google">Плюс каждый должен передвигаться ок. 3-10 раз в его или ее жизни,</edu>
  <edu id="e4" lang="ru" trans="yandex">Плюс каждый должен двигаться приблизительно. 3-10 раз в своей жизни,</edu>
  <edu id="e5" lang="en">because the size of the desired accommodation changes over the course of a lifetime.</edu>
  <edu id="e5" lang="ru" trans="promt">потому что размер желаемого жилья изменяется в течение целой жизни.</edu>
  <edu id="e5" lang="ru" trans="google">потому что размер желаемого жилья меняется в течение всей жизни.</edu>
  <edu id="e5" lang="ru" trans="yandex">поскольку размер желаемых изменений проживание в течение всей жизни.</edu>
  <adu id="a1" type="pro"/>
  <adu id="a2" type="pro"/>
  <adu id="a3" type="pro"/>
  <adu id="a4" type="pro"/>
  <adu id="a5" type="pro"/>
  <edge id="c6" src="e1" trg="a1" type="seg"/>
  <edge id="c7" src="e2" trg="a2" type="seg"/>
  <edge id="c8" src="e3" trg="a3" type="seg"/>
  <edge id="c9" src="e4" trg="a4" type="seg"/>
  <edge id="c10" src="e5" trg="a5" type="seg"/>
  <edge id="c2" src="a2" trg="a1" type="sup"/>
  <edge id="c3" src="a3" trg="a1" type="sup"/>
  <edge id="c4" src="a4" trg="a1" type="sup"/>
  <edge id="c5" src="a5" trg="a4" type="sup"/>
</arggraph>
