<?xml version='1.0' encoding='UTF-8'?>
<arggraph id="micro_b012" topic_id="school_uniforms" stance="pro">
  <edu id="e1" lang="en">Some may find the idea of a school uniform anachronistic,</edu>
  <edu id="e1" lang="ru" trans="promt">Некоторые могут счесть идею школьной формы анахроничной,</edu>
  <edu id="e1" lang="ru" trans="google">Некоторые могут найти идею школьной формы анахронизмом,</edu>
  <edu id="e1" lang="ru" trans="yandex">Некоторые могут найти идею школьной формы анахронизмом,</edu>
  <edu id="e2" lang="en">or regard it as too much of an intervention into the leeway of students and parents to make decisions.</edu>
  <edu id="e2" lang="ru" trans="promt">или рассматривайте его как слишком большое вмешательства в дрейф студентов и родителей, чтобы принять решения.</edu>
  <edu id="e2" lang="ru" trans="google">или рассматривать его как слишком большую часть вмешательства в свободу учеников и родителей для принятия решений.</edu>
  <edu id="e2" lang="ru" trans="yandex">или расценивать это как слишком много вмешательства в свободу действий студентов и родителей, чтобы принимать решения.</edu>
  <edu id="e3" lang="en">Indeed, however, it's already the case today that students of apparently 'uniform-free' schools are essentially wearing a uniform consisting of certain brand-name garments.</edu>
  <edu id="e3" lang="ru" trans="promt">Действительно, однако, уже имеет место сегодня, что студенты школ 'по-видимому без униформы' по существу носят униформу, состоящую из определенных известных предметов одежды.</edu>
  <edu id="e3" lang="ru" trans="google">В самом деле, однако, уже сегодня дело в том, что учащиеся, очевидно, «бездетные» школы, по существу, носят форму, состоящую из определенных фирменных предметов одежды.</edu>
  <edu id="e3" lang="ru" trans="yandex">В действительности, однако, это уже происходит сегодня, что студенты, видимо, 'униформа-бесплатно школ, по сути, носит форму, состоящую из определенной марки одежды.</edu>
  <edu id="e4" lang="en">A simply designed practical outfit would even out the overall visual image of a school, and direct attention towards the character and achievements of the students - and not their buying power.</edu>
  <edu id="e4" lang="ru" trans="promt">Просто разработанное практическое оборудование выровняло бы полное визуальное изображение школы и обратило бы внимание к характеру и достижениям студентов - и не их покупательная способность.</edu>
  <edu id="e4" lang="ru" trans="google">Просто разработанный практический облик позволит выровнять общий визуальный образ школы и обратить непосредственное внимание на характер и достижения учеников, а не на их покупательную способность.</edu>
  <edu id="e4" lang="ru" trans="yandex">Просто предназначен практичный наряд даже из общего визуального образа школы и привлечь внимание к персонажу и достижения студентов - и не их покупательная способность.</edu>
  <adu id="a1" type="opp"/>
  <adu id="a2" type="opp"/>
  <adu id="a3" type="pro"/>
  <adu id="a4" type="pro"/>
  <edge id="c5" src="e1" trg="a1" type="seg"/>
  <edge id="c6" src="e2" trg="a2" type="seg"/>
  <edge id="c7" src="e3" trg="a3" type="seg"/>
  <edge id="c8" src="e4" trg="a4" type="seg"/>
  <edge id="c1" src="a1" trg="a4" type="reb"/>
  <edge id="c2" src="a2" trg="a4" type="reb"/>
  <edge id="c3" src="a3" trg="c2" type="und"/>
</arggraph>
