<?xml version='1.0' encoding='UTF-8'?>
<arggraph id="micro_b046" topic_id="stricter_regulation_of_intelligence_services" stance="pro">
  <edu id="e1" lang="en">Intelligence services apparently enjoy indiscriminate liberties.</edu>
  <edu id="e1" lang="ru" trans="promt">Разведывательные службы, по-видимому, обладают неразборчивыми свободами.</edu>
  <edu id="e1" lang="ru" trans="google">Службы разведки, по-видимому, пользуются неизбирательными свободами.</edu>
  <edu id="e1" lang="ru" trans="yandex">Спецслужбы, видимо, кроме огульного свобод.</edu>
  <edu id="e2" lang="en">No one can follow their activities in detail.</edu>
  <edu id="e2" lang="ru" trans="promt">Никто не может следовать за их действиями подробно.</edu>
  <edu id="e2" lang="ru" trans="google">Никто не может подробно следить за их деятельностью.</edu>
  <edu id="e2" lang="ru" trans="yandex">Никто не может следовать их деятельность подробно.</edu>
  <edu id="e3" lang="en">Of course a certain level of secrecy is the basis for the work of intelligence services.</edu>
  <edu id="e3" lang="ru" trans="promt">Конечно, определенный уровень тайны - основание для работы разведывательных служб.</edu>
  <edu id="e3" lang="ru" trans="google">Конечно, определенный уровень секретности является основой для работы разведывательных служб.</edu>
  <edu id="e3" lang="ru" trans="yandex">Конечно, определенный уровень секретности является основанием для работы спецслужб.</edu>
  <edu id="e4" lang="en">The unregulated work of the secret services, however, carries the danger of misuse of their authority.</edu>
  <edu id="e4" lang="ru" trans="promt">Нерегулируемая работа секретных служб, однако, несет опасность неправильного употребления их власти.</edu>
  <edu id="e4" lang="ru" trans="google">Однако нерегулируемая работа спецслужб несет опасность злоупотребления их полномочиями.</edu>
  <edu id="e4" lang="ru" trans="yandex">Нерегулируемая деятельность секретных служб, однако, несет в себе опасность злоупотребления своими полномочиями.</edu>
  <edu id="e5" lang="en">That's why intelligence services must be regulated in the framework of parliamentary oversight committees.</edu>
  <edu id="e5" lang="ru" trans="promt">Вот почему разведывательные службы должны быть отрегулированы в структуре комитетов по недосмотру со стороны парламента.</edu>
  <edu id="e5" lang="ru" trans="google">Вот почему разведывательные службы должны регулироваться в рамках парламентских комитетов по надзору.</edu>
  <edu id="e5" lang="ru" trans="yandex">Поэтому спецслужбы должны регулироваться в рамках парламентских комитетов по надзору.</edu>
  <adu id="a1" type="pro"/>
  <adu id="a2" type="pro"/>
  <adu id="a3" type="opp"/>
  <adu id="a4" type="pro"/>
  <adu id="a5" type="pro"/>
  <edge id="c6" src="e1" trg="a1" type="seg"/>
  <edge id="c7" src="e2" trg="a2" type="seg"/>
  <edge id="c8" src="e3" trg="a3" type="seg"/>
  <edge id="c9" src="e4" trg="a4" type="seg"/>
  <edge id="c10" src="e5" trg="a5" type="seg"/>
  <edge id="c1" src="a1" trg="a2" type="sup"/>
  <edge id="c2" src="a2" trg="a5" type="sup"/>
  <edge id="c3" src="a3" trg="c2" type="und"/>
  <edge id="c4" src="a4" trg="c3" type="und"/>
</arggraph>
