<?xml version='1.0' encoding='UTF-8'?>
<arggraph id="micro_b045" topic_id="buy_tax_evader_data_from_dubious_sources" stance="con">
  <edu id="e1" lang="en">By purchasing illegally acquired tax data of citizens, the state is not only turning itself into a felon, but it is paying criminals, too.</edu>
  <edu id="e1" lang="ru" trans="promt">Покупая незаконно приобретенные налоговые данные граждан, государство не только превращает себя в уголовника, но это платит преступникам, также.</edu>
  <edu id="e1" lang="ru" trans="google">Приобретая незаконно полученные налоговые данные граждан, государство не только превращается в преступника, но и платит преступникам.</edu>
  <edu id="e1" lang="ru" trans="yandex">Путем покупки незаконно приобрел налоговых данных граждан, государство не только превращается в уголовника, но это тоже платят мошенникам,.</edu>
  <edu id="e2" lang="en">Besides, the purchase of such CDs is unnecessary today,</edu>
  <edu id="e2" lang="ru" trans="promt">Кроме того, покупка таких CD ненужная сегодня,</edu>
  <edu id="e2" lang="ru" trans="google">Кроме того, покупка таких компакт-дисков сегодня не нужна,</edu>
  <edu id="e2" lang="ru" trans="yandex">Кроме того, покупка таких дисков-это сегодня лишнее,</edu>
  <edu id="e3" lang="en">as, due to changed terms of business, many banks urge their customers to turn themselves in.</edu>
  <edu id="e3" lang="ru" trans="promt">как, из-за измененных условий бизнеса, многие банки убеждают своих клиентов возвратить себя.</edu>
  <edu id="e3" lang="ru" trans="google">так как в связи с изменением условий ведения бизнеса многие банки призывают своих клиентов к тому, чтобы они сами себя включили.</edu>
  <edu id="e3" lang="ru" trans="yandex">как, в связи с изменившимися условиями бизнеса, многие банки призывают своих клиентов сами.</edu>
  <edu id="e4" lang="en">Acquiring CDs with tax data of tax delinquents is therefore out of the question.</edu>
  <edu id="e4" lang="ru" trans="promt">Приобретение CD с налоговыми данными налоговых преступников поэтому вне рассмотрения.</edu>
  <edu id="e4" lang="ru" trans="google">Поэтому вопрос о приобретении компакт-дисков с налоговыми данными налоговых правонарушителей не может быть и речи.</edu>
  <edu id="e4" lang="ru" trans="yandex">Приобретение компакт-дисков с налоговыми данными налоговых правонарушителей, следовательно, вопрос.</edu>
  <edu id="e5" lang="en">It is indisputable, however, that by purchasing such data the state increases the pressure on tax evaders to turn themselves in.</edu>
  <edu id="e5" lang="ru" trans="promt">Это бесспорно, однако, который, покупая такие данные государство увеличивает давление на лиц, уклоняющихся от уплаты налогов, чтобы возвратить самих.</edu>
  <edu id="e5" lang="ru" trans="google">Однако неоспоримо, что, покупая такие данные, государство усиливает давление на уклонившихся от налогов, чтобы стать самим собой.</edu>
  <edu id="e5" lang="ru" trans="yandex">Однако бесспорно, что при покупке таких данных государство усиливает давление на неплательщиков налогов, чтобы включить в себя.</edu>
  <adu id="a1" type="pro"/>
  <adu id="a2" type="pro"/>
  <adu id="a3" type="pro"/>
  <adu id="a4" type="pro"/>
  <adu id="a5" type="opp"/>
  <edge id="c6" src="e1" trg="a1" type="seg"/>
  <edge id="c7" src="e2" trg="a2" type="seg"/>
  <edge id="c8" src="e3" trg="a3" type="seg"/>
  <edge id="c9" src="e4" trg="a4" type="seg"/>
  <edge id="c10" src="e5" trg="a5" type="seg"/>
  <edge id="c1" src="a1" trg="a4" type="sup"/>
  <edge id="c2" src="a2" trg="a4" type="sup"/>
  <edge id="c3" src="a3" trg="a2" type="sup"/>
  <edge id="c5" src="a5" trg="a4" type="reb"/>
</arggraph>
