<?xml version='1.0' encoding='UTF-8'?>
<arggraph id="micro_k018" topic_id="allow_shops_to_open_on_holidays_and_sundays" stance="con">
  <edu id="e1" lang="en">Our society is in danger of overheating due to 'never clocking off'.</edu>
  <edu id="e1" lang="ru" trans="promt">Наше общество рискует перегреть из-за 'никогда отмечания время ухода с работы'.</edu>
  <edu id="e1" lang="ru" trans="google">Наше общество находится под угрозой перегрева из-за того, что «никогда не отключается».</edu>
  <edu id="e1" lang="ru" trans="yandex">Наше общество находится в опасности перегрева из-за не синхронизация выкл.</edu>
  <edu id="e2" lang="en">Even though politicians stress the Christian character of our country,</edu>
  <edu id="e2" lang="ru" trans="promt">Даже при том, что политики подчеркивают христианский характер нашей страны,</edu>
  <edu id="e2" lang="ru" trans="google">Хотя политики подчеркивают христианский характер нашей страны,</edu>
  <edu id="e2" lang="ru" trans="yandex">Хотя политиков подчеркнуть христианский характер нашей страны,</edu>
  <edu id="e3" lang="en">the last 20 years have seen the Sunday off work increasingly sacrificed to commerce.</edu>
  <edu id="e3" lang="ru" trans="promt">прошлые 20 лет видели воскресенье от работы, все больше и больше принесенной в жертву торговле.</edu>
  <edu id="e3" lang="ru" trans="google">последние 20 лет видели, что воскресная работа все больше приносится в жертву коммерции.</edu>
  <edu id="e3" lang="ru" trans="yandex">последние 20 лет видел в воскресенье на работе все чаще приносятся в жертву коммерции.</edu>
  <edu id="e4" lang="en">But after all, the purpose of having a day off is not just to make time to go to church.</edu>
  <edu id="e4" lang="ru" trans="promt">Но в конце концов, цель наличия выходного не состоит в том, чтобы только выкроить время, чтобы пойти в церковь.</edu>
  <edu id="e4" lang="ru" trans="google">Но ведь цель иметь выходной - это не просто время, чтобы пойти в церковь.</edu>
  <edu id="e4" lang="ru" trans="yandex">Но в конце концов, цель иметь выходной день не просто выкроить время, чтобы сходить в церковь.</edu>
  <edu id="e5" lang="en">Rather it should give people the chance to have a mental break.</edu>
  <edu id="e5" lang="ru" trans="promt">Скорее это должно дать людям шанс иметь умственный разрыв.</edu>
  <edu id="e5" lang="ru" trans="google">Скорее это должно дать людям шанс на умственный перерыв.</edu>
  <edu id="e5" lang="ru" trans="yandex">Скорее, она должна дать людям шанс иметь психическое расстройство.</edu>
  <edu id="e6" lang="en">That's why there ought to be one day a week when supermarkets and shopping centres stay closed.</edu>
  <edu id="e6" lang="ru" trans="promt">Вот почему должна быть однажды неделя, когда супермаркеты и торговые центры остаются закрытыми.</edu>
  <edu id="e6" lang="ru" trans="google">Вот почему должен быть один день в неделю, когда супермаркеты и торговые центры остаются закрытыми.</edu>
  <edu id="e6" lang="ru" trans="yandex">Вот почему там должен быть один день в неделю, когда супермаркеты и торговые центры закрыты.</edu>
  <adu id="a1" type="pro"/>
  <adu id="a2" type="opp"/>
  <adu id="a3" type="pro"/>
  <adu id="a4" type="pro"/>
  <adu id="a5" type="pro"/>
  <adu id="a6" type="pro"/>
  <edge id="c7" src="e1" trg="a1" type="seg"/>
  <edge id="c8" src="e2" trg="a2" type="seg"/>
  <edge id="c9" src="e3" trg="a3" type="seg"/>
  <edge id="c10" src="e4" trg="a4" type="seg"/>
  <edge id="c11" src="e5" trg="a5" type="seg"/>
  <edge id="c12" src="e6" trg="a6" type="seg"/>
  <edge id="c1" src="a1" trg="a6" type="sup"/>
  <edge id="c2" src="a2" trg="a3" type="reb"/>
  <edge id="c3" src="a3" trg="a1" type="sup"/>
  <edge id="c4" src="a4" trg="a6" type="sup"/>
  <edge id="c5" src="a5" trg="a6" type="sup"/>
</arggraph>
