<?xml version='1.0' encoding='UTF-8'?>
<arggraph id="micro_d04">
  <edu id="e1" lang="en">Anti-virus software protects the users of a computer from dangers from the internet.</edu>
  <edu id="e1" lang="ru" trans="promt">Антивирусное программное обеспечение защищает пользователей компьютера от опасностей из Интернета.</edu>
  <edu id="e1" lang="ru" trans="google">Антивирусное программное обеспечение защищает пользователей компьютера от угроз из Интернета.</edu>
  <edu id="e1" lang="ru" trans="yandex">Антивирусная программа защищает пользователей компьютера от угроз из интернета.</edu>
  <edu id="e2" lang="en">That's why everyone should have an anti-virus programme on his or her Windows machine.</edu>
  <edu id="e2" lang="ru" trans="promt">Вот почему у всех должна быть антивирусная программа на его или ее машине Windows.</edu>
  <edu id="e2" lang="ru" trans="google">Вот почему каждый должен иметь антивирусную программу на своей машине Windows.</edu>
  <edu id="e2" lang="ru" trans="yandex">Вот почему каждый должен иметь антивирусную программу на своем компьютере Windows.</edu>
  <edu id="e3" lang="en">Admittedly they do not generally prevent you from catching a virus,</edu>
  <edu id="e3" lang="ru" trans="promt">По общему признанию они обычно не препятствуют тому, чтобы Вы заразились вирусом,</edu>
  <edu id="e3" lang="ru" trans="google">По общему признанию, они обычно не мешают вам заразиться вирусом,</edu>
  <edu id="e3" lang="ru" trans="yandex">Правда, они, как правило, не мешает вам ловить вирусов,</edu>
  <edu id="e4" lang="en">since they can only react to publicly known threats.</edu>
  <edu id="e4" lang="ru" trans="promt">так как они могут только реагировать на публично известные угрозы.</edu>
  <edu id="e4" lang="ru" trans="google">поскольку они могут реагировать только на общеизвестные угрозы.</edu>
  <edu id="e4" lang="ru" trans="yandex">поскольку они могут только реагировать на публично известных угроз.</edu>
  <edu id="e5" lang="en">But once a safeguard has been found against a new virus, everyone gets it in no time through the automatic update.</edu>
  <edu id="e5" lang="ru" trans="promt">Но как только гарантия была найдена против нового вируса, все получают ее в мгновение ока посредством автоматического обновления.</edu>
  <edu id="e5" lang="ru" trans="google">Но как только защита была обнаружена против нового вируса, каждый получает это через мгновенное время через автоматическое обновление.</edu>
  <edu id="e5" lang="ru" trans="yandex">Но как только защита была против нового вируса, каждый получает его в кратчайшие сроки с помощью автоматического обновления.</edu>
  <adu id="a1" type="pro"/>
  <adu id="a2" type="pro"/>
  <adu id="a3" type="opp"/>
  <adu id="a4" type="opp"/>
  <adu id="a5" type="pro"/>
  <edge id="c6" src="e1" trg="a1" type="seg"/>
  <edge id="c7" src="e2" trg="a2" type="seg"/>
  <edge id="c8" src="e3" trg="a3" type="seg"/>
  <edge id="c9" src="e4" trg="a4" type="seg"/>
  <edge id="c10" src="e5" trg="a5" type="seg"/>
  <edge id="c1" src="a1" trg="a2" type="sup"/>
  <edge id="c3" src="a3" trg="a1" type="reb"/>
  <edge id="c4" src="a4" trg="a3" type="sup"/>
  <edge id="c5" src="a5" trg="a2" type="sup"/>
</arggraph>
