<?xml version='1.0' encoding='UTF-8'?>
<arggraph id="micro_d01">
  <edu id="e1" lang="en">Freddy and I must be siblings.</edu>
  <edu id="e1" lang="ru" trans="promt">Фредди и я должны быть родными братьями.</edu>
  <edu id="e1" lang="ru" trans="google">Фредди и я должны быть братьями и сестрами.</edu>
  <edu id="e1" lang="ru" trans="yandex">Фредди и я должны быть братьями и сестрами.</edu>
  <edu id="e2" lang="en">We both have the exact same two moles on our left arm</edu>
  <edu id="e2" lang="ru" trans="promt">У нас есть те же самые две родинки на нашей левой руке</edu>
  <edu id="e2" lang="ru" trans="google">У нас обоих есть то же самое два родинок на левой руке</edu>
  <edu id="e2" lang="ru" trans="yandex">Мы оба имеют точно такие же две родинки на левой руке</edu>
  <edu id="e3" lang="en">and you only get that with siblings.</edu>
  <edu id="e3" lang="ru" trans="promt">и Вы только получаете это с родными братьями.</edu>
  <edu id="e3" lang="ru" trans="google">и вы получите только это с братьями и сестрами.</edu>
  <edu id="e3" lang="ru" trans="yandex">и вы только что с братьями и сестрами.</edu>
  <edu id="e4" lang="en">My parents say this could also be pure coincidence.</edu>
  <edu id="e4" lang="ru" trans="promt">Мои родители говорят, что это могло также быть чистым совпадением.</edu>
  <edu id="e4" lang="ru" trans="google">Мои родители говорят, что это также может быть чистое совпадение.</edu>
  <edu id="e4" lang="ru" trans="yandex">Мои родители говорят, что это может быть чисто совпадение.</edu>
  <edu id="e5" lang="en">But that much of a coincidence is simply impossible.</edu>
  <edu id="e5" lang="ru" trans="promt">Но так большая часть совпадения просто невозможна.</edu>
  <edu id="e5" lang="ru" trans="google">Но такая совпадение просто невозможна.</edu>
  <edu id="e5" lang="ru" trans="yandex">Но что такое совпадение просто невозможно.</edu>
  <adu id="a1" type="pro"/>
  <adu id="a2" type="pro"/>
  <adu id="a3" type="pro"/>
  <adu id="a4" type="opp"/>
  <adu id="a5" type="pro"/>
  <edge id="c6" src="e1" trg="a1" type="seg"/>
  <edge id="c7" src="e2" trg="a2" type="seg"/>
  <edge id="c8" src="e3" trg="a3" type="seg"/>
  <edge id="c9" src="e4" trg="a4" type="seg"/>
  <edge id="c10" src="e5" trg="a5" type="seg"/>
  <edge id="c2" src="a2" trg="a1" type="sup"/>
  <edge id="c3" src="a3" trg="c2" type="add"/>
  <edge id="c4" src="a4" trg="a3" type="reb"/>
  <edge id="c5" src="a5" trg="a4" type="reb"/>
</arggraph>
