<?xml version='1.0' encoding='UTF-8'?>
<arggraph id="micro_k025" topic_id="introduce_capital_punishment" stance="pro">
  <edu id="e1" lang="en">Capital punishment is not a solution,</edu>
  <edu id="e1" lang="ru" trans="promt">Смертная казнь не решение,</edu>
  <edu id="e1" lang="ru" trans="google">Смертная казнь не является решением,</edu>
  <edu id="e1" lang="ru" trans="yandex">Смертная казнь-это не решение,</edu>
  <edu id="e2" lang="en">as it cannot be ruled out that the judicial process may make mistakes.</edu>
  <edu id="e2" lang="ru" trans="promt">поскольку нельзя исключить, что судебная процедура может сделать ошибки.</edu>
  <edu id="e2" lang="ru" trans="google">поскольку нельзя исключать, что судебный процесс может совершать ошибки.</edu>
  <edu id="e2" lang="ru" trans="yandex">как нельзя исключать, что судебный процесс может ошибаться.</edu>
  <edu id="e3" lang="en">Criminals should not be put in luxury prisons, though.</edu>
  <edu id="e3" lang="ru" trans="promt">Преступники не должны быть помещены в роскошные тюрьмы, все же.</edu>
  <edu id="e3" lang="ru" trans="google">Однако преступников не следует вводить в роскошные тюрьмы.</edu>
  <edu id="e3" lang="ru" trans="yandex">Преступников не следует ставить в роскошных тюрем.</edu>
  <edu id="e4" lang="en">After all there are criminals who enjoy 'living' in prison for its decent board, no taxes to be paid, no stress with work.</edu>
  <edu id="e4" lang="ru" trans="promt">В конце концов, есть преступники, которые любят 'жить' в тюрьме для его достойного правления, никакие налоги, которые будут заплачены, никакое напряжение с работой.</edu>
  <edu id="e4" lang="ru" trans="google">В конце концов, есть преступники, которым нравится «жить» в тюрьме за приличный совет, никаких налогов, которые нужно заплатить, никакого стресса с работой.</edu>
  <edu id="e4" lang="ru" trans="yandex">Ведь есть преступники, которые пользуются "живые" в тюрьме для его достойного совет, нет налогов, нет стресс с работы.</edu>
  <edu id="e5" lang="en">Still, the state needs the death penalty as a deterrent to horrific crimes.</edu>
  <edu id="e5" lang="ru" trans="promt">Однако, государству нужна смертная казнь как средство устрашения к ужасающим преступлениям.</edu>
  <edu id="e5" lang="ru" trans="google">Тем не менее, государству нужна смертная казнь в качестве сдерживающего фактора для ужасных преступлений.</edu>
  <edu id="e5" lang="ru" trans="yandex">Все-таки, государство нуждается в смертной казни в качестве сдерживающего фактора для ужасных преступлений.</edu>
  <adu id="a1" type="opp"/>
  <adu id="a2" type="opp"/>
  <adu id="a3" type="pro"/>
  <adu id="a4" type="pro"/>
  <adu id="a5" type="pro"/>
  <edge id="c6" src="e1" trg="a1" type="seg"/>
  <edge id="c7" src="e2" trg="a2" type="seg"/>
  <edge id="c8" src="e3" trg="a3" type="seg"/>
  <edge id="c9" src="e4" trg="a4" type="seg"/>
  <edge id="c10" src="e5" trg="a5" type="seg"/>
  <edge id="c1" src="a1" trg="a5" type="reb"/>
  <edge id="c2" src="a2" trg="a1" type="sup"/>
  <edge id="c3" src="a3" trg="a5" type="sup"/>
  <edge id="c4" src="a4" trg="a3" type="sup"/>
</arggraph>
