<?xml version='1.0' encoding='UTF-8'?>
<arggraph id="micro_b056" topic_id="EU_influence_on_political_events_in_Ukraine" stance="pro">
  <edu id="e1" lang="en">A violation of international law should be more than enough to consider a reaction!</edu>
  <edu id="e1" lang="ru" trans="promt">Нарушения международного права должно быть более чем достаточно, чтобы рассмотреть реакцию!</edu>
  <edu id="e1" lang="ru" trans="google">Нарушение международного права должно быть более чем достаточно, чтобы рассмотреть реакцию!</edu>
  <edu id="e1" lang="ru" trans="yandex">Нарушение международного права должно быть более чем достаточно, чтобы рассматривать реакцию!</edu>
  <edu id="e2" lang="en">Humanity has made enough mistakes throughout history by waiting too long, and when it has finally reacted, the only remaining option has usually been war.</edu>
  <edu id="e2" lang="ru" trans="promt">Человечество сделало достаточно ошибок на протяжении всей истории, ожидая слишком долго, и когда оно наконец реагировало, единственным остающимся выбором обычно была война.</edu>
  <edu id="e2" lang="ru" trans="google">Человечество допустило ошибки на протяжении всей истории, слишком долго ожидая, и когда оно наконец отреагировало, единственным оставшимся вариантом обычно была война.</edu>
  <edu id="e2" lang="ru" trans="yandex">Человечество сделало достаточно ошибок на протяжении всей истории из-за слишком долгого ожидания, и когда он, наконец, отреагировал, единственный оставшийся вариант обычно войну.</edu>
  <edu id="e3" lang="en">It's to be noted that in our civilized world, in a democratic country, the people can determine their own fate,</edu>
  <edu id="e3" lang="ru" trans="promt">Нужно отметить, что в нашем цивилизованном мире, в демократической стране, люди могут определить свою собственную судьбу,</edu>
  <edu id="e3" lang="ru" trans="google">Следует отметить, что в нашем цивилизованном мире, в демократической стране, люди могут определять свою судьбу,</edu>
  <edu id="e3" lang="ru" trans="yandex">Следует отметить, что в нашем цивилизованном мире, в демократической стране, народ может определить свою судьбу,</edu>
  <edu id="e4" lang="en">as long as the motivation of those people isn't triggered by propaganda, corruption and military pressure.</edu>
  <edu id="e4" lang="ru" trans="promt">пока мотивация тех людей не вызвана пропагандой, коррупцией и военным давлением.</edu>
  <edu id="e4" lang="ru" trans="google">пока мотивация этих людей не вызвана пропагандой, коррупцией и военным давлением.</edu>
  <edu id="e4" lang="ru" trans="yandex">пока мотивация этих людей не вызваны пропаганды, подкупа и силового давления.</edu>
  <edu id="e5" lang="en">Since, however, in Russia besides gas and oil only propaganda and corruption rule,</edu>
  <edu id="e5" lang="ru" trans="promt">С тех пор, однако, в России помимо газа и нефти только пропаганда и правило коррупции,</edu>
  <edu id="e5" lang="ru" trans="google">Поскольку, однако, в России, кроме газа и нефти, только пропаганда и коррупция,</edu>
  <edu id="e5" lang="ru" trans="yandex">Однако, поскольку в России кроме газа и нефти только пропагандой и коррупцией правило,</edu>
  <edu id="e6" lang="en">the EU should intervene right away.</edu>
  <edu id="e6" lang="ru" trans="promt">ЕС должен вмешаться сразу же.</edu>
  <edu id="e6" lang="ru" trans="google">ЕС должен немедленно вмешаться.</edu>
  <edu id="e6" lang="ru" trans="yandex">ЕС должен вмешаться немедленно.</edu>
  <adu id="a1" type="pro"/>
  <adu id="a2" type="pro"/>
  <adu id="a3" type="opp"/>
  <adu id="a4" type="pro"/>
  <adu id="a5" type="pro"/>
  <adu id="a6" type="pro"/>
  <edge id="c7" src="e1" trg="a1" type="seg"/>
  <edge id="c8" src="e2" trg="a2" type="seg"/>
  <edge id="c9" src="e3" trg="a3" type="seg"/>
  <edge id="c10" src="e4" trg="a4" type="seg"/>
  <edge id="c11" src="e5" trg="a5" type="seg"/>
  <edge id="c12" src="e6" trg="a6" type="seg"/>
  <edge id="c1" src="a1" trg="a6" type="sup"/>
  <edge id="c2" src="a2" trg="a6" type="sup"/>
  <edge id="c3" src="a3" trg="a6" type="reb"/>
  <edge id="c4" src="a4" trg="c3" type="und"/>
  <edge id="c5" src="a5" trg="a4" type="sup"/>
</arggraph>
