<?xml version='1.0' encoding='UTF-8'?>
<arggraph id="micro_k004" topic_id="allow_shops_to_open_on_holidays_and_sundays" stance="pro">
  <edu id="e1" lang="en">Supermarkets and shopping centres should be allowed to open on any Sundays and holidays.</edu>
  <edu id="e1" lang="ru" trans="promt">Супермаркетам и торговым центрам нужно разрешить открыться в любые воскресенья и праздничные дни.</edu>
  <edu id="e1" lang="ru" trans="google">Супермаркетам и торговым центрам разрешается открывать любые воскресенья и праздничные дни.</edu>
  <edu id="e1" lang="ru" trans="yandex">Супермаркеты и торговые центры должны быть разрешено по воскресеньям и праздникам.</edu>
  <edu id="e2" lang="en">This may be a change for the employees that cannot to be implemented easily.</edu>
  <edu id="e2" lang="ru" trans="promt">Это может быть изменением для сотрудников, которые не могут, чтобы быть осуществленными легко.</edu>
  <edu id="e2" lang="ru" trans="google">Это может быть изменение для сотрудников, которые не могут быть легко реализованы.</edu>
  <edu id="e2" lang="ru" trans="yandex">Это может быть изменение для сотрудников, которые не могут быть легко реализованы.</edu>
  <edu id="e3" lang="en">However, especially for working customers this would mean greater flexibility and fewer nerve-racking peak times during the week.</edu>
  <edu id="e3" lang="ru" trans="promt">Однако специально для рабочих клиентов это означало бы большую гибкость и меньше раздражающего пикового времени в течение недели.</edu>
  <edu id="e3" lang="ru" trans="google">Тем не менее, особенно для работающих клиентов, это будет означать большую гибкость и меньшее количество периодов нервной силы в течение недели.</edu>
  <edu id="e3" lang="ru" trans="yandex">Однако, особенно для работающих клиентов это означает большую гибкость и меньше нервотрепки часы пик в течение недели.</edu>
  <edu id="e4" lang="en">Considering the growing digitization of society, the traditional model of the weekend will soon be obsolete.</edu>
  <edu id="e4" lang="ru" trans="promt">Рассматривая растущую оцифровку общества, традиционная модель выходных скоро будет устаревшей.</edu>
  <edu id="e4" lang="ru" trans="google">Учитывая растущую оцифровку общества, традиционная модель выходных скоро будет устаревшей.</edu>
  <edu id="e4" lang="ru" trans="yandex">Учитывая растущее оцифровка общества, традиционные модели выходные скоро устареет.</edu>
  <edu id="e5" lang="en">Many European countries, for instance the Netherlands, Sweden and Great Britain, have already understood this and successfully adjusted the opening hours for retailers.</edu>
  <edu id="e5" lang="ru" trans="promt">Много европейских стран, например Нидерланды, Швеция и Великобритания, уже поняли это и успешно приспособили вводные часы для ритейлеров.</edu>
  <edu id="e5" lang="ru" trans="google">Многие европейские страны, например Нидерланды, Швеция и Великобритания, уже поняли это и успешно скорректировали часы работы розничных торговцев.</edu>
  <edu id="e5" lang="ru" trans="yandex">Во многих европейских странах, например, Нидерландах, Швеции и Великобритании, уже поняли это и успешно регулировать часы работы магазинов.</edu>
  <adu id="a1" type="pro"/>
  <adu id="a2" type="opp"/>
  <adu id="a3" type="pro"/>
  <adu id="a4" type="pro"/>
  <adu id="a5" type="pro"/>
  <edge id="c6" src="e1" trg="a1" type="seg"/>
  <edge id="c7" src="e2" trg="a2" type="seg"/>
  <edge id="c8" src="e3" trg="a3" type="seg"/>
  <edge id="c9" src="e4" trg="a4" type="seg"/>
  <edge id="c10" src="e5" trg="a5" type="seg"/>
  <edge id="c2" src="a2" trg="a1" type="reb"/>
  <edge id="c3" src="a3" trg="c2" type="und"/>
  <edge id="c4" src="a4" trg="a1" type="sup"/>
  <edge id="c5" src="a5" trg="a4" type="exa"/>
</arggraph>
