<?xml version='1.0' encoding='UTF-8'?>
<arggraph id="micro_d11">
  <edu id="e1" lang="en">We should go to the Baltic Sea on the weekend.</edu>
  <edu id="e1" lang="ru" trans="promt">Мы должны пойти на Балтийское море в выходные.</edu>
  <edu id="e1" lang="ru" trans="google">В выходные мы должны отправиться в Балтийское море.</edu>
  <edu id="e1" lang="ru" trans="yandex">Мы должны выйти к Балтийскому морю на выходные.</edu>
  <edu id="e2" lang="en">According to the weather report it'll be perfect beach weather,</edu>
  <edu id="e2" lang="ru" trans="promt">Согласно прогнозу погоды это будет прекрасная погода пляжа,</edu>
  <edu id="e2" lang="ru" trans="google">Согласно прогнозу погоды, это будет идеальная пляжная погода,</edu>
  <edu id="e2" lang="ru" trans="yandex">Судя по прогнозу, это будет идеальная пляжная погода,</edu>
  <edu id="e3" lang="en">and one mustn't let this go to waste,</edu>
  <edu id="e3" lang="ru" trans="promt">и не нужно позволять этому пропасть зря,</edu>
  <edu id="e3" lang="ru" trans="google">и никто не должен позволять этому идти впустую,</edu>
  <edu id="e3" lang="ru" trans="yandex">и нельзя позволить этому пропасть,</edu>
  <edu id="e4" lang="en">even if I do have to prepare a presentation for Tuesday.</edu>
  <edu id="e4" lang="ru" trans="promt">даже если я действительно должен подготовить представление в течение вторника.</edu>
  <edu id="e4" lang="ru" trans="google">даже если мне нужно подготовить презентацию во вторник.</edu>
  <edu id="e4" lang="ru" trans="yandex">даже если мне нужно подготовить презентацию на вторник.</edu>
  <edu id="e5" lang="en">Besides, I get to use my folks' big, comfy car.</edu>
  <edu id="e5" lang="ru" trans="promt">Кроме того, я добираюсь, чтобы использовать большой, удобный автомобиль моих людей.</edu>
  <edu id="e5" lang="ru" trans="google">Кроме того, я могу использовать большой, удобный автомобиль моих людей.</edu>
  <edu id="e5" lang="ru" trans="yandex">Кроме того, я буду использовать большой моих предков, удобный автомобиль.</edu>
  <adu id="a1" type="pro"/>
  <adu id="a2" type="pro"/>
  <adu id="a3" type="pro"/>
  <adu id="a4" type="opp"/>
  <adu id="a5" type="pro"/>
  <edge id="c6" src="e1" trg="a1" type="seg"/>
  <edge id="c7" src="e2" trg="a2" type="seg"/>
  <edge id="c8" src="e3" trg="a3" type="seg"/>
  <edge id="c9" src="e4" trg="a4" type="seg"/>
  <edge id="c10" src="e5" trg="a5" type="seg"/>
  <edge id="c2" src="a2" trg="a1" type="sup"/>
  <edge id="c3" src="a3" trg="c2" type="add"/>
  <edge id="c4" src="a4" trg="a1" type="reb"/>
  <edge id="c5" src="a5" trg="a1" type="sup"/>
</arggraph>
