<?xml version='1.0' encoding='UTF-8'?>
<arggraph id="micro_k002" topic_id="charge_tuition_fees" stance="pro">
  <edu id="e1" lang="en">Actually it would be justified if all German universities charged tuition fees.</edu>
  <edu id="e1" lang="ru" trans="promt">На самом деле это было бы оправдано, если бы все немецкие университеты взимали плату за обучение.</edu>
  <edu id="e1" lang="ru" trans="google">На самом деле было бы оправдано, если бы все немецкие университеты взимали плату за обучение.</edu>
  <edu id="e1" lang="ru" trans="yandex">На самом деле это было бы оправдано, если бы все немецкие университеты взимают плату за обучение.</edu>
  <edu id="e2" lang="en">As long as it is ensured that the funds really benefit the universities directly, one can continue to regard this as social justice.</edu>
  <edu id="e2" lang="ru" trans="promt">Пока это обеспечено это, фонды действительно приносят пользу университетам непосредственно, можно продолжить рассматривать это как социальную справедливость.</edu>
  <edu id="e2" lang="ru" trans="google">Пока обеспечивается, что фонды действительно приносят пользу университетам напрямую, можно продолжать рассматривать это как социальную справедливость.</edu>
  <edu id="e2" lang="ru" trans="yandex">Покуда он заверил, что средств действительно пойдет на пользу университеты напрямую, можно продолжать рассматривать это как социальную справедливость.</edu>
  <edu id="e3" lang="en">Those who study later decide this early on, anyway.</edu>
  <edu id="e3" lang="ru" trans="promt">Те, кто учится позже, решают это вначале, так или иначе.</edu>
  <edu id="e3" lang="ru" trans="google">Во всяком случае, те, кто учится позже, решают это на ранней стадии.</edu>
  <edu id="e3" lang="ru" trans="yandex">Те, кто изучает поздно, в любом случае решать это рано.</edu>
  <edu id="e4" lang="en">It's always possible to take out a student loan or to earn a scholarship.</edu>
  <edu id="e4" lang="ru" trans="promt">Всегда возможно вынуть кредит на образование или заработать стипендию.</edu>
  <edu id="e4" lang="ru" trans="google">Всегда можно взять студенческий кредит или получить стипендию.</edu>
  <edu id="e4" lang="ru" trans="yandex">Всегда можно взять студенческий кредит или заработать стипендию.</edu>
  <edu id="e5" lang="en">To oblige non-academics to finance others' degrees through taxes, however, is not just.</edu>
  <edu id="e5" lang="ru" trans="promt">Обязать неакадемиков финансировать степени других через налоги, однако, не просто.</edu>
  <edu id="e5" lang="ru" trans="google">Однако обязать не-академиков финансировать другие степени через налоги, однако, не просто.</edu>
  <edu id="e5" lang="ru" trans="yandex">Обязать ненаучной общественности для финансирования других степеней через налоги, однако, не просто.</edu>
  <adu id="a1" type="pro"/>
  <adu id="a2" type="pro"/>
  <adu id="a3" type="pro"/>
  <adu id="a4" type="pro"/>
  <adu id="a5" type="pro"/>
  <edge id="c6" src="e1" trg="a1" type="seg"/>
  <edge id="c7" src="e2" trg="a2" type="seg"/>
  <edge id="c8" src="e3" trg="a3" type="seg"/>
  <edge id="c9" src="e4" trg="a4" type="seg"/>
  <edge id="c10" src="e5" trg="a5" type="seg"/>
  <edge id="c2" src="a2" trg="a1" type="sup"/>
  <edge id="c3" src="a3" trg="a1" type="sup"/>
  <edge id="c4" src="a4" trg="a1" type="sup"/>
  <edge id="c5" src="a5" trg="a1" type="sup"/>
</arggraph>
