<?xml version='1.0' encoding='UTF-8'?>
<arggraph id="micro_d05">
  <edu id="e1" lang="en">Today I will delete my Facebook account.</edu>
  <edu id="e1" lang="ru" trans="promt">Сегодня я удалю свой аккаунт в Facebook.</edu>
  <edu id="e1" lang="ru" trans="google">Сегодня я удалю свою учетную запись на Facebook.</edu>
  <edu id="e1" lang="ru" trans="yandex">Сегодня я буду удалять мой аккаунт Facebook.</edu>
  <edu id="e2" lang="en">Not only because I'm constantly astonished about who wants to be my friend.</edu>
  <edu id="e2" lang="ru" trans="promt">Не только потому, что я постоянно удивляюсь о том, кто хочет быть моим другом.</edu>
  <edu id="e2" lang="ru" trans="google">Не только потому, что я постоянно удивляюсь, кто хочет быть моим другом.</edu>
  <edu id="e2" lang="ru" trans="yandex">Не только потому, что я постоянно удивляясь, кто хочет быть моим другом.</edu>
  <edu id="e3" lang="en">I'm also tired of my data boosting the market value of that corporation.</edu>
  <edu id="e3" lang="ru" trans="promt">Я также устал от своих данных, повышающих рыночную стоимость той корпорации.</edu>
  <edu id="e3" lang="ru" trans="google">Я тоже устал от своих данных, повышающих рыночную стоимость этой корпорации.</edu>
  <edu id="e3" lang="ru" trans="yandex">Я тоже устал от моих данных повышение рыночной стоимости этой корпорации.</edu>
  <edu id="e4" lang="en">Facebook warns me emphatically that I may lose contact with my friends.</edu>
  <edu id="e4" lang="ru" trans="promt">Facebook предупреждает меня решительно, что я могу потерять контакт со своими друзьями.</edu>
  <edu id="e4" lang="ru" trans="google">Facebook предупреждает меня решительно, что я могу потерять контакт с моими друзьями.</edu>
  <edu id="e4" lang="ru" trans="yandex">Facebook предупреждает меня настойчиво, что я могу потерять контакт с моими друзьями.</edu>
  <edu id="e5" lang="en">And yet now I'll actually have all the more time for them.</edu>
  <edu id="e5" lang="ru" trans="promt">И все же теперь у меня на самом деле будет весь большим количеством времени для них.</edu>
  <edu id="e5" lang="ru" trans="google">И все же теперь у меня будет больше времени для них.</edu>
  <edu id="e5" lang="ru" trans="yandex">И еще теперь я на самом деле иметь все больше времени для них.</edu>
  <adu id="a1" type="pro"/>
  <adu id="a2" type="pro"/>
  <adu id="a3" type="pro"/>
  <adu id="a4" type="opp"/>
  <adu id="a5" type="pro"/>
  <edge id="c6" src="e1" trg="a1" type="seg"/>
  <edge id="c7" src="e2" trg="a2" type="seg"/>
  <edge id="c8" src="e3" trg="a3" type="seg"/>
  <edge id="c9" src="e4" trg="a4" type="seg"/>
  <edge id="c10" src="e5" trg="a5" type="seg"/>
  <edge id="c2" src="a2" trg="a1" type="sup"/>
  <edge id="c3" src="a3" trg="a1" type="sup"/>
  <edge id="c4" src="a4" trg="a1" type="reb"/>
  <edge id="c5" src="a5" trg="a4" type="reb"/>
</arggraph>
