<?xml version='1.0' encoding='UTF-8'?>
<arggraph id="micro_k008" topic_id="higher_dog_poo_fines" stance="pro">
  <edu id="e1" lang="en">If there were higher fines for leaving dog dirt on pavements, there would presumably be less dog dirt,</edu>
  <edu id="e1" lang="ru" trans="promt">Если бы были более высокие штрафы за отъезд грязи собаки на мостовых, по-видимому, было бы меньше грязи собаки,</edu>
  <edu id="e1" lang="ru" trans="google">Если бы были более высокие штрафы за уход на собачьей грязи на тротуарах, вероятно, было бы меньше грязи для собак,</edu>
  <edu id="e1" lang="ru" trans="yandex">Если бы были более высокие штрафы за оставленный грязью на тротуарах, там, вероятно, будет меньше грязи собака,</edu>
  <edu id="e2" lang="en">which in turn would result in generally clean pavements.</edu>
  <edu id="e2" lang="ru" trans="promt">который в свою очередь привел бы к вообще чистым мостовым.</edu>
  <edu id="e2" lang="ru" trans="google">что, в свою очередь, приведет к обычно чистым дорожным покрытиям.</edu>
  <edu id="e2" lang="ru" trans="yandex">что в свою очередь приведет в целом чистые тротуары.</edu>
  <edu id="e3" lang="en">Higher fines may not be ideal, particularly for financially weaker individuals,</edu>
  <edu id="e3" lang="ru" trans="promt">Более высокие штрафы могут не быть идеальными, особенно для в финансовом отношении более слабых людей,</edu>
  <edu id="e3" lang="ru" trans="google">Более высокие штрафы могут быть не идеальными, особенно для более слабых людей,</edu>
  <edu id="e3" lang="ru" trans="yandex">Повышение штрафов не может быть идеальным, особенно для финансово слабых лиц,</edu>
  <edu id="e4" lang="en">but cleaning up after their dogs does happen to be the obligation of the owners.</edu>
  <edu id="e4" lang="ru" trans="promt">но чистка после их собак, действительно оказывается, обязательство владельцев.</edu>
  <edu id="e4" lang="ru" trans="google">но очистка после того, как их собаки действительно являются обязанностью владельцев.</edu>
  <edu id="e4" lang="ru" trans="yandex">но убирать за своими собаками случится быть обязанностью владельцев.</edu>
  <adu id="a1" type="pro"/>
  <adu id="a2" type="pro"/>
  <adu id="a3" type="opp"/>
  <adu id="a4" type="pro"/>
  <edge id="c5" src="e1" trg="a1" type="seg"/>
  <edge id="c6" src="e2" trg="a2" type="seg"/>
  <edge id="c7" src="e3" trg="a3" type="seg"/>
  <edge id="c8" src="e4" trg="a4" type="seg"/>
  <edge id="c2" src="a2" trg="a1" type="sup"/>
  <edge id="c3" src="a3" trg="a1" type="reb"/>
  <edge id="c4" src="a4" trg="c3" type="und"/>
</arggraph>
