<?xml version='1.0' encoding='UTF-8'?>
<arggraph id="micro_b029" topic_id="public_broadcasting_fees_on_demand" stance="con">
  <edu id="e1" lang="en">The TV/radio licence fee can only be required of all citizens/households equally.</edu>
  <edu id="e1" lang="ru" trans="promt">Лицензионный сбор ТВ/радио может только требоваться всех граждан/домашних хозяйств одинаково.</edu>
  <edu id="e1" lang="ru" trans="google">Плата за ТВ / радио может требоваться только от всех граждан / домашних хозяйств в равной степени.</edu>
  <edu id="e1" lang="ru" trans="yandex">ТВ/радио-лицензии может только быть обязательным для всех граждан/семей в равной степени.</edu>
  <edu id="e2" lang="en">Critics point out that they are not using what's on offer by public broadcasting.</edu>
  <edu id="e2" lang="ru" trans="promt">Критики указывают, что не используют то, что предлагается общественным телерадиовещанием.</edu>
  <edu id="e2" lang="ru" trans="google">Критики отмечают, что они не используют то, что предлагается общественным радиовещанием.</edu>
  <edu id="e2" lang="ru" trans="yandex">Критики отмечают, что они не используют то, что на предложение Общественного вещания.</edu>
  <edu id="e3" lang="en">I do doubt that there is anyone who has never at least indirectly watched the programming of the public broadcasters.</edu>
  <edu id="e3" lang="ru" trans="promt">Я действительно сомневаюсь, что есть любой, кто, по крайней мере, косвенно никогда не следил за программированием общественных вещательных компаний.</edu>
  <edu id="e3" lang="ru" trans="google">Я сомневаюсь, что есть люди, которые никогда, по крайней мере, не косвенно наблюдали за программированием общественных вещателей.</edu>
  <edu id="e3" lang="ru" trans="yandex">Я вообще сомневаюсь, что есть кто-то, никогда, по крайней мере, косвенно смотрел программирования общественного вещания.</edu>
  <edu id="e4" lang="en">However, it is impossible to monitor this and collect more customized fees.</edu>
  <edu id="e4" lang="ru" trans="promt">Однако невозможно контролировать это и взимать более настроенную плату.</edu>
  <edu id="e4" lang="ru" trans="google">Тем не менее, невозможно контролировать это и собирать более индивидуальные сборы.</edu>
  <edu id="e4" lang="ru" trans="yandex">Однако, невозможно следить за этим и собрать более индивидуальные сборы.</edu>
  <edu id="e5" lang="en">Just as with other choices in culture or infrastructure, public broadcasters are also to be financed, regardless of whether individuals make use of their programming or not.</edu>
  <edu id="e5" lang="ru" trans="promt">Так же, как с другим выбором в культуре или инфраструктуре, общественные вещательные компании должны также быть финансированы, независимо от того, используют ли люди свое программирование или нет.</edu>
  <edu id="e5" lang="ru" trans="google">Как и в случае с другими вариантами в культуре или инфраструктуре, общественные вещатели также должны финансироваться независимо от того, используют ли люди их программирование или нет.</edu>
  <edu id="e5" lang="ru" trans="yandex">Как и в случае с другими вариантами в культуре или инфраструктуры, общественные вещатели также будет финансироваться независимо от людей используют их программирования или нет.</edu>
  <adu id="a1" type="pro"/>
  <adu id="a2" type="opp"/>
  <adu id="a3" type="pro"/>
  <adu id="a4" type="pro"/>
  <adu id="a5" type="pro"/>
  <edge id="c6" src="e1" trg="a1" type="seg"/>
  <edge id="c7" src="e2" trg="a2" type="seg"/>
  <edge id="c8" src="e3" trg="a3" type="seg"/>
  <edge id="c9" src="e4" trg="a4" type="seg"/>
  <edge id="c10" src="e5" trg="a5" type="seg"/>
  <edge id="c2" src="a2" trg="a1" type="reb"/>
  <edge id="c3" src="a3" trg="a2" type="reb"/>
  <edge id="c4" src="a4" trg="c2" type="und"/>
  <edge id="c5" src="a5" trg="a1" type="sup"/>
</arggraph>
