<?xml version='1.0' encoding='UTF-8'?>
<arggraph id="micro_b022" topic_id="keep_retirement_at_63" stance="con">
  <edu id="e1" lang="en">No, the retirement age should be raised to 65 again.</edu>
  <edu id="e1" lang="ru" trans="promt">Нет, пенсионный возраст должен быть поднят до 65 снова.</edu>
  <edu id="e1" lang="ru" trans="google">Нет, возраст выхода на пенсию должен быть увеличен до 65 раз.</edu>
  <edu id="e1" lang="ru" trans="yandex">Нет, пенсионный возраст должен быть снова поднят до 65.</edu>
  <edu id="e2" lang="en">People are getting older on average,</edu>
  <edu id="e2" lang="ru" trans="promt">Люди становятся старше в среднем,</edu>
  <edu id="e2" lang="ru" trans="google">Люди становятся старше в среднем,</edu>
  <edu id="e2" lang="ru" trans="yandex">Люди стареют в среднем</edu>
  <edu id="e3" lang="en">but they are not sicker and not duller because of it.</edu>
  <edu id="e3" lang="ru" trans="promt">но они не более больны и не более унылы из-за него.</edu>
  <edu id="e3" lang="ru" trans="google">но они не хуже и не скучнее из-за этого.</edu>
  <edu id="e3" lang="ru" trans="yandex">но они не хуже и не скучнее из-за этого.</edu>
  <edu id="e4" lang="en">Without them we'd forgo a great deal of collected experience.</edu>
  <edu id="e4" lang="ru" trans="promt">Без них мы воздержались бы от большого собранного опыта.</edu>
  <edu id="e4" lang="ru" trans="google">Без них мы бы отказались от большого количества накопленного опыта.</edu>
  <edu id="e4" lang="ru" trans="yandex">Без них мы бы отказались от большой накопленный опыт.</edu>
  <edu id="e5" lang="en">And we'd have to offer more leisure activities for seniors.</edu>
  <edu id="e5" lang="ru" trans="promt">И мы должны были бы предложить больше деятельностей в свободное от работы время для старших.</edu>
  <edu id="e5" lang="ru" trans="google">И мы должны были бы предложить больше развлечений для пожилых людей.</edu>
  <edu id="e5" lang="ru" trans="yandex">И мы должны предложить больше досуга для пожилых людей.</edu>
  <adu id="a1" type="pro"/>
  <adu id="a2" type="opp"/>
  <adu id="a3" type="pro"/>
  <adu id="a4" type="pro"/>
  <adu id="a5" type="pro"/>
  <edge id="c6" src="e1" trg="a1" type="seg"/>
  <edge id="c7" src="e2" trg="a2" type="seg"/>
  <edge id="c8" src="e3" trg="a3" type="seg"/>
  <edge id="c9" src="e4" trg="a4" type="seg"/>
  <edge id="c10" src="e5" trg="a5" type="seg"/>
  <edge id="c2" src="a2" trg="c3" type="und"/>
  <edge id="c3" src="a3" trg="a1" type="sup"/>
  <edge id="c4" src="a4" trg="a1" type="sup"/>
  <edge id="c5" src="a5" trg="a1" type="sup"/>
</arggraph>
