<?xml version='1.0' encoding='UTF-8'?>
<arggraph id="micro_d06">
  <edu id="e1" lang="en">Peter should close his snack bar as soon as possible.</edu>
  <edu id="e1" lang="ru" trans="promt">Питер должен закрыть свою закусочную как можно скорее.</edu>
  <edu id="e1" lang="ru" trans="google">Питер должен как можно скорее закрыть свою закусочную.</edu>
  <edu id="e1" lang="ru" trans="yandex">Питер должен закрыть свой снэк бар как можно скорее.</edu>
  <edu id="e2" lang="en">Pricing pressures are just too high,</edu>
  <edu id="e2" lang="ru" trans="promt">Давления оценки просто слишком высоки,</edu>
  <edu id="e2" lang="ru" trans="google">Давление цен слишком велико,</edu>
  <edu id="e2" lang="ru" trans="yandex">Ценовое давление слишком высокое,</edu>
  <edu id="e3" lang="en">and his pool of customers is shrinking constantly.</edu>
  <edu id="e3" lang="ru" trans="promt">и его объединение клиентов сжимается постоянно.</edu>
  <edu id="e3" lang="ru" trans="google">и его пул клиентов постоянно сокращается.</edu>
  <edu id="e3" lang="ru" trans="yandex">и его пул клиентов, постоянно сокращаются.</edu>
  <edu id="e4" lang="en">Of course he could do another big ad campaign,</edu>
  <edu id="e4" lang="ru" trans="promt">Конечно, он мог сделать другую большую рекламную кампанию,</edu>
  <edu id="e4" lang="ru" trans="google">Конечно, он мог сделать еще одну большую рекламную кампанию,</edu>
  <edu id="e4" lang="ru" trans="yandex">Конечно, он мог бы сделать еще один большой рекламной кампании,</edu>
  <edu id="e5" lang="en">but that won't do the trick if the whole neighbourhood is going down the drain in the end.</edu>
  <edu id="e5" lang="ru" trans="promt">но так не пойдет уловка, если целый район идет коту под хвост в конце.</edu>
  <edu id="e5" lang="ru" trans="google">но это не будет делать трюк, если в конце концов все окрестности спустится вниз.</edu>
  <edu id="e5" lang="ru" trans="yandex">но это не сделать трюк, если весь район будет насмарку в итоге.</edu>
  <adu id="a1" type="pro"/>
  <adu id="a2" type="pro"/>
  <adu id="a3" type="pro"/>
  <adu id="a4" type="opp"/>
  <adu id="a5" type="pro"/>
  <edge id="c6" src="e1" trg="a1" type="seg"/>
  <edge id="c7" src="e2" trg="a2" type="seg"/>
  <edge id="c8" src="e3" trg="a3" type="seg"/>
  <edge id="c9" src="e4" trg="a4" type="seg"/>
  <edge id="c10" src="e5" trg="a5" type="seg"/>
  <edge id="c2" src="a2" trg="a1" type="sup"/>
  <edge id="c3" src="a3" trg="a1" type="sup"/>
  <edge id="c4" src="a4" trg="c3" type="und"/>
  <edge id="c5" src="a5" trg="c4" type="und"/>
</arggraph>
