<?xml version='1.0' encoding='UTF-8'?>
<arggraph id="micro_k001" topic_id="public_broadcasting_fees_on_demand" stance="pro">
  <edu id="e1" lang="en">Not everyone should be obliged to pay the TV &amp; radio licence.</edu>
  <edu id="e1" lang="ru" trans="promt">Не все должны быть обязаны заплатить ТВ &amp; радио-лицензию.</edu>
  <edu id="e1" lang="ru" trans="google">Не все должны платить лицензию на ТВ и радио.</edu>
  <edu id="e1" lang="ru" trans="yandex">Не все должны быть обязаны платить по телевидению и радио лицензии.</edu>
  <edu id="e2" lang="en">Particularly the younger generations are no longer dependent on the programming of public broadcasters.</edu>
  <edu id="e2" lang="ru" trans="promt">Особенно молодые поколения больше не зависят от программирования общественных вещательных компаний.</edu>
  <edu id="e2" lang="ru" trans="google">В частности, молодые поколения больше не зависят от программирования общественных вещателей.</edu>
  <edu id="e2" lang="ru" trans="yandex">Особенно молодое поколение больше не зависят от программ общественных вещателей.</edu>
  <edu id="e3" lang="en">US series are preferred over вЂњTatortвЂќ,</edu>
  <edu id="e3" lang="ru" trans="promt">Американские ряды предпочтены по вЂњTatortвЂќ,</edu>
  <edu id="e3" lang="ru" trans="google">США предпочитают более «Таторт»,</edu>
  <edu id="e3" lang="ru" trans="yandex">Серии нам предпочтительнее вЂњTatortвЂќ,</edu>
  <edu id="e4" lang="en">and online magazines are turned to instead of the вЂњTagesthemenвЂќ.</edu>
  <edu id="e4" lang="ru" trans="promt">и электронные журналы превращены к вместо вЂњTagesthemenвЂќ.</edu>
  <edu id="e4" lang="ru" trans="google">и онлайн-журналы превращаются вместо «тагестименов».</edu>
  <edu id="e4" lang="ru" trans="yandex">и онлайн журналы обратились к вместо вЂњTagesthemenвЂќ.</edu>
  <edu id="e5" lang="en">The TV &amp; radio licence enables economically independent journalism.</edu>
  <edu id="e5" lang="ru" trans="promt">ТВ &amp; радио-лицензия позволяют экономически независимую журналистику.</edu>
  <edu id="e5" lang="ru" trans="google">Лицензия на ТВ и радио позволяет экономически независимую журналистику.</edu>
  <edu id="e5" lang="ru" trans="yandex">По телевидению и радио лицензии позволяет экономически независимой журналистики.</edu>
  <edu id="e6" lang="en">But as long as the licence payers have no say in the distribution of the funds, the fee quite rightly annoys them.</edu>
  <edu id="e6" lang="ru" trans="promt">Но, пока у плательщиков лицензии есть право голоса в распределении фондов, сбор вполне справедливо раздражает их.</edu>
  <edu id="e6" lang="ru" trans="google">Но до тех пор, пока плательщики лицензий не имеют права голоса в распределении средств, плата совершенно справедливо их раздражает.</edu>
  <edu id="e6" lang="ru" trans="yandex">Но пока у налогоплательщиков нет права вмешиваться в распределение средств, комиссия вполне справедливо раздражает их.</edu>
  <adu id="a1" type="pro"/>
  <adu id="a2" type="pro"/>
  <adu id="a3" type="pro"/>
  <adu id="a4" type="pro"/>
  <adu id="a5" type="opp"/>
  <adu id="a6" type="pro"/>
  <edge id="c6" src="e1" trg="a1" type="seg"/>
  <edge id="c7" src="e2" trg="a2" type="seg"/>
  <edge id="c8" src="e3" trg="a3" type="seg"/>
  <edge id="c9" src="e4" trg="a4" type="seg"/>
  <edge id="c10" src="e5" trg="a5" type="seg"/>
  <edge id="c11" src="e6" trg="a6" type="seg"/>
  <edge id="c1" src="a2" trg="a1" type="sup"/>
  <edge id="c2" src="a3" trg="a2" type="sup"/>
  <edge id="c3" src="a4" trg="a2" type="sup"/>
  <edge id="c4" src="a5" trg="a1" type="reb"/>
  <edge id="c5" src="a6" trg="c4" type="und"/>
</arggraph>
