<?xml version='1.0' encoding='UTF-8'?>
<arggraph id="micro_b028" topic_id="charge_tuition_fees" stance="con">
  <edu id="e1" lang="en">The universities in Germany should not under any circumstances charge tuition fees.</edu>
  <edu id="e1" lang="ru" trans="promt">Университеты в Германии должны ни при каких обстоятельствах взимать плату за обучение.</edu>
  <edu id="e1" lang="ru" trans="google">Университеты Германии не должны ни при каких условиях взимать плату за обучение.</edu>
  <edu id="e1" lang="ru" trans="yandex">Университеты в Германии ни при каких обстоятельствах не взимает плату за обучение.</edu>
  <edu id="e2" lang="en">This would impede or prevent access to those who are financially weaker.</edu>
  <edu id="e2" lang="ru" trans="promt">Это препятствовало бы или предотвратило бы доступ к тем, кто в финансовом отношении более слаб.</edu>
  <edu id="e2" lang="ru" trans="google">Это будет препятствовать или препятствовать доступу к финансово слабым.</edu>
  <edu id="e2" lang="ru" trans="yandex">Это будет препятствовать или предотвратить доступ к те, кто финансово слабее.</edu>
  <edu id="e3" lang="en">The anticipated objectives of tuition fees can be achieved by other means.</edu>
  <edu id="e3" lang="ru" trans="promt">Ожидаемые цели платы за обучение могут быть достигнуты другими средствами.</edu>
  <edu id="e3" lang="ru" trans="google">Ожидаемые цели платы за обучение могут быть достигнуты другими способами.</edu>
  <edu id="e3" lang="ru" trans="yandex">Ожидаемые цели обучения могут быть достигнуты другими средствами.</edu>
  <edu id="e4" lang="en">There are other instruments to motivate tighter discipline while studying.</edu>
  <edu id="e4" lang="ru" trans="promt">Есть другие инструменты, чтобы мотивировать более трудную дисциплину, учась.</edu>
  <edu id="e4" lang="ru" trans="google">Существуют и другие инструменты для мотивации более жесткой дисциплины во время учебы.</edu>
  <edu id="e4" lang="ru" trans="yandex">Есть и другие инструменты, чтобы мотивировать ужесточение дисциплины во время учебы.</edu>
  <edu id="e5" lang="en">And funding-wise it ought to be considered how costs incurred by students from other (federal) states can be reimbursed.</edu>
  <edu id="e5" lang="ru" trans="promt">И мудрый финансированием нужно считать, как могут быть возмещены затраты, понесенные студентами из других (федеральных) государств.</edu>
  <edu id="e5" lang="ru" trans="google">И по финансовым соображениям следует учитывать, как расходы, понесенные учащимися из других (федеральных) государств, могут быть возмещены.</edu>
  <edu id="e5" lang="ru" trans="yandex">И финансирование-мудрый это должно рассматриваться как расходы, понесенные студентов из других (федеральных) государств могут быть возмещены.</edu>
  <adu id="a1" type="pro"/>
  <adu id="a2" type="pro"/>
  <adu id="a3" type="pro"/>
  <adu id="a4" type="pro"/>
  <adu id="a5" type="pro"/>
  <edge id="c6" src="e1" trg="a1" type="seg"/>
  <edge id="c7" src="e2" trg="a2" type="seg"/>
  <edge id="c8" src="e3" trg="a3" type="seg"/>
  <edge id="c9" src="e4" trg="a4" type="seg"/>
  <edge id="c10" src="e5" trg="a5" type="seg"/>
  <edge id="c2" src="a2" trg="a1" type="sup"/>
  <edge id="c3" src="a3" trg="a1" type="sup"/>
  <edge id="c4" src="a4" trg="a3" type="sup"/>
  <edge id="c5" src="a5" trg="a3" type="sup"/>
</arggraph>
