<?xml version='1.0' encoding='UTF-8'?>
<arggraph id="micro_b038" topic_id="school_uniforms" stance="pro">
  <edu id="e1" lang="en">School uniforms should be introduced in our schools again.</edu>
  <edu id="e1" lang="ru" trans="promt">Школьная форма должна быть введена в наших школах снова.</edu>
  <edu id="e1" lang="ru" trans="google">Школьная форма должна быть введена в наши школы снова.</edu>
  <edu id="e1" lang="ru" trans="yandex">Школьная форма должна быть снова введена в наших школах.</edu>
  <edu id="e2" lang="en">This provides an at least superficial equalization in our heavily economically oriented society,</edu>
  <edu id="e2" lang="ru" trans="promt">Это обеспечивает, по крайней мере, поверхностное уравнивание в нашем в большой степени экономно ориентированном обществе,</edu>
  <edu id="e2" lang="ru" trans="google">Это обеспечивает по крайней мере поверхностное выравнивание в нашем сильно экономически ориентированном обществе,</edu>
  <edu id="e2" lang="ru" trans="yandex">Это дает хотя бы поверхностное выравнивание в нашем сильно экономически ориентированного общества,</edu>
  <edu id="e3" lang="en">which may reduce discrimination of financially and/or socially disadvantaged children.</edu>
  <edu id="e3" lang="ru" trans="promt">который может уменьшить дискриминацию в финансовом отношении и/или социально незащищенные дети.</edu>
  <edu id="e3" lang="ru" trans="google">что может уменьшить дискриминацию детей, находящихся в финансовом и / или социально неблагоприятном положении.</edu>
  <edu id="e3" lang="ru" trans="yandex">что может привести к уменьшению дискриминации финансово и/или социально незащищенных детей.</edu>
  <edu id="e4" lang="en">Furthermore, it would facilitate the finding of truants, who may wish to get away with fewer classes at school.</edu>
  <edu id="e4" lang="ru" trans="promt">Кроме того, это облегчило бы открытие сачков, которые могут хотеть сойти с рук меньше классов в школе.</edu>
  <edu id="e4" lang="ru" trans="google">Кроме того, это облегчило бы поиск прогульщиков, которые, возможно, захотят уйти с меньшим количеством занятий в школе.</edu>
  <edu id="e4" lang="ru" trans="yandex">Кроме того, это облегчило бы нахождение прогульщиков, которые пожелают уйти с меньшим количеством классов в школе.</edu>
  <edu id="e5" lang="en">Uniforms always and immediately provoke fear of losing one's individuality</edu>
  <edu id="e5" lang="ru" trans="promt">Униформа всегда и немедленно вызывает страх перед потерей индивидуальности</edu>
  <edu id="e5" lang="ru" trans="google">Униформа всегда и сразу вызывает боязнь потерять свою индивидуальность</edu>
  <edu id="e5" lang="ru" trans="yandex">Униформа всегда и сразу провоцировать страх потерять свою индивидуальность</edu>
  <edu id="e6" lang="en">but what's really lacking in schools today is rather a real sense of community, which would possibly be strengthened by an equal, collective appearance.</edu>
  <edu id="e6" lang="ru" trans="promt">но чему действительно недостает школ, сегодня скорее реальное чувство принадлежности к коллективу, которое было бы возможно усилено равным, коллективным появлением.</edu>
  <edu id="e6" lang="ru" trans="google">но то, чего сегодня не хватает в школах, скорее представляет собой реальное чувство общности, которое, возможно, будет усилено равным, коллективным внешним видом.</edu>
  <edu id="e6" lang="ru" trans="yandex">но что действительно не хватает в школах сегодня, а реальное чувство сообщества, которое, возможно, будет усилена равных, коллективный вид.</edu>
  <adu id="a1" type="pro"/>
  <adu id="a2" type="pro"/>
  <adu id="a3" type="pro"/>
  <adu id="a4" type="pro"/>
  <adu id="a5" type="opp"/>
  <adu id="a6" type="pro"/>
  <edge id="c7" src="e1" trg="a1" type="seg"/>
  <edge id="c8" src="e2" trg="a2" type="seg"/>
  <edge id="c9" src="e3" trg="a3" type="seg"/>
  <edge id="c10" src="e4" trg="a4" type="seg"/>
  <edge id="c11" src="e5" trg="a5" type="seg"/>
  <edge id="c12" src="e6" trg="a6" type="seg"/>
  <edge id="c2" src="a2" trg="a3" type="sup"/>
  <edge id="c3" src="a3" trg="a1" type="sup"/>
  <edge id="c4" src="a4" trg="a1" type="sup"/>
  <edge id="c5" src="a5" trg="a1" type="reb"/>
  <edge id="c6" src="a6" trg="c5" type="und"/>
</arggraph>
