<?xml version='1.0' encoding='UTF-8'?>
<arggraph id="micro_d03">
  <edu id="e1" lang="en">It was clearly a mistake to include Tom in our football team.</edu>
  <edu id="e1" lang="ru" trans="promt">Это была ясно ошибка включать Тома в нашу футбольную команду.</edu>
  <edu id="e1" lang="ru" trans="google">Было явно ошибкой включать Тома в нашу футбольную команду.</edu>
  <edu id="e1" lang="ru" trans="yandex">Это было явной ошибкой включить том в нашей футбольной команде.</edu>
  <edu id="e2" lang="en">He's just not a team player, and often goes it alone.</edu>
  <edu id="e2" lang="ru" trans="promt">Он - просто не командный игрок, и часто действует в одиночку.</edu>
  <edu id="e2" lang="ru" trans="google">Он просто не игрок команды, и часто идет один.</edu>
  <edu id="e2" lang="ru" trans="yandex">Он просто не командный игрок, и часто ходит в одиночку.</edu>
  <edu id="e3" lang="en">Plus he comes to training way too rarely,</edu>
  <edu id="e3" lang="ru" trans="promt">Плюс он приходит к обучению слишком редко,</edu>
  <edu id="e3" lang="ru" trans="google">Плюс он слишком редко приходит к тренировкам,</edu>
  <edu id="e3" lang="ru" trans="yandex">Плюс он идет на тренировку слишком редко,</edu>
  <edu id="e4" lang="en">although he plays very well without training.</edu>
  <edu id="e4" lang="ru" trans="promt">хотя он играет очень хорошо без обучения.</edu>
  <edu id="e4" lang="ru" trans="google">хотя он отлично играет без обучения.</edu>
  <edu id="e4" lang="ru" trans="yandex">хотя он очень хорошо играет без подготовки.</edu>
  <edu id="e5" lang="en">But the worst thing is his habit of always complaining to the referee.</edu>
  <edu id="e5" lang="ru" trans="promt">Но худшая вещь - его привычка к всегда жалобе рефери.</edu>
  <edu id="e5" lang="ru" trans="google">Но самое худшее - его привычка всегда жаловаться на рефери.</edu>
  <edu id="e5" lang="ru" trans="yandex">Но самое страшное-это его привычка всегда жаловаться судье.</edu>
  <adu id="a1" type="pro"/>
  <adu id="a2" type="pro"/>
  <adu id="a3" type="pro"/>
  <adu id="a4" type="opp"/>
  <adu id="a5" type="pro"/>
  <edge id="c6" src="e1" trg="a1" type="seg"/>
  <edge id="c7" src="e2" trg="a2" type="seg"/>
  <edge id="c8" src="e3" trg="a3" type="seg"/>
  <edge id="c9" src="e4" trg="a4" type="seg"/>
  <edge id="c10" src="e5" trg="a5" type="seg"/>
  <edge id="c2" src="a2" trg="a1" type="sup"/>
  <edge id="c3" src="a3" trg="a1" type="sup"/>
  <edge id="c4" src="a4" trg="c3" type="und"/>
  <edge id="c5" src="a5" trg="a1" type="sup"/>
</arggraph>
