<?xml version='1.0' encoding='UTF-8'?>
<arggraph id="micro_k017" topic_id="keep_retirement_at_63" stance="con">
  <edu id="e1" lang="en">The implementation of retirement at 63 is no longer socially sustainable,</edu>
  <edu id="e1" lang="ru" trans="promt">Внедрение пенсии в 63 больше не социально стабильно,</edu>
  <edu id="e1" lang="ru" trans="google">Реализация пенсионного возраста на уровне 63 уже не является социально устойчивой,</edu>
  <edu id="e1" lang="ru" trans="yandex">Осуществление выхода на пенсию в 63 уже не социально устойчивым,</edu>
  <edu id="e2" lang="en">as the population in Germany has, viewed demographically, a disproportionate number of old people,</edu>
  <edu id="e2" lang="ru" trans="promt">поскольку население в Германии имеет, рассматриваемый демографически, непропорциональное число стариков,</edu>
  <edu id="e2" lang="ru" trans="google">поскольку население в Германии, рассматривая демографически, непропорционально много людей,</edu>
  <edu id="e2" lang="ru" trans="yandex">как население в Германии, рассматривается демографически, непропорционально большое число пожилых людей,</edu>
  <edu id="e3" lang="en">and constantly declining birth rates are being recorded.</edu>
  <edu id="e3" lang="ru" trans="promt">и постоянно уровни рождаемости снижения регистрируются.</edu>
  <edu id="e3" lang="ru" trans="google">и постоянно снижается уровень рождаемости.</edu>
  <edu id="e3" lang="ru" trans="yandex">и постоянно снижающийся уровень рождаемости записывается.</edu>
  <edu id="e4" lang="en">Admittedly the number of immigrants is constantly rising in Germany,</edu>
  <edu id="e4" lang="ru" trans="promt">По общему признанию число иммигрантов постоянно увеличивается в Германии,</edu>
  <edu id="e4" lang="ru" trans="google">По общему признанию, число иммигрантов постоянно растет в Германии,</edu>
  <edu id="e4" lang="ru" trans="yandex">Конечно, число иммигрантов постоянно растет в Германии</edu>
  <edu id="e5" lang="en">but without sufficient, well-qualified junior employees there is hardly a possibility for adequate pension financing.</edu>
  <edu id="e5" lang="ru" trans="promt">но без достаточных, хорошо квалифицированных младших сотрудников есть едва возможность для соответствующего финансирования пенсии.</edu>
  <edu id="e5" lang="ru" trans="google">но без достаточных, квалифицированных младших сотрудников вряд ли существует возможность для адекватного пенсионного финансирования.</edu>
  <edu id="e5" lang="ru" trans="yandex">но без достаточных и квалифицированных младших сотрудников вряд ли возможность для достаточного финансирования пенсионной системы.</edu>
  <adu id="a1" type="pro"/>
  <adu id="a2" type="pro"/>
  <adu id="a3" type="pro"/>
  <adu id="a4" type="opp"/>
  <adu id="a5" type="pro"/>
  <edge id="c6" src="e1" trg="a1" type="seg"/>
  <edge id="c7" src="e2" trg="a2" type="seg"/>
  <edge id="c8" src="e3" trg="a3" type="seg"/>
  <edge id="c9" src="e4" trg="a4" type="seg"/>
  <edge id="c10" src="e5" trg="a5" type="seg"/>
  <edge id="c2" src="a2" trg="a1" type="sup"/>
  <edge id="c3" src="a3" trg="a1" type="sup"/>
  <edge id="c4" src="a4" trg="a1" type="reb"/>
  <edge id="c5" src="a5" trg="c4" type="und"/>
</arggraph>
