<?xml version='1.0' encoding='UTF-8'?>
<arggraph id="micro_b005" topic_id="stricter_regulation_of_intelligence_services" stance="pro">
  <edu id="e1" lang="en">Intelligence services must urgently be regulated more tightly by parliament;</edu>
  <edu id="e1" lang="ru" trans="promt">Разведывательные службы должны срочно быть отрегулированы более плотно парламентом;</edu>
  <edu id="e1" lang="ru" trans="google">Парламент должен срочно регулировать разведывательные службы;</edu>
  <edu id="e1" lang="ru" trans="yandex">Спецслужбы должны срочно регулироваться более жестко парламентом;</edu>
  <edu id="e2" lang="en">this should be clear to everyone after the disclosures of Edward Snowden.</edu>
  <edu id="e2" lang="ru" trans="promt">это должно быть ясно всем после сведений Эдварда Сноудена.</edu>
  <edu id="e2" lang="ru" trans="google">это должно быть ясно каждому после раскрытия Эдварда Сноудена.</edu>
  <edu id="e2" lang="ru" trans="yandex">это должно быть понятно всем после разоблачений Эдварда Сноудена.</edu>
  <edu id="e3" lang="en">Granted, those concern primarily the British and American intelligence services,</edu>
  <edu id="e3" lang="ru" trans="promt">Предоставленный, те касаются, прежде всего, британских и американских разведывательных служб,</edu>
  <edu id="e3" lang="ru" trans="google">Конечно, это касается прежде всего британских и американских разведывательных служб,</edu>
  <edu id="e3" lang="ru" trans="yandex">Согласен, те, касаются, прежде всего британских и американских спецслужб,</edu>
  <edu id="e4" lang="en">but the German services evidently do collaborate with them closely.</edu>
  <edu id="e4" lang="ru" trans="promt">но немецкие услуги очевидно сотрудничают с ними тесно.</edu>
  <edu id="e4" lang="ru" trans="google">но немецкие службы, очевидно, тесно сотрудничают с ними.</edu>
  <edu id="e4" lang="ru" trans="yandex">но немецкие службы явно тесно сотрудничать с ними.</edu>
  <edu id="e5" lang="en">Their tools, data and expertise have been used to keep us under surveillance for a long time.</edu>
  <edu id="e5" lang="ru" trans="promt">Их инструменты, данные и экспертные знания использовались, чтобы держать нас под наблюдением в течение долгого времени.</edu>
  <edu id="e5" lang="ru" trans="google">Их инструменты, данные и опыт были использованы, чтобы держать нас под наблюдением в течение длительного времени.</edu>
  <edu id="e5" lang="ru" trans="yandex">Их инструменты, данные и знания были использованы, чтобы держать нас под наблюдением в течение длительного времени.</edu>
  <adu id="a1" type="pro"/>
  <adu id="a2" type="pro"/>
  <adu id="a3" type="opp"/>
  <adu id="a4" type="pro"/>
  <adu id="a5" type="pro"/>
  <edge id="c6" src="e1" trg="a1" type="seg"/>
  <edge id="c7" src="e2" trg="a2" type="seg"/>
  <edge id="c8" src="e3" trg="a3" type="seg"/>
  <edge id="c9" src="e4" trg="a4" type="seg"/>
  <edge id="c10" src="e5" trg="a5" type="seg"/>
  <edge id="c2" src="a2" trg="a1" type="sup"/>
  <edge id="c3" src="a3" trg="c2" type="und"/>
  <edge id="c4" src="a4" trg="c3" type="und"/>
  <edge id="c5" src="a5" trg="a4" type="sup"/>
</arggraph>
