<?xml version='1.0' encoding='UTF-8'?>
<arggraph id="micro_d02">
  <edu id="e1" lang="en">Berlin's basketball team has just come out of a sobering season.</edu>
  <edu id="e1" lang="ru" trans="promt">Баскетбольная команда Берлина только что вышла из успокаивающегося сезона.</edu>
  <edu id="e1" lang="ru" trans="google">Баскетбольная команда Берлина только что вышла из отрезвляющего сезона.</edu>
  <edu id="e1" lang="ru" trans="yandex">Баскетбольная команда Берлина только что вышел из отрезвляющее сезон.</edu>
  <edu id="e2" lang="en">Especially the home games have seen the team stay behind expectations.</edu>
  <edu id="e2" lang="ru" trans="promt">Особенно домашние игры видели, что команда стоит за ожиданиями.</edu>
  <edu id="e2" lang="ru" trans="google">Особенно домашние игры видели, что команда не отстает от ожиданий.</edu>
  <edu id="e2" lang="ru" trans="yandex">Особенно домашние игры команда остаться ожиданиями.</edu>
  <edu id="e3" lang="en">A sad highlight: Losing 60:87 to the weakish Mannheimers in a sold-out stadium.</edu>
  <edu id="e3" lang="ru" trans="promt">Печальный основной момент: Потеря 60:87 к weakish Mannheimers на распроданном стадионе.</edu>
  <edu id="e3" lang="ru" trans="google">Печальный момент: Потеря 60:87 слабым Маннигеймерам на разоренном стадионе.</edu>
  <edu id="e3" lang="ru" trans="yandex">Печально выделить: потерять 60:87 на слабого Mannheimers в аншлаг на стадионе.</edu>
  <edu id="e4" lang="en">Indeed the team ended up third in the league,</edu>
  <edu id="e4" lang="ru" trans="promt">Действительно команда оказалась треть в лиге,</edu>
  <edu id="e4" lang="ru" trans="google">Действительно, команда заняла третье место в лиге,</edu>
  <edu id="e4" lang="ru" trans="yandex">Действительно, команда оказалась третьей в Лиге,</edu>
  <edu id="e5" lang="en">but given the cost of the star-players one could've expected more.</edu>
  <edu id="e5" lang="ru" trans="promt">но, учитывая стоимость звездных игроков, возможно, ожидал больше.</edu>
  <edu id="e5" lang="ru" trans="google">но, учитывая стоимость звездных игроков, можно было ожидать большего.</edu>
  <edu id="e5" lang="ru" trans="yandex">но учитывая стоимость звезды-игроки могли бы ожидать больше.</edu>
  <adu id="a1" type="pro"/>
  <adu id="a2" type="pro"/>
  <adu id="a3" type="pro"/>
  <adu id="a4" type="opp"/>
  <adu id="a5" type="pro"/>
  <edge id="c6" src="e1" trg="a1" type="seg"/>
  <edge id="c7" src="e2" trg="a2" type="seg"/>
  <edge id="c8" src="e3" trg="a3" type="seg"/>
  <edge id="c9" src="e4" trg="a4" type="seg"/>
  <edge id="c10" src="e5" trg="a5" type="seg"/>
  <edge id="c2" src="a2" trg="a1" type="sup"/>
  <edge id="c3" src="a3" trg="a2" type="exa"/>
  <edge id="c4" src="a4" trg="a1" type="reb"/>
  <edge id="c5" src="a5" trg="c4" type="und"/>
</arggraph>
