<?xml version='1.0' encoding='UTF-8'?>
<arggraph id="micro_d19">
  <edu id="e1" lang="en">A bank bailout is very, very costly.</edu>
  <edu id="e1" lang="ru" trans="promt">Дотация банка очень, очень дорогостоящая.</edu>
  <edu id="e1" lang="ru" trans="google">Банковское спасение очень, очень дорого.</edu>
  <edu id="e1" lang="ru" trans="yandex">Катапультирование банка очень и очень дорого.</edu>
  <edu id="e2" lang="en">For instance, the taxpayer stood in for the failed bank 'Hypo Real Estate' with a three-figure billion amount.</edu>
  <edu id="e2" lang="ru" trans="promt">Например, налогоплательщик помог для банка-банкрота 'Hypo Real Estate' с миллиардом с тремя числами суммы.</edu>
  <edu id="e2" lang="ru" trans="google">Например, налогоплательщик выступал за несостоявшийся банк «Hypo Real Estate» с суммой в три цифры.</edu>
  <edu id="e2" lang="ru" trans="yandex">Например, налогоплательщик стояла в для банков-банкротов гипо недвижимости с три-цифра млрд сумму.</edu>
  <edu id="e3" lang="en">That's why we should not allow any additional bank rescues.</edu>
  <edu id="e3" lang="ru" trans="promt">Вот почему мы не должны позволять дополнительное спасение банка.</edu>
  <edu id="e3" lang="ru" trans="google">Вот почему мы не должны позволять никаким дополнительным банковским спасениям.</edu>
  <edu id="e3" lang="ru" trans="yandex">Вот почему мы не должны допускать каких-либо дополнительных мер по спасению банков.</edu>
  <edu id="e4" lang="en">The politicians are trying to appease us with the fact that actually only a tiny amount of all that money was really spent.</edu>
  <edu id="e4" lang="ru" trans="promt">Политики пытаются успокоить нас с тем, что на самом деле только крошечная сумма всех этих денег была действительно потрачена.</edu>
  <edu id="e4" lang="ru" trans="google">Политики пытаются успокоить нас тем фактом, что на самом деле только крошечное количество всех этих денег было действительно потрачено.</edu>
  <edu id="e4" lang="ru" trans="yandex">Политики пытаются задобрить нас с тем, что на самом деле было реально потрачено только небольшое количество из всех этих денег.</edu>
  <edu id="e5" lang="en">But even with that tiny amount you could do a lot of good elsewhere.</edu>
  <edu id="e5" lang="ru" trans="promt">Но даже с той крошечной суммой Вы могли делать большое хорошее в другом месте.</edu>
  <edu id="e5" lang="ru" trans="google">Но даже с этой крошечной суммой вы могли бы сделать много хорошего в другом месте.</edu>
  <edu id="e5" lang="ru" trans="yandex">Но даже с этой крошечной суммы, которую вы могли бы сделать много хорошего в другом месте.</edu>
  <adu id="a1" type="pro"/>
  <adu id="a2" type="pro"/>
  <adu id="a3" type="pro"/>
  <adu id="a4" type="opp"/>
  <adu id="a5" type="pro"/>
  <edge id="c6" src="e1" trg="a1" type="seg"/>
  <edge id="c7" src="e2" trg="a2" type="seg"/>
  <edge id="c8" src="e3" trg="a3" type="seg"/>
  <edge id="c9" src="e4" trg="a4" type="seg"/>
  <edge id="c10" src="e5" trg="a5" type="seg"/>
  <edge id="c1" src="a1" trg="a3" type="sup"/>
  <edge id="c2" src="a2" trg="a1" type="exa"/>
  <edge id="c4" src="a4" trg="a1" type="reb"/>
  <edge id="c5" src="a5" trg="c4" type="und"/>
</arggraph>
