<?xml version='1.0' encoding='UTF-8'?>
<arggraph id="micro_b054" topic_id="partial_housing_development_at_Tempelhofer_Feld" stance="pro">
  <edu id="e1" lang="en">For years there has been a housing shortage in Berlin,</edu>
  <edu id="e1" lang="ru" trans="promt">В течение многих лет был жилищный кризис в Берлине,</edu>
  <edu id="e1" lang="ru" trans="google">В течение многих лет в Берлине был дефицит жилья,</edu>
  <edu id="e1" lang="ru" trans="yandex">На протяжении многих лет наблюдается нехватка жилья в Берлине,</edu>
  <edu id="e2" lang="en">so that using Tempelhofer Feld, which offers a lot of open space and is currently hardly developed, as living space is a sensible idea.</edu>
  <edu id="e2" lang="ru" trans="promt">так, чтобы, используя Темпелхофера Фельда, который предлагает много открытого пространства и в настоящее время едва развивается, поскольку жилая площадь была разумной идеей.</edu>
  <edu id="e2" lang="ru" trans="google">так что использование Tempelhofer Feld, которое предлагает много открытого пространства и в настоящее время едва ли развито, поскольку жизненное пространство является разумной идеей.</edu>
  <edu id="e2" lang="ru" trans="yandex">так что через Темпельхоф Фельд, который предлагает много открытого пространства и в настоящее время практически не развивается, а жизненное пространство-это здравая мысль.</edu>
  <edu id="e3" lang="en">Since the area belongs to the federal state, or the federation,</edu>
  <edu id="e3" lang="ru" trans="promt">Так как область принадлежит федерации или федерации,</edu>
  <edu id="e3" lang="ru" trans="google">Поскольку этот район принадлежит федеральному государству или федерации,</edu>
  <edu id="e3" lang="ru" trans="yandex">Поскольку территория принадлежит федеративное государство, или федерация,</edu>
  <edu id="e4" lang="en">it could even be used for social housing with affordable rents.</edu>
  <edu id="e4" lang="ru" trans="promt">это могло даже использоваться для социального жилья с доступными арендными платами.</edu>
  <edu id="e4" lang="ru" trans="google">его можно даже использовать для социального жилья с доступной арендной платой.</edu>
  <edu id="e4" lang="ru" trans="yandex">он даже может быть использована для социального жилья с доступной арендной платой.</edu>
  <edu id="e5" lang="en">Admittedly the fields have currently become an attractive leisure park with sporting areas for many visitors and Berliners, especially in spring and summer.</edu>
  <edu id="e5" lang="ru" trans="promt">По общему признанию области в настоящее время становились привлекательным парком отдыха со спортивными областями для многих посетителей и жителей Берлина, особенно весной и летом.</edu>
  <edu id="e5" lang="ru" trans="google">По общему признанию, поля в настоящее время становятся привлекательным парком отдыха со спортивными площадями для многих посетителей и берлинцев, особенно весной и летом.</edu>
  <edu id="e5" lang="ru" trans="yandex">Правда, в настоящее время поля стали привлекательный парк отдыха со спортивными площадками для многих посетителей и берлинцы, особенно весной и летом.</edu>
  <edu id="e6" lang="en">If however one could find a compromise between green space and housing, then Tempelhofer Feld should definitely be made available for residential construction.</edu>
  <edu id="e6" lang="ru" trans="promt">Если, однако, можно было бы найти компромисс между зеленой зоной и жильем, то Темпелхофер Фельд должен определенно быть сделан доступным для жилищного строительства.</edu>
  <edu id="e6" lang="ru" trans="google">Если, однако, можно найти компромисс между зеленым пространством и жильем, то Tempelhofer Feld определенно должен быть доступен для жилищного строительства.</edu>
  <edu id="e6" lang="ru" trans="yandex">Однако, если можно найти компромисс между зеленой зоной и жилья, то Темпельхоф Фельд обязательно должны быть предоставлены для жилищного строительства.</edu>
  <adu id="a1" type="pro"/>
  <adu id="a2" type="pro"/>
  <adu id="a3" type="pro"/>
  <adu id="a4" type="pro"/>
  <adu id="a5" type="opp"/>
  <adu id="a6" type="pro"/>
  <edge id="c7" src="e1" trg="a1" type="seg"/>
  <edge id="c8" src="e2" trg="a2" type="seg"/>
  <edge id="c9" src="e3" trg="a3" type="seg"/>
  <edge id="c10" src="e4" trg="a4" type="seg"/>
  <edge id="c11" src="e5" trg="a5" type="seg"/>
  <edge id="c12" src="e6" trg="a6" type="seg"/>
  <edge id="c1" src="a1" trg="a2" type="sup"/>
  <edge id="c2" src="a2" trg="a6" type="sup"/>
  <edge id="c3" src="a3" trg="a4" type="sup"/>
  <edge id="c4" src="a4" trg="a2" type="sup"/>
  <edge id="c5" src="a5" trg="c2" type="und"/>
</arggraph>
