<?xml version='1.0' encoding='UTF-8'?>
<arggraph id="micro_b040" topic_id="higher_dog_poo_fines" stance="pro">
  <edu id="e1" lang="en">There should be much higher fines for dog dirt left on pavements.</edu>
  <edu id="e1" lang="ru" trans="promt">Должны быть намного более высокие штрафы для грязи собаки, оставленной на мостовых.</edu>
  <edu id="e1" lang="ru" trans="google">На тротуарах должно быть намного больше штрафа за собачью грязь.</edu>
  <edu id="e1" lang="ru" trans="yandex">Там должно быть гораздо более высокие штрафы за грязь собака, оставленная на тротуарах.</edu>
  <edu id="e2" lang="en">Stepping in dog dirt is gross and absolutely ruins your day</edu>
  <edu id="e2" lang="ru" trans="promt">Продвижение в грязь собаки грубо и абсолютно разрушает Ваш день</edu>
  <edu id="e2" lang="ru" trans="google">Шагать по собачьей грязи грубо и абсолютно разрушает ваш день</edu>
  <edu id="e2" lang="ru" trans="yandex">Шагая в грязи собака грубых и абсолютно портит день</edu>
  <edu id="e3" lang="en">due to the dirt, the stench and the often considerable effort to get rid of it.</edu>
  <edu id="e3" lang="ru" trans="promt">из-за грязи, зловония и часто значительного усилия избавиться от него.</edu>
  <edu id="e3" lang="ru" trans="google">из-за грязи, зловония и часто значительных усилий, чтобы избавиться от него.</edu>
  <edu id="e3" lang="ru" trans="yandex">из-за грязи, вони и часто значительные усилия, чтобы избавиться от него.</edu>
  <edu id="e4" lang="en">Besides, the fines for public urination by a human are higher than for leaving behind dog dirt on the pavement, which is disproportionate.</edu>
  <edu id="e4" lang="ru" trans="promt">Кроме того, штрафы за общественное мочеиспускание человеком выше, чем для того, чтобы оставить позади грязь собаки на мостовой, которая непропорциональна.</edu>
  <edu id="e4" lang="ru" trans="google">Кроме того, штрафы за общественное мочеиспускание у человека выше, чем для ухода за собакой на тротуаре, что непропорционально.</edu>
  <edu id="e4" lang="ru" trans="yandex">Кроме того, штрафы за публичное мочеиспускание на человека выше, чем для ухода за грязью на асфальте, которая является несоразмерной.</edu>
  <edu id="e5" lang="en">Some dog owners assume that paying a dog licence fee covers the removal of such waste,</edu>
  <edu id="e5" lang="ru" trans="promt">Некоторые владельцы собак предполагают, что оплата лицензионного сбора собаки покрывает удаление таких отходов,</edu>
  <edu id="e5" lang="ru" trans="google">Некоторые владельцы собак предполагают, что плата за лицензию на собаку покрывает удаление таких отходов,</edu>
  <edu id="e5" lang="ru" trans="yandex">Некоторые владельцы собак считать, что заплатив собак лицензионный сбор покрывает удаления таких отходов,</edu>
  <edu id="e6" lang="en">but according to this logic one could hardly make the taxpayer accountable for almost any offense.</edu>
  <edu id="e6" lang="ru" trans="promt">но согласно этой логике можно было едва сделать налогоплательщика ответственным за почти любое преступление.</edu>
  <edu id="e6" lang="ru" trans="google">но согласно этой логике едва ли можно заставить налогоплательщика подотчетно почти за любое преступление.</edu>
  <edu id="e6" lang="ru" trans="yandex">но по этой логике вряд ли может внести налогоплательщика к ответственности за практически любое преступление.</edu>
  <adu id="a1" type="pro"/>
  <adu id="a2" type="pro"/>
  <adu id="a3" type="pro"/>
  <adu id="a4" type="pro"/>
  <adu id="a5" type="opp"/>
  <adu id="a6" type="pro"/>
  <edge id="c7" src="e1" trg="a1" type="seg"/>
  <edge id="c8" src="e2" trg="a2" type="seg"/>
  <edge id="c9" src="e3" trg="a3" type="seg"/>
  <edge id="c10" src="e4" trg="a4" type="seg"/>
  <edge id="c11" src="e5" trg="a5" type="seg"/>
  <edge id="c12" src="e6" trg="a6" type="seg"/>
  <edge id="c2" src="a2" trg="a1" type="sup"/>
  <edge id="c3" src="a3" trg="a2" type="sup"/>
  <edge id="c4" src="a4" trg="a1" type="sup"/>
  <edge id="c5" src="a5" trg="a1" type="reb"/>
  <edge id="c6" src="a6" trg="a5" type="reb"/>
</arggraph>
