<?xml version='1.0' encoding='UTF-8'?>
<arggraph id="micro_b017" topic_id="cap_rent_increases" stance="pro">
  <edu id="e1" lang="en">Rent prices should be limited by a cap when there's a change of tenant.</edu>
  <edu id="e1" lang="ru" trans="promt">Арендованные цены должны быть ограничены кепкой, когда есть изменение арендатора.</edu>
  <edu id="e1" lang="ru" trans="google">Цены на аренду должны быть ограничены кепкой при изменении арендатора.</edu>
  <edu id="e1" lang="ru" trans="yandex">Стоимость аренды должна быть ограничена крышкой, когда происходит смена арендатора.</edu>
  <edu id="e2" lang="en">Landlords may want to earn as much as possible,</edu>
  <edu id="e2" lang="ru" trans="promt">Владельцы могут хотеть заработать как можно больше,</edu>
  <edu id="e2" lang="ru" trans="google">Арендодатели могут захотеть заработать как можно больше,</edu>
  <edu id="e2" lang="ru" trans="yandex">Домовладельцы могут хотите заработать как можно больше,</edu>
  <edu id="e3" lang="en">and many, consistent with market principles, are prepared to pay higher rents,</edu>
  <edu id="e3" lang="ru" trans="promt">и многие, согласовывающиеся с принципами рынка, готовы заплатить более высокие арендные платы,</edu>
  <edu id="e3" lang="ru" trans="google">и многие, в соответствии с рыночными принципами, готовы платить более высокую арендную плату,</edu>
  <edu id="e3" lang="ru" trans="yandex">и многие, в соответствии с рыночными принципами, готовы платить более высокую арендную плату,</edu>
  <edu id="e4" lang="en">but that people with the same income suddenly must pay more and can't live in the same flat anymore seems implausible.</edu>
  <edu id="e4" lang="ru" trans="promt">но это люди с тем же самым доходом внезапно должны заплатить больше и не могут жить в той же самой плоскости, больше кажется неправдоподобным.</edu>
  <edu id="e4" lang="ru" trans="google">но люди с таким же доходом внезапно должны платить больше и не могут жить в одной квартире больше, кажется неправдоподобным.</edu>
  <edu id="e4" lang="ru" trans="yandex">но что люди с одинаковым доходом вдруг должны платить больше и больше не могу жить в одной квартире, кажется неправдоподобным.</edu>
  <edu id="e5" lang="en">Gentrification destroys entire districts and their culture.</edu>
  <edu id="e5" lang="ru" trans="promt">Облагораживание района разрушает все районы и их культуру.</edu>
  <edu id="e5" lang="ru" trans="google">Gentrification уничтожает целые районы и их культуру.</edu>
  <edu id="e5" lang="ru" trans="yandex">Джентрификация уничтожает целые районы и их культуры.</edu>
  <adu id="a1" type="pro"/>
  <adu id="a2" type="opp"/>
  <adu id="a3" type="opp"/>
  <adu id="a4" type="pro"/>
  <adu id="a5" type="pro"/>
  <edge id="c6" src="e1" trg="a1" type="seg"/>
  <edge id="c7" src="e2" trg="a2" type="seg"/>
  <edge id="c8" src="e3" trg="a3" type="seg"/>
  <edge id="c9" src="e4" trg="a4" type="seg"/>
  <edge id="c10" src="e5" trg="a5" type="seg"/>
  <edge id="c2" src="a2" trg="a1" type="reb"/>
  <edge id="c3" src="a3" trg="a1" type="reb"/>
  <edge id="c4" src="a4" trg="a1" type="sup"/>
  <edge id="c5" src="a5" trg="a1" type="sup"/>
</arggraph>
