<?xml version='1.0' encoding='UTF-8'?>
<arggraph id="micro_d12">
  <edu id="e1" lang="en">I can only recommend the new smartphone XYZ-123 to everyone.</edu>
  <edu id="e1" lang="ru" trans="promt">Я могу только рекомендовать новому смартфону XYZ-123 всем.</edu>
  <edu id="e1" lang="ru" trans="google">Я могу только рекомендовать новый смартфон XYZ-123 всем.</edu>
  <edu id="e1" lang="ru" trans="yandex">Я могу только рекомендовать новый смартфон АБВ-123 для всех.</edu>
  <edu id="e2" lang="en">Of course the camera could be better,</edu>
  <edu id="e2" lang="ru" trans="promt">Конечно, камера могла быть лучше,</edu>
  <edu id="e2" lang="ru" trans="google">Конечно, камера может быть лучше,</edu>
  <edu id="e2" lang="ru" trans="yandex">Конечно, камера могла быть лучше,</edu>
  <edu id="e3" lang="en">as it only has mediocre resolution</edu>
  <edu id="e3" lang="ru" trans="promt">поскольку у этого только есть посредственная резолюция</edu>
  <edu id="e3" lang="ru" trans="google">поскольку он имеет только посредственное разрешение</edu>
  <edu id="e3" lang="ru" trans="yandex">как он имеет только посредственное разрешение</edu>
  <edu id="e4" lang="en">and images in dark surroundings are often snowy.</edu>
  <edu id="e4" lang="ru" trans="promt">и изображения в темной среде часто снежные.</edu>
  <edu id="e4" lang="ru" trans="google">и изображения в темном окружении часто снежные.</edu>
  <edu id="e4" lang="ru" trans="yandex">и образы в темноте, часто заснеженных.</edu>
  <edu id="e5" lang="en">But for snap shots that's still enough.</edu>
  <edu id="e5" lang="ru" trans="promt">Но для поспешных выстрелов это все еще достаточно.</edu>
  <edu id="e5" lang="ru" trans="google">Но для снимков, которые все еще достаточно.</edu>
  <edu id="e5" lang="ru" trans="yandex">Но для снимков, которые до сих пор достаточно.</edu>
  <adu id="a1" type="pro"/>
  <adu id="a2" type="opp"/>
  <adu id="a3" type="opp"/>
  <adu id="a4" type="opp"/>
  <adu id="a5" type="pro"/>
  <edge id="c6" src="e1" trg="a1" type="seg"/>
  <edge id="c7" src="e2" trg="a2" type="seg"/>
  <edge id="c8" src="e3" trg="a3" type="seg"/>
  <edge id="c9" src="e4" trg="a4" type="seg"/>
  <edge id="c10" src="e5" trg="a5" type="seg"/>
  <edge id="c2" src="a2" trg="a1" type="reb"/>
  <edge id="c3" src="a3" trg="a2" type="sup"/>
  <edge id="c4" src="a4" trg="c3" type="add"/>
  <edge id="c5" src="a5" trg="c2" type="und"/>
</arggraph>
