<?xml version='1.0' encoding='UTF-8'?>
<arggraph id="micro_b009" topic_id="cap_rent_increases" stance="pro">
  <edu id="e1" lang="en">It is unfair and unjustifiable that new tenants have to pay a much higher rent than previous residents.</edu>
  <edu id="e1" lang="ru" trans="promt">Это несправедливо и незаконно, что новые арендаторы должны заплатить намного более высокую арендную плату, чем предыдущие жители.</edu>
  <edu id="e1" lang="ru" trans="google">Несправедливо и неоправданно, что новые арендаторы должны платить гораздо более высокую арендную плату, чем предыдущие жители.</edu>
  <edu id="e1" lang="ru" trans="yandex">Это несправедливо и неоправданно, что новым жильцам придется платить гораздо более высокую арендную плату, чем предыдущие жители.</edu>
  <edu id="e2" lang="en">Clearly the landlord has to pay for some repairs before a new lease.</edu>
  <edu id="e2" lang="ru" trans="promt">Очевидно владелец должен заплатить за некоторые ремонтные работы перед новым арендным договором.</edu>
  <edu id="e2" lang="ru" trans="google">Ясно, что арендодатель должен заплатить за некоторый ремонт перед новой арендой.</edu>
  <edu id="e2" lang="ru" trans="yandex">Очевидно, хозяин должен платить за ремонт до нового договора аренды.</edu>
  <edu id="e3" lang="en">But surely these costs could be covered by a minimal increase in rent over the course of the entire lease.</edu>
  <edu id="e3" lang="ru" trans="promt">Но конечно эти расходы могли быть покрыты минимальным увеличением арендной платы в течение всего арендного договора.</edu>
  <edu id="e3" lang="ru" trans="google">Но, безусловно, эти затраты могут быть покрыты за счет минимального увеличения арендной платы в течение всего срока аренды.</edu>
  <edu id="e3" lang="ru" trans="yandex">Но, конечно, эти расходы могут быть покрыты минимальным увеличением арендной платы в течение всей аренды.</edu>
  <edu id="e4" lang="en">All the more so as for an adequate profit the rental rate as compared to the base rent need not be raised for every new lease.</edu>
  <edu id="e4" lang="ru" trans="promt">Тем более так что касается соответствующей прибыли ставка аренды по сравнению с основной арендованной потребностью не быть поднятым для каждого нового арендного договора.</edu>
  <edu id="e4" lang="ru" trans="google">Тем более что для адекватной прибыли арендная ставка по сравнению с базовой арендой не должна повышаться для каждой новой аренды.</edu>
  <edu id="e4" lang="ru" trans="yandex">Тем более, что для адекватной прибыли арендная ставка по сравнению с базовой арендной платы не должна быть поднята для каждого нового договора аренды.</edu>
  <adu id="a1" type="pro"/>
  <adu id="a2" type="opp"/>
  <adu id="a3" type="pro"/>
  <adu id="a4" type="pro"/>
  <edge id="c5" src="e1" trg="a1" type="seg"/>
  <edge id="c6" src="e2" trg="a2" type="seg"/>
  <edge id="c7" src="e3" trg="a3" type="seg"/>
  <edge id="c8" src="e4" trg="a4" type="seg"/>
  <edge id="c2" src="a2" trg="a1" type="reb"/>
  <edge id="c3" src="a3" trg="c2" type="und"/>
  <edge id="c4" src="a4" trg="a1" type="sup"/>
</arggraph>
