<?xml version='1.0' encoding='UTF-8'?>
<arggraph id="micro_b020" topic_id="make_video_games_olympic" stance="con">
  <edu id="e1" lang="en">Olympic events are rooted in old traditions.</edu>
  <edu id="e1" lang="ru" trans="promt">Олимпийские соревнования внедрены в старых традициях.</edu>
  <edu id="e1" lang="ru" trans="google">Олимпийские события уходят корнями в старые традиции.</edu>
  <edu id="e1" lang="ru" trans="yandex">Олимпийские события уходят корнями в старые традиции.</edu>
  <edu id="e2" lang="en">On the other hand, the events have a culturally determined character.</edu>
  <edu id="e2" lang="ru" trans="promt">С другой стороны, у событий есть культурно решительный человек.</edu>
  <edu id="e2" lang="ru" trans="google">С другой стороны, события имеют культурно определенный характер.</edu>
  <edu id="e2" lang="ru" trans="yandex">С другой стороны, события имеют определенный культурно характер.</edu>
  <edu id="e3" lang="en">Our society is strongly digitized and influenced by computers.</edu>
  <edu id="e3" lang="ru" trans="promt">Наше общество сильно оцифровано и под влиянием компьютеров.</edu>
  <edu id="e3" lang="ru" trans="google">Наше общество сильно оцифровано и под влиянием компьютеров.</edu>
  <edu id="e3" lang="ru" trans="yandex">Наше общество сильно оцифрованные и под влиянием компьютеров.</edu>
  <edu id="e4" lang="en">Yet sports are usually associated with physical training.</edu>
  <edu id="e4" lang="ru" trans="promt">Все же спорт обычно связывается с физической подготовкой.</edu>
  <edu id="e4" lang="ru" trans="google">Однако спорт обычно связан с физической подготовкой.</edu>
  <edu id="e4" lang="ru" trans="yandex">Но спорт, как правило, связано с физической подготовкой.</edu>
  <edu id="e5" lang="en">Since however skat, chess etc. are not accepted as Olympic events,</edu>
  <edu id="e5" lang="ru" trans="promt">С тех пор, однако, скат, шахматы и т.д. не приняты как Олимпийские соревнования,</edu>
  <edu id="e5" lang="ru" trans="google">Поскольку, однако, скат, шахматы и т. Д. Не принимаются в качестве Олимпийских событий,</edu>
  <edu id="e5" lang="ru" trans="yandex">Поскольку, однако, скат, шахматы и т. д. не принимаются в качестве олимпийских событий,</edu>
  <edu id="e6" lang="en">computer games should also not be recognized as Olympic events.</edu>
  <edu id="e6" lang="ru" trans="promt">компьютерные игры не должны также быть признаны Олимпийскими соревнованиями.</edu>
  <edu id="e6" lang="ru" trans="google">компьютерные игры также не должны признаваться Олимпийскими событиями.</edu>
  <edu id="e6" lang="ru" trans="yandex">компьютерные игры также не должен быть признан олимпийских событий.</edu>
  <adu id="a1" type="pro"/>
  <adu id="a2" type="opp"/>
  <adu id="a3" type="opp"/>
  <adu id="a4" type="pro"/>
  <adu id="a5" type="pro"/>
  <adu id="a6" type="pro"/>
  <edge id="c7" src="e1" trg="a1" type="seg"/>
  <edge id="c8" src="e2" trg="a2" type="seg"/>
  <edge id="c9" src="e3" trg="a3" type="seg"/>
  <edge id="c10" src="e4" trg="a4" type="seg"/>
  <edge id="c11" src="e5" trg="a5" type="seg"/>
  <edge id="c12" src="e6" trg="a6" type="seg"/>
  <edge id="c1" src="a1" trg="a6" type="sup"/>
  <edge id="c2" src="a2" trg="a6" type="reb"/>
  <edge id="c3" src="a3" trg="c2" type="add"/>
  <edge id="c4" src="a4" trg="a6" type="sup"/>
  <edge id="c5" src="a5" trg="a6" type="sup"/>
</arggraph>
