<?xml version='1.0' encoding='UTF-8'?>
<arggraph id="micro_b025" topic_id="health_insurance_cover_complementary_medicine" stance="pro">
  <edu id="e1" lang="en">From time immemorial humans have had complementary medicine,</edu>
  <edu id="e1" lang="ru" trans="promt">С незапамятных времен у людей была нетрадиционная медицина,</edu>
  <edu id="e1" lang="ru" trans="google">С незапамятных времен у людей была дополнительная медицина,</edu>
  <edu id="e1" lang="ru" trans="yandex">С незапамятных времен люди имели комплементарной медицины,</edu>
  <edu id="e2" lang="en">and it has not generally been ineffective.</edu>
  <edu id="e2" lang="ru" trans="promt">и это обычно не было неэффективно.</edu>
  <edu id="e2" lang="ru" trans="google">и это, как правило, неэффективно.</edu>
  <edu id="e2" lang="ru" trans="yandex">и он, как правило, не оказывались неэффективными.</edu>
  <edu id="e3" lang="en">A reduction in the amount of chemically produced medication per person is most certainly desirable.</edu>
  <edu id="e3" lang="ru" trans="promt">Сокращение объема химически произведенного лечения на человека несомненно желательно.</edu>
  <edu id="e3" lang="ru" trans="google">Конечно, желательно уменьшить количество химически произведенного лекарства на человека.</edu>
  <edu id="e3" lang="ru" trans="yandex">Снижение количества химически произведенные лекарства на человека является, безусловно, желательным.</edu>
  <edu id="e4" lang="en">This will do little damage to the pharmaceutical industry, and</edu>
  <edu id="e4" lang="ru" trans="promt">Это сделает незначительный ущерб к фармацевтической промышленности, и</edu>
  <edu id="e4" lang="ru" trans="google">Это не нанесет вреда фармацевтической промышленности, и</edu>
  <edu id="e4" lang="ru" trans="yandex">Это небольшой урон фармацевтической промышленности, и</edu>
  <edu id="e5" lang="en">conventional medicine will also hardly suffer.</edu>
  <edu id="e5" lang="ru" trans="promt">традиционная медицина также едва пострадает.</edu>
  <edu id="e5" lang="ru" trans="google">традиционная медицина также вряд ли пострадает.</edu>
  <edu id="e5" lang="ru" trans="yandex">традиционная медицина также вряд ли пострадают.</edu>
  <edu id="e6" lang="en">The patient could learn to be more aware of his or her body and to treat it more healthily.</edu>
  <edu id="e6" lang="ru" trans="promt">Пациент мог учиться больше знать о его или ее теле и рассматривать его более целебно.</edu>
  <edu id="e6" lang="ru" trans="google">Пациент мог научиться лучше знать свое тело и относиться к нему более здорово.</edu>
  <edu id="e6" lang="ru" trans="yandex">Пациент может научиться быть более осведомлены о его или ее тело и лечить его более здоровым.</edu>
  <adu id="a1" type="pro"/>
  <adu id="a2" type="pro"/>
  <adu id="a3" type="pro"/>
  <adu id="a4" type="pro"/>
  <adu id="a5" type="pro"/>
  <adu id="a6" type="pro"/>
  <edge id="c7" src="e1" trg="a1" type="seg"/>
  <edge id="c8" src="e2" trg="a2" type="seg"/>
  <edge id="c9" src="e3" trg="a3" type="seg"/>
  <edge id="c10" src="e4" trg="a4" type="seg"/>
  <edge id="c11" src="e5" trg="a5" type="seg"/>
  <edge id="c12" src="e6" trg="a6" type="seg"/>
  <edge id="c1" src="a1" trg="a3" type="sup"/>
  <edge id="c2" src="a2" trg="a3" type="sup"/>
  <edge id="c4" src="a4" trg="a3" type="sup"/>
  <edge id="c5" src="a5" trg="a3" type="sup"/>
  <edge id="c6" src="a6" trg="a3" type="sup"/>
</arggraph>
