<?xml version='1.0' encoding='UTF-8'?>
<arggraph id="micro_b019" topic_id="buy_tax_evader_data_from_dubious_sources" stance="con">
  <edu id="e1" lang="en">It is desirable that no one channels his or her wealth past the tax authorities.</edu>
  <edu id="e1" lang="ru" trans="promt">Желательно, чтобы никто не направлял его или ее богатство мимо налоговых органов.</edu>
  <edu id="e1" lang="ru" trans="google">Желательно, чтобы никто не связывал свое богатство с налоговыми органами.</edu>
  <edu id="e1" lang="ru" trans="yandex">Желательно, чтобы никто не каналы свое богатство прошлом налоговые органы.</edu>
  <edu id="e2" lang="en">Those who do or try to should be held accountable if at all possible.</edu>
  <edu id="e2" lang="ru" trans="promt">Те, кто делает или пытаться, должны считаться ответственными если вообще возможный.</edu>
  <edu id="e2" lang="ru" trans="google">Те, кто делают или пытаются, должны быть привлечены к ответственности, если это вообще возможно.</edu>
  <edu id="e2" lang="ru" trans="yandex">Те, кто это делают или пытаются должны нести ответственность, если вообще возможно.</edu>
  <edu id="e3" lang="en">Having said that, state funds are often wasted on nonsensical investments,</edu>
  <edu id="e3" lang="ru" trans="promt">Однако государственные фонды часто тратятся впустую на бессмысленные инвестиции,</edu>
  <edu id="e3" lang="ru" trans="google">Сказав это, государственные фонды часто тратятся впустую на бессмысленные инвестиции,</edu>
  <edu id="e3" lang="ru" trans="yandex">Сказав, что государственные средства тратятся впустую на бессмысленные инвестиции,</edu>
  <edu id="e4" lang="en">so that this ideal appears unworthy of support in many ways.</edu>
  <edu id="e4" lang="ru" trans="promt">так, чтобы этот идеал казался не достойным поддержки во многих отношениях.</edu>
  <edu id="e4" lang="ru" trans="google">так что этот идеал оказывается недостойным поддержки во многих отношениях.</edu>
  <edu id="e4" lang="ru" trans="yandex">так что этот идеал представляется недостойным поддержку во многих отношениях.</edu>
  <edu id="e5" lang="en">Besides, the trading of information is obviously driven by greed of gain.</edu>
  <edu id="e5" lang="ru" trans="promt">Кроме того, торговлю информацией, очевидно, стимулирует жадность выгоды.</edu>
  <edu id="e5" lang="ru" trans="google">Кроме того, торговля информацией, очевидно, обусловлена ​​жадностью усиления.</edu>
  <edu id="e5" lang="ru" trans="yandex">Кроме того, в торговле информация явно движимый алчностью наживы.</edu>
  <edu id="e6" lang="en">Tax data that are not made available for free should therefore not be acquired by the state.</edu>
  <edu id="e6" lang="ru" trans="promt">Налоговые данные, которые не сделаны доступными бесплатно, не должны поэтому быть приобретены государством.</edu>
  <edu id="e6" lang="ru" trans="google">Поэтому налоговые данные, которые не предоставляются бесплатно, не должны приобретаться государством.</edu>
  <edu id="e6" lang="ru" trans="yandex">Поэтому налоговые данные, которые не доступны бесплатно, не должны приобретаться за счет государства.</edu>
  <adu id="a1" type="opp"/>
  <adu id="a2" type="opp"/>
  <adu id="a3" type="pro"/>
  <adu id="a4" type="pro"/>
  <adu id="a5" type="pro"/>
  <adu id="a6" type="pro"/>
  <edge id="c6" src="e1" trg="a1" type="seg"/>
  <edge id="c7" src="e2" trg="a2" type="seg"/>
  <edge id="c8" src="e3" trg="a3" type="seg"/>
  <edge id="c9" src="e4" trg="a4" type="seg"/>
  <edge id="c10" src="e5" trg="a5" type="seg"/>
  <edge id="c11" src="e6" trg="a6" type="seg"/>
  <edge id="c1" src="a1" trg="a2" type="sup"/>
  <edge id="c2" src="a2" trg="a6" type="reb"/>
  <edge id="c3" src="a3" trg="a4" type="sup"/>
  <edge id="c4" src="a4" trg="a6" type="sup"/>
  <edge id="c5" src="a5" trg="a6" type="sup"/>
</arggraph>
