<?xml version='1.0' encoding='UTF-8'?>
<arggraph id="micro_k020" topic_id="introduce_capital_punishment" stance="con">
  <edu id="e1" lang="en">Despite the death penalty there are significantly more homicides in the US than in Germany.</edu>
  <edu id="e1" lang="ru" trans="promt">Несмотря на смертную казнь есть значительно больше убийств в США, чем в Германии.</edu>
  <edu id="e1" lang="ru" trans="google">Несмотря на смертную казнь, в США значительно больше убийств, чем в Германии.</edu>
  <edu id="e1" lang="ru" trans="yandex">Несмотря на смертную казнь, есть значительно больше убийств в США, чем в Германии.</edu>
  <edu id="e2" lang="en">Fear of punishment hence does not deter murderers.</edu>
  <edu id="e2" lang="ru" trans="promt">Страх перед наказанием следовательно не удерживает убийц.</edu>
  <edu id="e2" lang="ru" trans="google">Поэтому страх наказания не удерживает убийц.</edu>
  <edu id="e2" lang="ru" trans="yandex">Страх наказания, следовательно, не отпугнуть убийц.</edu>
  <edu id="e3" lang="en">'An eye for an eye' seems to miss the point.</edu>
  <edu id="e3" lang="ru" trans="promt">'Глаз для глаза', кажется, упускает суть.</edu>
  <edu id="e3" lang="ru" trans="google">«Глаз для глаз», похоже, не увенчался успехом.</edu>
  <edu id="e3" lang="ru" trans="yandex">'Око за око', кажется, упускают главное.</edu>
  <edu id="e4" lang="en">The state ought to prevent murder - not avenge it.</edu>
  <edu id="e4" lang="ru" trans="promt">Государство должно предотвратить убийство - не, мстят за него.</edu>
  <edu id="e4" lang="ru" trans="google">Государство должно предотвратить убийство - не отомстить за него.</edu>
  <edu id="e4" lang="ru" trans="yandex">Государство должно предотвратить убийство - не сыщет его.</edu>
  <edu id="e5" lang="en">A re-introduction of capital punishment in Germany would be a step back into the Middle Ages.</edu>
  <edu id="e5" lang="ru" trans="promt">Реинтродукция смертной казни в Германии была бы шагом назад в Средневековье.</edu>
  <edu id="e5" lang="ru" trans="google">Повторное введение смертной казни в Германии станет шагом назад в средние века.</edu>
  <edu id="e5" lang="ru" trans="yandex">Повторное введение смертной казни в Германии станет шагом назад в Средневековье.</edu>
  <adu id="a1" type="pro"/>
  <adu id="a2" type="pro"/>
  <adu id="a3" type="pro"/>
  <adu id="a4" type="pro"/>
  <adu id="a5" type="pro"/>
  <edge id="c6" src="e1" trg="a1" type="seg"/>
  <edge id="c7" src="e2" trg="a2" type="seg"/>
  <edge id="c8" src="e3" trg="a3" type="seg"/>
  <edge id="c9" src="e4" trg="a4" type="seg"/>
  <edge id="c10" src="e5" trg="a5" type="seg"/>
  <edge id="c1" src="a1" trg="a2" type="sup"/>
  <edge id="c2" src="a2" trg="a3" type="sup"/>
  <edge id="c3" src="a3" trg="a4" type="sup"/>
  <edge id="c5" src="a5" trg="a4" type="sup"/>
</arggraph>
