<?xml version='1.0' encoding='UTF-8'?>
<arggraph id="micro_d15">
  <edu id="e1" lang="en">Every day passengers are harassed by hooligans and drunks on the underground, trains and busses.</edu>
  <edu id="e1" lang="ru" trans="promt">Каждый день пассажиров преследуют хулиганы и пьяницы на подполье, поездах и автобусах.</edu>
  <edu id="e1" lang="ru" trans="google">Каждый день пассажиров преследуют хулиганы и пьяницы на метро, ​​поездах и автобусах.</edu>
  <edu id="e1" lang="ru" trans="yandex">Каждый день пассажиры подвергаются преследованиям со стороны хулиганов и алкашей в метро, поездах и автобусах.</edu>
  <edu id="e2" lang="en">Also the rules of the public transportation services are rarely observed.</edu>
  <edu id="e2" lang="ru" trans="promt">Также правила услуг по общественному транспорту редко наблюдаются.</edu>
  <edu id="e2" lang="ru" trans="google">Также редко соблюдаются правила общественного транспорта.</edu>
  <edu id="e2" lang="ru" trans="yandex">Также правила общественного транспорта наблюдаются редко.</edu>
  <edu id="e3" lang="en">This is why we need more police presence in public transport,</edu>
  <edu id="e3" lang="ru" trans="promt">Поэтому нам нужно больше полицейского присутствия в общественном транспорте,</edu>
  <edu id="e3" lang="ru" trans="google">Вот почему нам нужно больше присутствия полиции в общественном транспорте,</edu>
  <edu id="e3" lang="ru" trans="yandex">Вот почему мы нуждаемся в большем присутствии сотрудников полиции в общественном транспорте,</edu>
  <edu id="e4" lang="en">even if there are actually designated in-house security forces.</edu>
  <edu id="e4" lang="ru" trans="promt">даже если там на самом деле определяются внутренние силы безопасности.</edu>
  <edu id="e4" lang="ru" trans="google">даже если есть фактически назначенные внутренние силы безопасности.</edu>
  <edu id="e4" lang="ru" trans="yandex">даже если там на самом деле места в доме силовики.</edu>
  <edu id="e5" lang="en">Passengers would definitely feel safer then.</edu>
  <edu id="e5" lang="ru" trans="promt">Пассажиры определенно чувствовали бы себя более в безопасности тогда.</edu>
  <edu id="e5" lang="ru" trans="google">Тогда пассажиры чувствовали бы себя более безопасными.</edu>
  <edu id="e5" lang="ru" trans="yandex">Пассажиры будут чувствовать себя увереннее тогда.</edu>
  <adu id="a1" type="pro"/>
  <adu id="a2" type="pro"/>
  <adu id="a3" type="pro"/>
  <adu id="a4" type="opp"/>
  <adu id="a5" type="pro"/>
  <edge id="c6" src="e1" trg="a1" type="seg"/>
  <edge id="c7" src="e2" trg="a2" type="seg"/>
  <edge id="c8" src="e3" trg="a3" type="seg"/>
  <edge id="c9" src="e4" trg="a4" type="seg"/>
  <edge id="c10" src="e5" trg="a5" type="seg"/>
  <edge id="c1" src="a1" trg="a3" type="sup"/>
  <edge id="c2" src="a2" trg="a3" type="sup"/>
  <edge id="c4" src="a4" trg="c2" type="und"/>
  <edge id="c5" src="a5" trg="a3" type="sup"/>
</arggraph>
