<?xml version='1.0' encoding='UTF-8'?>
<arggraph id="micro_b012" topic_id="school_uniforms" stance="pro">
  <edu id="e1" lang="en">Some may find the idea of a school uniform anachronistic,</edu>
  <edu id="e1" lang="ru" trans="human">Некоторым идея школьной формы может казаться неуместной в современности,</edu>
  <edu id="e2" lang="en">or regard it as too much of an intervention into the leeway of students and parents to make decisions.</edu>
  <edu id="e2" lang="ru" trans="human">или слишком большим вмешательством в свободу действий учащихся или родителей.</edu>
  <edu id="e3" lang="en">Indeed, however, it's already the case today that students of apparently 'uniform-free' schools are essentially wearing a uniform consisting of certain brand-name garments.</edu>
  <edu id="e3" lang="ru" trans="human">Однако сегодня имеет место тот факт что студенты в школах, где форма якобы не требуется, носят её в виде фирменной одежды определённых брендов.</edu>
  <edu id="e4" lang="en">A simply designed practical outfit would even out the overall visual image of a school, and direct attention towards the character and achievements of the students - and not their buying power.</edu>
  <edu id="e4" lang="ru" trans="human">Просто скроенная практичная одежда выровняет визуальный образ школы и позволит обратить внимание на характер и достижения учеников, а не на их покупательную способность.</edu>
  <adu id="a1" type="opp"/>
  <adu id="a2" type="opp"/>
  <adu id="a3" type="pro"/>
  <adu id="a4" type="pro"/>
  <edge id="c5" src="e1" trg="a1" type="seg"/>
  <edge id="c6" src="e2" trg="a2" type="seg"/>
  <edge id="c7" src="e3" trg="a3" type="seg"/>
  <edge id="c8" src="e4" trg="a4" type="seg"/>
  <edge id="c1" src="a1" trg="a4" type="reb"/>
  <edge id="c2" src="a2" trg="a4" type="reb"/>
  <edge id="c3" src="a3" trg="c2" type="und"/>
</arggraph>
