<?xml version='1.0' encoding='UTF-8'?>
<arggraph id="micro_d20">
  <edu id="e1" lang="en">The prototype of Audi's new sports car has car lovers raving.</edu>
  <edu id="e1" lang="ru" trans="human">Прототип нового спорткара Audi поднял шум в среде автолюбителей.</edu>
  <edu id="e2" lang="en">The steering system may still need a bit of tweaking,</edu>
  <edu id="e2" lang="ru" trans="human">Рулевое управление всё ещё требует настройки, </edu>
  <edu id="e3" lang="en">as the car jack-knifes at higher speeds,</edu>
  <edu id="e3" lang="ru" trans="human">на высоких скоростях машина складывается пополам,</edu>
  <edu id="e4" lang="en">and surely you'll want to be speeding a lot with that beauty.</edu>
  <edu id="e4" lang="ru" trans="human">а на этой красавице вам захочется погонять.</edu>
  <edu id="e5" lang="en">But aside from that the car caters to pretty much every wish.</edu>
  <edu id="e5" lang="ru" trans="human">Во всё остальном, машина может угодить любому вашему капризу.</edu>
  <adu id="a1" type="pro"/>
  <adu id="a2" type="opp"/>
  <adu id="a3" type="opp"/>
  <adu id="a4" type="opp"/>
  <adu id="a5" type="pro"/>
  <edge id="c6" src="e1" trg="a1" type="seg"/>
  <edge id="c7" src="e2" trg="a2" type="seg"/>
  <edge id="c8" src="e3" trg="a3" type="seg"/>
  <edge id="c9" src="e4" trg="a4" type="seg"/>
  <edge id="c10" src="e5" trg="a5" type="seg"/>
  <edge id="c2" src="a2" trg="a1" type="reb"/>
  <edge id="c3" src="a3" trg="a2" type="sup"/>
  <edge id="c4" src="a4" trg="c3" type="add"/>
  <edge id="c5" src="a5" trg="a1" type="sup"/>
</arggraph>
