<?xml version='1.0' encoding='UTF-8'?>
<arggraph id="micro_b010" topic_id="health_insurance_cover_complementary_medicine" stance="pro">
  <edu id="e1" lang="en">Alternative treatments should be subsidized in the same way as conventional treatments,</edu>
  <edu id="e1" lang="ru" trans="human">Альтернативные методы лечения должны субсидироваться так же, как и традиционные,</edu>
  <edu id="e2" lang="en">since both methods can lead to the prevention, mitigation or cure of an illness.</edu>
  <edu id="e2" lang="ru" trans="human">поскольку и те и другие могут применяться для профилактики, привести к смягчению или излечению болезни.</edu>
  <edu id="e3" lang="en">Besides it should be in the interest of the health insurers to recognize alternative medicine as treatment,</edu>
  <edu id="e3" lang="ru" trans="human">Кроме того, в интересах страховщиков признать альтернативную медицину,</edu>
  <edu id="e4" lang="en">since there is a chance of recovery.</edu>
  <edu id="e4" lang="ru" trans="human">так как она предоставляет шанс на выздоровление.</edu>
  <edu id="e5" lang="en">It doesn't matter after all that those who administer the treatment don't have 'doctor status'.</edu>
  <edu id="e5" lang="ru" trans="human">В конце концов, не имеет значения,имеют ли те, кто назначает лечение, «титул» врача.</edu>
  <adu id="a1" type="pro"/>
  <adu id="a2" type="pro"/>
  <adu id="a3" type="pro"/>
  <adu id="a4" type="pro"/>
  <adu id="a5" type="pro"/>
  <edge id="c6" src="e1" trg="a1" type="seg"/>
  <edge id="c7" src="e2" trg="a2" type="seg"/>
  <edge id="c8" src="e3" trg="a3" type="seg"/>
  <edge id="c9" src="e4" trg="a4" type="seg"/>
  <edge id="c10" src="e5" trg="a5" type="seg"/>
  <edge id="c2" src="a2" trg="a1" type="sup"/>
  <edge id="c3" src="a3" trg="a1" type="sup"/>
  <edge id="c4" src="a4" trg="a3" type="sup"/>
  <edge id="c5" src="a5" trg="a1" type="sup"/>
</arggraph>
