<?xml version='1.0' encoding='UTF-8'?>
<arggraph id="micro_d08">
  <edu id="e1" lang="en">Although IBM's numbers haven't been staggering recently,</edu>
  <edu id="e1" lang="ru" trans="human"></edu>
  <edu id="e2" lang="en">and the mood in the stock market could be better on the whole,</edu>
  <edu id="e2" lang="ru" trans="human"></edu>
  <edu id="e3" lang="en">you should buy IBM shares if you want to invest.</edu>
  <edu id="e3" lang="ru" trans="human"></edu>
  <edu id="e4" lang="en">Because for one thing, their products will still sell in bad times,</edu>
  <edu id="e4" lang="ru" trans="human"></edu>
  <edu id="e5" lang="en">and in addition, such a share is not as sensitive as those of other IT companies.</edu>
  <edu id="e5" lang="ru" trans="human"></edu>
  <adu id="a1" type="opp"/>
  <adu id="a2" type="opp"/>
  <adu id="a3" type="pro"/>
  <adu id="a4" type="pro"/>
  <adu id="a5" type="pro"/>
  <edge id="c6" src="e1" trg="a1" type="seg"/>
  <edge id="c7" src="e2" trg="a2" type="seg"/>
  <edge id="c8" src="e3" trg="a3" type="seg"/>
  <edge id="c9" src="e4" trg="a4" type="seg"/>
  <edge id="c10" src="e5" trg="a5" type="seg"/>
  <edge id="c1" src="a1" trg="a3" type="reb"/>
  <edge id="c2" src="a2" trg="a3" type="reb"/>
  <edge id="c4" src="a4" trg="a3" type="sup"/>
  <edge id="c5" src="a5" trg="a3" type="sup"/>
</arggraph>
