<?xml version='1.0' encoding='UTF-8'?>
<arggraph id="micro_b013" topic_id="health_insurance_cover_complementary_medicine" stance="pro">
  <edu id="e1" lang="en">Health insurance companies should naturally cover alternative medical treatments.</edu>
  <edu id="e1" lang="ru" trans="human">Разумеется, страховые компании должны покрывать расходы на альтернативную медицину.</edu>
  <edu id="e2" lang="en">Not all practices and approaches that are lumped together under this term may have been proven in clinical trials,</edu>
  <edu id="e2" lang="ru" trans="human">Возможно, не все практики и подходы, объединённые в этом термине, доказаны клиническими испытаниями,</edu>
  <edu id="e3" lang="en">yet it's precisely their positive effect when accompanying conventional 'western' medical therapies that's been demonstrated as beneficial.</edu>
  <edu id="e3" lang="ru" trans="human">но именно их положительный эффект продемонстрировал свою полезность в поддержке «западной» медицины.</edu>
  <edu id="e4" lang="en">Besides many general practitioners offer such counselling and treatments in parallel anyway -</edu>
  <edu id="e4" lang="ru" trans="human">Кроме того, многие врачи общей практики и так предлагают подобные консультации и методы лечения параллельно с традиционными -</edu>
  <edu id="e5" lang="en">and who would want to question their broad expertise?</edu>
  <edu id="e5" lang="ru" trans="human">а кто будет ставить под сомнение их объём опыта?</edu>
  <adu id="a1" type="pro"/>
  <adu id="a2" type="opp"/>
  <adu id="a3" type="pro"/>
  <adu id="a4" type="pro"/>
  <adu id="a5" type="pro"/>
  <edge id="c6" src="e1" trg="a1" type="seg"/>
  <edge id="c7" src="e2" trg="a2" type="seg"/>
  <edge id="c8" src="e3" trg="a3" type="seg"/>
  <edge id="c9" src="e4" trg="a4" type="seg"/>
  <edge id="c10" src="e5" trg="a5" type="seg"/>
  <edge id="c2" src="a2" trg="a1" type="reb"/>
  <edge id="c3" src="a3" trg="c2" type="und"/>
  <edge id="c4" src="a4" trg="a1" type="sup"/>
  <edge id="c5" src="a5" trg="c4" type="add"/>
</arggraph>
