<?xml version='1.0' encoding='UTF-8'?>
<arggraph id="micro_b040" topic_id="higher_dog_poo_fines" stance="pro">
  <edu id="e1" lang="en">There should be much higher fines for dog dirt left on pavements.</edu>
  <edu id="e1" lang="ru" trans="human">Штраф за собачьи «кучки» на асфальте должен быть значительно больше.</edu>
  <edu id="e2" lang="en">Stepping in dog dirt is gross and absolutely ruins your day</edu>
  <edu id="e2" lang="ru" trans="human">Наступить в собачью «кучку» - это мерзко, и это портит настроение на весь день </edu>
  <edu id="e3" lang="en">due to the dirt, the stench and the often considerable effort to get rid of it.</edu>
  <edu id="e3" lang="ru" trans="human">из-за грязи, вони и часто значительных усилий, необходимых для её удаления.</edu>
  <edu id="e4" lang="en">Besides, the fines for public urination by a human are higher than for leaving behind dog dirt on the pavement, which is disproportionate.</edu>
  <edu id="e4" lang="ru" trans="human">К тому же, штраф за публичное мочеиспускание для людей выше, чем за оставление собачьих испражнений на асфальте, чего не должно быть.</edu>
  <edu id="e5" lang="en">Some dog owners assume that paying a dog licence fee covers the removal of such waste,</edu>
  <edu id="e5" lang="ru" trans="human">Некоторые владельцы собак полагают, что оплата лицензии на собаку покрывает удаление таких отходов,</edu>
  <edu id="e6" lang="en">but according to this logic one could hardly make the taxpayer accountable for almost any offense.</edu>
  <edu id="e6" lang="ru" trans="human">но по этой логике налогоплательщиков вообще сложно привлечь к ответу за какое-либо правонарушение.</edu>
  <adu id="a1" type="pro"/>
  <adu id="a2" type="pro"/>
  <adu id="a3" type="pro"/>
  <adu id="a4" type="pro"/>
  <adu id="a5" type="opp"/>
  <adu id="a6" type="pro"/>
  <edge id="c7" src="e1" trg="a1" type="seg"/>
  <edge id="c8" src="e2" trg="a2" type="seg"/>
  <edge id="c9" src="e3" trg="a3" type="seg"/>
  <edge id="c10" src="e4" trg="a4" type="seg"/>
  <edge id="c11" src="e5" trg="a5" type="seg"/>
  <edge id="c12" src="e6" trg="a6" type="seg"/>
  <edge id="c2" src="a2" trg="a1" type="sup"/>
  <edge id="c3" src="a3" trg="a2" type="sup"/>
  <edge id="c4" src="a4" trg="a1" type="sup"/>
  <edge id="c5" src="a5" trg="a1" type="reb"/>
  <edge id="c6" src="a6" trg="a5" type="reb"/>
</arggraph>
