<?xml version='1.0' encoding='UTF-8'?>
<arggraph id="micro_b022" topic_id="keep_retirement_at_63" stance="con">
  <edu id="e1" lang="en">No, the retirement age should be raised to 65 again.</edu>
  <edu id="e1" lang="ru" trans="human">Нет, пенсионный возраст должен быть снова повышен до 65 лет.</edu>
  <edu id="e2" lang="en">People are getting older on average,</edu>
  <edu id="e2" lang="ru" trans="human">Люди в среднем живут дольше,</edu>
  <edu id="e3" lang="en">but they are not sicker and not duller because of it.</edu>
  <edu id="e3" lang="ru" trans="human">но не глупеют и не становятся из-за этого слабее здоровьем.</edu>
  <edu id="e4" lang="en">Without them we'd forgo a great deal of collected experience.</edu>
  <edu id="e4" lang="ru" trans="human">Без старшего поколения мы бы потеряли огромный объём накопленного опыта.</edu>
  <edu id="e5" lang="en">And we'd have to offer more leisure activities for seniors.</edu>
  <edu id="e5" lang="ru" trans="human">И пришлось бы предоставлять пожилым людям больше способов провести свободное время.</edu>
  <adu id="a1" type="pro"/>
  <adu id="a2" type="opp"/>
  <adu id="a3" type="pro"/>
  <adu id="a4" type="pro"/>
  <adu id="a5" type="pro"/>
  <edge id="c6" src="e1" trg="a1" type="seg"/>
  <edge id="c7" src="e2" trg="a2" type="seg"/>
  <edge id="c8" src="e3" trg="a3" type="seg"/>
  <edge id="c9" src="e4" trg="a4" type="seg"/>
  <edge id="c10" src="e5" trg="a5" type="seg"/>
  <edge id="c2" src="a2" trg="c3" type="und"/>
  <edge id="c3" src="a3" trg="a1" type="sup"/>
  <edge id="c4" src="a4" trg="a1" type="sup"/>
  <edge id="c5" src="a5" trg="a1" type="sup"/>
</arggraph>
