<?xml version='1.0' encoding='UTF-8'?>
<arggraph id="micro_d12">
  <edu id="e1" lang="en">I can only recommend the new smartphone XYZ-123 to everyone.</edu>
  <edu id="e1" lang="ru" trans="human"></edu>
  <edu id="e2" lang="en">Of course the camera could be better,</edu>
  <edu id="e2" lang="ru" trans="human"></edu>
  <edu id="e3" lang="en">as it only has mediocre resolution</edu>
  <edu id="e3" lang="ru" trans="human"></edu>
  <edu id="e4" lang="en">and images in dark surroundings are often snowy.</edu>
  <edu id="e4" lang="ru" trans="human"></edu>
  <edu id="e5" lang="en">But for snap shots that's still enough.</edu>
  <edu id="e5" lang="ru" trans="human"></edu>
  <adu id="a1" type="pro"/>
  <adu id="a2" type="opp"/>
  <adu id="a3" type="opp"/>
  <adu id="a4" type="opp"/>
  <adu id="a5" type="pro"/>
  <edge id="c6" src="e1" trg="a1" type="seg"/>
  <edge id="c7" src="e2" trg="a2" type="seg"/>
  <edge id="c8" src="e3" trg="a3" type="seg"/>
  <edge id="c9" src="e4" trg="a4" type="seg"/>
  <edge id="c10" src="e5" trg="a5" type="seg"/>
  <edge id="c2" src="a2" trg="a1" type="reb"/>
  <edge id="c3" src="a3" trg="a2" type="sup"/>
  <edge id="c4" src="a4" trg="c3" type="add"/>
  <edge id="c5" src="a5" trg="c2" type="und"/>
</arggraph>
