<?xml version='1.0' encoding='UTF-8'?>
<arggraph id="micro_k003" topic_id="increase_weight_of_BA_thesis_in_final_grade" stance="con">
  <edu id="e1" lang="en">Usually you only have eight weeks to complete a bachelor thesis in linguistics degrees.</edu>
  <edu id="e1" lang="ru" trans="human">Обычно даётся всего два месяца, чтобы закончить обучение на  диплом бакалавра по лингвистике.</edu>
  <edu id="e2" lang="en">Adjusting the portion of the total grade upwards anyway would not be commensurate to other study assignments and examinations.</edu>
  <edu id="e2" lang="ru" trans="human">В любом случае, поправка общей оценки в сторону повышения не будет соизмерима с другими учебными заданиями и экзаменами.</edu>
  <edu id="e3" lang="en">Current regulations for the calculation of the total grade should therefore be maintained.</edu>
  <edu id="e3" lang="ru" trans="human">Поэтому следует сохранить действующие правила расчета общей оценки.</edu>
  <edu id="e4" lang="en">Indeed the preparation of such a scientific work is a fundamental competency that must be acquired in philological degrees.</edu>
  <edu id="e4" lang="ru" trans="human">Действительно, подготовка такого научного труда является важнейшей компетенцией, которую необходимо приобретать в области филологии.</edu>
  <edu id="e5" lang="en">Throughout the six or seven semesters, however, topics are covered that likewise ought to carry weight.</edu>
  <edu id="e5" lang="ru" trans="human">Однако, в течение шести или семи семестров рассматриваются и другие темы, которые следует принимать во внимание.</edu>
  <adu id="a1" type="pro"/>
  <adu id="a2" type="pro"/>
  <adu id="a3" type="pro"/>
  <adu id="a4" type="opp"/>
  <adu id="a5" type="pro"/>
  <edge id="c6" src="e1" trg="a1" type="seg"/>
  <edge id="c7" src="e2" trg="a2" type="seg"/>
  <edge id="c8" src="e3" trg="a3" type="seg"/>
  <edge id="c9" src="e4" trg="a4" type="seg"/>
  <edge id="c10" src="e5" trg="a5" type="seg"/>
  <edge id="c1" src="a1" trg="a3" type="sup"/>
  <edge id="c2" src="a2" trg="c1" type="add"/>
  <edge id="c4" src="a4" trg="a3" type="reb"/>
  <edge id="c5" src="a5" trg="c4" type="und"/>
</arggraph>
