<?xml version='1.0' encoding='UTF-8'?>
<arggraph id="micro_b055" topic_id="over_the_counter_morning_after_pill" stance="pro">
  <edu id="e1" lang="en">Being a pharmacist myself,</edu>
  <edu id="e1" lang="ru" trans="human">Как фармацевт,</edu>
  <edu id="e2" lang="en">I argue categorically in favour of over-the-counter availability of the morning-after pill in pharmacies.</edu>
  <edu id="e2" lang="ru" trans="human">я категорически выступаю за продажу противозачаточных таблеток в аптеках без рецепта.</edu>
  <edu id="e3" lang="en">From a medical perspective the morning-after pill works best when taken as soon as possible after intercourse.</edu>
  <edu id="e3" lang="ru" trans="human">С медицинской точки зрения, противозачаточные работают лучше всего при скорейшем применении после полового акта.</edu>
  <edu id="e4" lang="en">Always having to visit the doctor first (including travel and waiting time, possible embarrassment, etc.) leads to more unwanted pregnancies.</edu>
  <edu id="e4" lang="ru" trans="human">Необходимость посещения сначала врача (включая время в пути, ожидание, возможное смущение и т.д.) приводит к увеличению числа нежелательных беременностей.</edu>
  <edu id="e5" lang="en">Many opponents of the pill point out that this does away with the consultation at the doctor's and many women take it unnecessarily.</edu>
  <edu id="e5" lang="ru" trans="human">Многие противники противозачаточных средств отмечают, что это избавляет от необходимости консультации у врача, и многие женщины принимают таблетки без необходимости.</edu>
  <edu id="e6" lang="en">However, the fact is that we pharmacists are legally required to inform the patients and possess the same subject matter expertise as doctors.</edu>
  <edu id="e6" lang="ru" trans="human">Но реальность такова, что фармацевты по закону обязаны предоставлять пациентам информацию и обладают тем же опытом и знаниями, что и врачи.</edu>
  <adu id="a1" type="pro"/>
  <adu id="a2" type="pro"/>
  <adu id="a3" type="pro"/>
  <adu id="a4" type="pro"/>
  <adu id="a5" type="opp"/>
  <adu id="a6" type="pro"/>
  <edge id="c7" src="e1" trg="a1" type="seg"/>
  <edge id="c8" src="e2" trg="a2" type="seg"/>
  <edge id="c9" src="e3" trg="a3" type="seg"/>
  <edge id="c10" src="e4" trg="a4" type="seg"/>
  <edge id="c11" src="e5" trg="a5" type="seg"/>
  <edge id="c12" src="e6" trg="a6" type="seg"/>
  <edge id="c1" src="a1" trg="a2" type="sup"/>
  <edge id="c3" src="a3" trg="a2" type="sup"/>
  <edge id="c4" src="a4" trg="c3" type="add"/>
  <edge id="c5" src="a5" trg="a2" type="reb"/>
  <edge id="c6" src="a6" trg="c5" type="und"/>
</arggraph>
