<?xml version='1.0' encoding='UTF-8'?>
<arggraph id="micro_b015" topic_id="allow_shops_to_open_on_holidays_and_sundays" stance="pro">
  <edu id="e1" lang="en">Well, I as an employee find it very practical to be able to shop at least on weekends.</edu>
  <edu id="e1" lang="ru" trans="human">Ну, я, будучи работающим человеком, нахожу очень удобным иметь возможность сходить за покупками хотя бы в выходные.</edu>
  <edu id="e2" lang="en">Sure, other people have to work in the shops on the weekend,</edu>
  <edu id="e2" lang="ru" trans="human">Конечно, другим приходится работать в магазинах по выходным,</edu>
  <edu id="e3" lang="en">but they can have days off during the week and run errands at their leisure while I'm stuck in the office.</edu>
  <edu id="e3" lang="ru" trans="human">но они могут брать отгулы в рабочие дни и заниматься своими делами, пока я сижу в офисе.</edu>
  <edu id="e4" lang="en">Plus, the state wants me to spend my money,</edu>
  <edu id="e4" lang="ru" trans="human">К тому же, государство хочет, чтобы я тратил деньги,</edu>
  <edu id="e5" lang="en">and how am I supposed to do that when the shops aren't open when I'm off work?</edu>
  <edu id="e5" lang="ru" trans="human">а как мне тратить деньги, если магазины по выходным не работают?</edu>
  <adu id="a1" type="pro"/>
  <adu id="a2" type="opp"/>
  <adu id="a3" type="pro"/>
  <adu id="a4" type="pro"/>
  <adu id="a5" type="pro"/>
  <edge id="c6" src="e1" trg="a1" type="seg"/>
  <edge id="c7" src="e2" trg="a2" type="seg"/>
  <edge id="c8" src="e3" trg="a3" type="seg"/>
  <edge id="c9" src="e4" trg="a4" type="seg"/>
  <edge id="c10" src="e5" trg="a5" type="seg"/>
  <edge id="c2" src="a2" trg="a1" type="reb"/>
  <edge id="c3" src="a3" trg="c2" type="und"/>
  <edge id="c4" src="a4" trg="a1" type="sup"/>
  <edge id="c5" src="a5" trg="c4" type="add"/>
</arggraph>
