<?xml version='1.0' encoding='UTF-8'?>
<arggraph id="micro_b016" topic_id="increase_weight_of_BA_thesis_in_final_grade" stance="pro">
  <edu id="e1" lang="en">The idea of the bachelor degree is to put together a cumulative grade from various individual assignments in order to generate a final grade.</edu>
  <edu id="e1" lang="ru" trans="human"></edu>
  <edu id="e2" lang="en">This is also more akin to the real working world later, where performance isn't singular, but constant and has to be delivered over longer periods.</edu>
  <edu id="e2" lang="ru" trans="human"></edu>
  <edu id="e3" lang="en">That's why it makes sense that the bachelor thesis only makes up a relatively small portion of the final grade (15 out of 120 credits).</edu>
  <edu id="e3" lang="ru" trans="human"></edu>
  <edu id="e4" lang="en">However, the effort required for the individual equally weighted modules differs strongly.</edu>
  <edu id="e4" lang="ru" trans="human"></edu>
  <edu id="e5" lang="en">It would therefore be wise to adjust the required effort for final theses accordingly.</edu>
  <edu id="e5" lang="ru" trans="human"></edu>
  <adu id="a1" type="opp"/>
  <adu id="a2" type="opp"/>
  <adu id="a3" type="opp"/>
  <adu id="a4" type="pro"/>
  <adu id="a5" type="pro"/>
  <edge id="c6" src="e1" trg="a1" type="seg"/>
  <edge id="c7" src="e2" trg="a2" type="seg"/>
  <edge id="c8" src="e3" trg="a3" type="seg"/>
  <edge id="c9" src="e4" trg="a4" type="seg"/>
  <edge id="c10" src="e5" trg="a5" type="seg"/>
  <edge id="c1" src="a1" trg="a3" type="sup"/>
  <edge id="c2" src="a2" trg="a3" type="sup"/>
  <edge id="c3" src="a3" trg="a5" type="reb"/>
  <edge id="c4" src="a4" trg="c3" type="und"/>
</arggraph>
