<?xml version='1.0' encoding='UTF-8'?>
<arggraph id="micro_b036" topic_id="make_video_games_olympic" stance="pro">
  <edu id="e1" lang="en">Video games ought to be included in the ranks of Olympic events.</edu>
  <edu id="e1" lang="ru" trans="human"></edu>
  <edu id="e2" lang="en">The performance often required by players is considerable and by all means comparable to physical efforts.</edu>
  <edu id="e2" lang="ru" trans="human"></edu>
  <edu id="e3" lang="en">Various skills are promoted and required by different games,</edu>
  <edu id="e3" lang="ru" trans="human"></edu>
  <edu id="e4" lang="en">including planning abilities, reaction time, and reasoning to name but a few.</edu>
  <edu id="e4" lang="ru" trans="human"></edu>
  <edu id="e5" lang="en">Considering their requirements, some video games are not relevant as sports,</edu>
  <edu id="e5" lang="ru" trans="human"></edu>
  <edu id="e6" lang="en">but this issue should be solvable through a clearly structured preselection process.</edu>
  <edu id="e6" lang="ru" trans="human"></edu>
  <adu id="a1" type="pro"/>
  <adu id="a2" type="pro"/>
  <adu id="a3" type="pro"/>
  <adu id="a4" type="pro"/>
  <adu id="a5" type="opp"/>
  <adu id="a6" type="pro"/>
  <edge id="c7" src="e1" trg="a1" type="seg"/>
  <edge id="c8" src="e2" trg="a2" type="seg"/>
  <edge id="c9" src="e3" trg="a3" type="seg"/>
  <edge id="c10" src="e4" trg="a4" type="seg"/>
  <edge id="c11" src="e5" trg="a5" type="seg"/>
  <edge id="c12" src="e6" trg="a6" type="seg"/>
  <edge id="c2" src="a2" trg="a1" type="sup"/>
  <edge id="c3" src="a3" trg="a2" type="sup"/>
  <edge id="c4" src="a4" trg="a3" type="exa"/>
  <edge id="c5" src="a5" trg="a1" type="reb"/>
  <edge id="c6" src="a6" trg="c5" type="und"/>
</arggraph>
