<?xml version='1.0' encoding='UTF-8'?>
<arggraph id="micro_k015" topic_id="TXL_airport_remain_operational_after_BER_opening" stance="unclear">
  <edu id="e1" lang="en">BER should be re-conceptualized from scratch,</edu>
  <edu id="e1" lang="ru" trans="human">Выполнение бюджета должен быть заново переосмыслено,</edu>
  <edu id="e2" lang="en">even if billions of Euros have already been invested in the existing airport project</edu>
  <edu id="e2" lang="ru" trans="human">даже если миллиарды евро уже были вложены в существующий проект аэропорта,</edu>
  <edu id="e3" lang="en">and this would delay the date of completion indefinitely.</edu>
  <edu id="e3" lang="ru" trans="human">и из-за этого дата завершения будет откладываться на неопределенный срок.</edu>
  <edu id="e4" lang="en">Both the drawn-out building operations and the mounting safety issues show clear shortcomings in the entire planning.</edu>
  <edu id="e4" lang="ru" trans="human">Как затяжные строительные работы, так и вопросы безопасности при монтаже показывают явные недостатки во всем планировании.</edu>
  <adu id="a1" type="pro"/>
  <adu id="a2" type="opp"/>
  <adu id="a3" type="opp"/>
  <adu id="a4" type="pro"/>
  <edge id="c5" src="e1" trg="a1" type="seg"/>
  <edge id="c6" src="e2" trg="a2" type="seg"/>
  <edge id="c7" src="e3" trg="a3" type="seg"/>
  <edge id="c8" src="e4" trg="a4" type="seg"/>
  <edge id="c2" src="a2" trg="a1" type="reb"/>
  <edge id="c3" src="a3" trg="a1" type="reb"/>
  <edge id="c4" src="a4" trg="a1" type="sup"/>
</arggraph>
