<?xml version='1.0' encoding='UTF-8'?>
<arggraph id="micro_b057" topic_id="keep_retirement_at_63" stance="con">
  <edu id="e1" lang="en">Retirement at 63, that's something everyone who has toiled away (nonstop) up to this point surely deserves.</edu>
  <edu id="e1" lang="ru" trans="human">Выход на пенсию в 63 года – это то, чего каждый, кто трудился (без остановки) до этого момента, безусловно, заслуживает.</edu>
  <edu id="e2" lang="en">Only the question remains whether this early 'leisure' will be nicer if you have no idea what do to all day and you statistically still have almost 20 (!!!) years to go?</edu>
  <edu id="e2" lang="ru" trans="human">Остаётся только вопрос, будет ли этот ранний «досуг» более приятным, если вы не знаете, что делать целыми днями, а по статистике вам осталось ещё почти 20 (!!!) лет?</edu>
  <edu id="e3" lang="en">Also, one isn't taking responsibility for society if one gives up one's experienced, healthy and highly qualified capabilities earlier than necessary for private/personal reasons.</edu>
  <edu id="e3" lang="ru" trans="human">Кроме того, человек не принимает должной ответственности за общество, если отказывается от своей высококвалифицированной работы, для которой он обладает необходимым опытом и здоровьем, раньше, чем необходимо, из личных причин.</edu>
  <edu id="e4" lang="en">Especially now, as there is a lack of skilled labour, it's irresponsible for the economy and prosperity to retire at 63.</edu>
  <edu id="e4" lang="ru" trans="human">Особенно сейчас, в условиях недостатка квалифицированных работников, безответственно с точки зрения экономического благополучия уходить на пенсию в 63 года.</edu>
  <adu id="a1" type="opp"/>
  <adu id="a2" type="pro"/>
  <adu id="a3" type="pro"/>
  <adu id="a4" type="pro"/>
  <edge id="c5" src="e1" trg="a1" type="seg"/>
  <edge id="c6" src="e2" trg="a2" type="seg"/>
  <edge id="c7" src="e3" trg="a3" type="seg"/>
  <edge id="c8" src="e4" trg="a4" type="seg"/>
  <edge id="c1" src="a1" trg="a4" type="reb"/>
  <edge id="c2" src="a2" trg="a4" type="sup"/>
  <edge id="c3" src="a3" trg="a4" type="sup"/>
</arggraph>
