<?xml version='1.0' encoding='UTF-8'?>
<arggraph id="micro_d16">
  <edu id="e1" lang="en">There are parliamentary elections soon</edu>
  <edu id="e1" lang="ru" trans="human">Скоро парламентские выборы,</edu>
  <edu id="e2" lang="en">and traditionally the governing party is generous with popular promises in the run-up to federal elections.</edu>
  <edu id="e2" lang="ru" trans="human">и по традиции правящая партия щедро сыплет популистскими лозунгами в федеральной предвыборной кампании.</edu>
  <edu id="e3" lang="en">Nevertheless the head of government, Merkel, had better restrain herself in announcing handouts this year.</edu>
  <edu id="e3" lang="ru" trans="human">Тем не менее, главе правительства, Меркель, лучше быть сдержанней, когда она будет объявлять подачки на этот год.</edu>
  <edu id="e4" lang="en">Voters have become more sceptical.</edu>
  <edu id="e4" lang="ru" trans="human">Избиратели стали более скептически настроены.</edu>
  <edu id="e5" lang="en">Too many promises have not been kept.</edu>
  <edu id="e5" lang="ru" trans="human">Слишком много обещаний было не сдержано.</edu>
  <adu id="a1" type="opp"/>
  <adu id="a2" type="opp"/>
  <adu id="a3" type="pro"/>
  <adu id="a4" type="pro"/>
  <adu id="a5" type="pro"/>
  <edge id="c6" src="e1" trg="a1" type="seg"/>
  <edge id="c7" src="e2" trg="a2" type="seg"/>
  <edge id="c8" src="e3" trg="a3" type="seg"/>
  <edge id="c9" src="e4" trg="a4" type="seg"/>
  <edge id="c10" src="e5" trg="a5" type="seg"/>
  <edge id="c1" src="a1" trg="a3" type="reb"/>
  <edge id="c2" src="a2" trg="c1" type="add"/>
  <edge id="c4" src="a4" trg="a3" type="sup"/>
  <edge id="c5" src="a5" trg="a4" type="sup"/>
</arggraph>
