<?xml version='1.0' encoding='UTF-8'?>
<arggraph id="micro_b003" topic_id="health_insurance_cover_complementary_medicine" stance="con">
  <edu id="e1" lang="en">Health insurance companies should not cover treatment in complementary medicine</edu>
  <edu id="e1" lang="ru" trans="human">Медицинские страховые компании не должны покрывать лечение в дополнительной медицине</edu>
  <edu id="e2" lang="en">unless the promised effect and its medical benefit have been concretely proven.</edu>
  <edu id="e2" lang="ru" trans="human">если обещанный эффект и его медицинская польза не были конкретно доказаны.</edu>
  <edu id="e3" lang="en">Yet this very proof is lacking in most cases.</edu>
  <edu id="e3" lang="ru" trans="human">Однако, именно этого доказательства в большинстве случаев и не хватает.</edu>
  <edu id="e4" lang="en">Patients do often report relief of their complaints after such treatments.</edu>
  <edu id="e4" lang="ru" trans="human">Пациенты действительно часто сообщают об уменьшении их жалоб после такого лечения.</edu>
  <edu id="e5" lang="en">But as long as it is unclear as to how this works, the funds should rather be spent on therapies where one knows with certainty.</edu>
  <edu id="e5" lang="ru" trans="human">Но до тех пор, пока неясно, как это работает, средства скорее должны быть потрачены на терапию, в которой мы точно уверены.</edu>
  <adu id="a1" type="pro"/>
  <adu id="a2" type="opp"/>
  <adu id="a3" type="pro"/>
  <adu id="a4" type="opp"/>
  <adu id="a5" type="pro"/>
  <edge id="c6" src="e1" trg="a1" type="seg"/>
  <edge id="c7" src="e2" trg="a2" type="seg"/>
  <edge id="c8" src="e3" trg="a3" type="seg"/>
  <edge id="c9" src="e4" trg="a4" type="seg"/>
  <edge id="c10" src="e5" trg="a5" type="seg"/>
  <edge id="c2" src="a2" trg="a1" type="reb"/>
  <edge id="c3" src="a3" trg="a2" type="reb"/>
  <edge id="c4" src="a4" trg="a1" type="reb"/>
  <edge id="c5" src="a5" trg="c4" type="und"/>
</arggraph>
