<?xml version='1.0' encoding='UTF-8'?>
<arggraph id="micro_d17">
  <edu id="e1" lang="en">Excessive consumption of meat is unhealthy.</edu>
  <edu id="e1" lang="ru" trans="human">Чрезмерное употребление мяса вредит здоровью.</edu>
  <edu id="e2" lang="en">Furthermore, the production of meat is comparably resource-intensive.</edu>
  <edu id="e2" lang="ru" trans="human">Кроме того, производство мясопродуктов требует сравнительно больших затрат.</edu>
  <edu id="e3" lang="en">We should thus all limit our consumption of meat rigorously.</edu>
  <edu id="e3" lang="ru" trans="human">Поэтому нам следует решительно ограничить употребление мяса.</edu>
  <edu id="e4" lang="en">One could worry that our farmers would then run into economic difficulties.</edu>
  <edu id="e4" lang="ru" trans="human">Можно было бы волноваться, что перед фермерами в этом случае встанут экономические проблемы.</edu>
  <edu id="e5" lang="en">However, no serious economist has confirmed this prediction to date.</edu>
  <edu id="e5" lang="ru" trans="human">Впрочем, ни один серьёзный экономист до сих пор не подтвердил этот прогноз.</edu>
  <adu id="a1" type="pro"/>
  <adu id="a2" type="pro"/>
  <adu id="a3" type="pro"/>
  <adu id="a4" type="opp"/>
  <adu id="a5" type="pro"/>
  <edge id="c6" src="e1" trg="a1" type="seg"/>
  <edge id="c7" src="e2" trg="a2" type="seg"/>
  <edge id="c8" src="e3" trg="a3" type="seg"/>
  <edge id="c9" src="e4" trg="a4" type="seg"/>
  <edge id="c10" src="e5" trg="a5" type="seg"/>
  <edge id="c1" src="a1" trg="a3" type="sup"/>
  <edge id="c2" src="a2" trg="a3" type="sup"/>
  <edge id="c4" src="a4" trg="a3" type="reb"/>
  <edge id="c5" src="a5" trg="a4" type="reb"/>
</arggraph>
