<?xml version='1.0' encoding='UTF-8'?>
<arggraph id="micro_b061" topic_id="higher_dog_poo_fines" stance="con">
  <edu id="e1" lang="en">Higher penalties for dog dirt are pointless as long as there is not enough personnel to enforce them.</edu>
  <edu id="e1" lang="ru" trans="human">Повышенные штрафы за собачьи «кучки» бессмысленны, пока недостаточно сотрудников для их соблюдения.</edu>
  <edu id="e2" lang="en">In individual cases they may indeed act as a deterrent,</edu>
  <edu id="e2" lang="ru" trans="human">В отдельных случаях они, конечно, могут служить сдерживающим фактором,</edu>
  <edu id="e3" lang="en">in general, however, a clean environment and the role model effect of others is more likely to motivate the dog owner to pick up the droppings than a potential fine.</edu>
  <edu id="e3" lang="ru" trans="human">в целом же чистая окружающая среда и положительный пример со стороны других людей скорее заставят владельца собаки убрать за своим питомцем, чем возможный штраф.</edu>
  <adu id="a1" type="pro"/>
  <adu id="a2" type="opp"/>
  <adu id="a3" type="pro"/>
  <edge id="c4" src="e1" trg="a1" type="seg"/>
  <edge id="c5" src="e2" trg="a2" type="seg"/>
  <edge id="c6" src="e3" trg="a3" type="seg"/>
  <edge id="c2" src="a2" trg="a1" type="reb"/>
  <edge id="c3" src="a3" trg="a1" type="sup"/>
</arggraph>
