<?xml version='1.0' encoding='UTF-8'?>
<arggraph id="micro_d10">
  <edu id="e1" lang="en">In a few decades our society will have a disproportionate number of old people:</edu>
  <edu id="e1" lang="ru" trans="human">Через несколько десятилетий в нашем обществе будет непропорциональное количество стариков:</edu>
  <edu id="e2" lang="en">the life expectancy is constantly rising,</edu>
  <edu id="e2" lang="ru" trans="human">средняя продолжительность жизни постоянно растёт,</edu>
  <edu id="e3" lang="en">and at the same time birth rates are declining.</edu>
  <edu id="e3" lang="ru" trans="human">и одновременно падает рождаемость.</edu>
  <edu id="e4" lang="en">Although having children has become more fashionable again in recent years,</edu>
  <edu id="e4" lang="ru" trans="human">Хотя иметь детей в последние годы вновь стало модно,</edu>
  <edu id="e5" lang="en">these short-term fluctuations in birth rates don't change the general trend at all.</edu>
  <edu id="e5" lang="ru" trans="human">эти кратковременные изменения рождаемости совершенно не меняют общую тенденцию.</edu>
  <adu id="a1" type="pro"/>
  <adu id="a2" type="pro"/>
  <adu id="a3" type="pro"/>
  <adu id="a4" type="opp"/>
  <adu id="a5" type="pro"/>
  <edge id="c6" src="e1" trg="a1" type="seg"/>
  <edge id="c7" src="e2" trg="a2" type="seg"/>
  <edge id="c8" src="e3" trg="a3" type="seg"/>
  <edge id="c9" src="e4" trg="a4" type="seg"/>
  <edge id="c10" src="e5" trg="a5" type="seg"/>
  <edge id="c2" src="a2" trg="a1" type="sup"/>
  <edge id="c3" src="a3" trg="c2" type="add"/>
  <edge id="c4" src="a4" trg="a3" type="reb"/>
  <edge id="c5" src="a5" trg="c4" type="und"/>
</arggraph>
