<?xml version='1.0' encoding='UTF-8'?>
<arggraph id="micro_k024" topic_id="higher_dog_poo_fines" stance="pro">
  <edu id="e1" lang="en">Dog owners should pay higher fines for dog dirt left on pavements,</edu>
  <edu id="e1" lang="ru" trans="human">Владельцы собак должны платить более высокие штрафы за собачьи отходы, оставленные на тротуарах,</edu>
  <edu id="e2" lang="en">although there aren't enough bins and bag-dispensers for dog dirt.</edu>
  <edu id="e2" lang="ru" trans="human">хотя для уборки после собаки однозначно не хватает урн и пакетиков.</edu>
  <edu id="e3" lang="en">One reason for this is that they have thus far hardly had to fear the consequences despite the obligation to clean up.</edu>
  <edu id="e3" lang="ru" trans="human">Одна из причин этого заключается в том, что до сих пор они совсм не боятся последствий, несмотря на то, что уборка за питомцем – это их обязанность.</edu>
  <edu id="e4" lang="en">A higher fine, so dog owners would have to dig deeper into their pockets, is supposed to be a deterrent after all.</edu>
  <edu id="e4" lang="ru" trans="human">Предполагается, что более высокий штраф, который заставил бы владельцев собак поглубже залесть к себе в карман, будет, в конечном счете, сдерживающим фактором.</edu>
  <edu id="e5" lang="en">The city, especially the green spaces, should be kept tidy after all,</edu>
  <edu id="e5" lang="ru" trans="human">Весь город, и в особенности зеленые газоны должны быть в порядке,</edu>
  <edu id="e6" lang="en">for they are there for our recreation.</edu>
  <edu id="e6" lang="ru" trans="human">так как это места для нашего же отдыха.</edu>
  <edu id="e7" lang="en">Besides you're not allowed to leave other rubbish without punishment.</edu>
  <edu id="e7" lang="ru" trans="human">Кроме того, за любой оставленный после себя мусор должно последовать наказание.</edu>
  <adu id="a1" type="pro"/>
  <adu id="a2" type="opp"/>
  <adu id="a3" type="pro"/>
  <adu id="a4" type="pro"/>
  <adu id="a5" type="pro"/>
  <adu id="a6" type="pro"/>
  <adu id="a7" type="pro"/>
  <edge id="c8" src="e1" trg="a1" type="seg"/>
  <edge id="c9" src="e2" trg="a2" type="seg"/>
  <edge id="c10" src="e3" trg="a3" type="seg"/>
  <edge id="c11" src="e4" trg="a4" type="seg"/>
  <edge id="c12" src="e5" trg="a5" type="seg"/>
  <edge id="c13" src="e6" trg="a6" type="seg"/>
  <edge id="c14" src="e7" trg="a7" type="seg"/>
  <edge id="c2" src="a2" trg="a1" type="reb"/>
  <edge id="c3" src="a3" trg="a1" type="sup"/>
  <edge id="c4" src="a4" trg="a1" type="sup"/>
  <edge id="c5" src="a5" trg="a1" type="sup"/>
  <edge id="c6" src="a6" trg="a5" type="sup"/>
  <edge id="c7" src="a7" trg="a1" type="sup"/>
</arggraph>
