<?xml version='1.0' encoding='UTF-8'?>
<arggraph id="micro_b031" topic_id="introduce_capital_punishment" stance="con">
  <edu id="e1" lang="en">One should not re-introduce capital punishment in Germany,</edu>
  <edu id="e1" lang="ru" trans="human">Не следует повторно вводить смертную казнь в Германии, </edu>
  <edu id="e2" lang="en">since no one can claim the right to rule over the life or death of another human being.</edu>
  <edu id="e2" lang="ru" trans="human">поскольку никто не может претендовать на право решать, жить другому или умереть.</edu>
  <edu id="e3" lang="en">Capital punishment will not deter anyone else from an atrocity.</edu>
  <edu id="e3" lang="ru" trans="human">Высшая мера наказания никого не удержит от жестокости.</edu>
  <edu id="e4" lang="en">Everyone must be given the chance to hone their conscience and possibly make amends for their deed.</edu>
  <edu id="e4" lang="ru" trans="human">Каждому должен быть предоставлен шанс пробудить свою совесть и, возможно, искупить вину за содеянное.</edu>
  <adu id="a1" type="pro"/>
  <adu id="a2" type="pro"/>
  <adu id="a3" type="pro"/>
  <adu id="a4" type="pro"/>
  <edge id="c5" src="e1" trg="a1" type="seg"/>
  <edge id="c6" src="e2" trg="a2" type="seg"/>
  <edge id="c7" src="e3" trg="a3" type="seg"/>
  <edge id="c8" src="e4" trg="a4" type="seg"/>
  <edge id="c2" src="a2" trg="a1" type="sup"/>
  <edge id="c3" src="a3" trg="a1" type="sup"/>
  <edge id="c4" src="a4" trg="a1" type="sup"/>
</arggraph>
