<?xml version='1.0' encoding='UTF-8'?>
<arggraph id="micro_b014" topic_id="public_broadcasting_fees_on_demand" stance="pro">
  <edu id="e1" lang="en">Actually only those people should pay a TV &amp; radio licence fee who really watch ARD, ZDF, Arte etc.</edu>
  <edu id="e1" lang="ru" trans="human">На самом деле, только те, кто действительно смотрит ARD, ZDF, Arte и подобные каналы, должны платить лицензионный сбор.</edu>
  <edu id="e2" lang="en">It is in fact good to support sophisticated programming through fees.</edu>
  <edu id="e2" lang="ru" trans="human">Сложные передачи действительно стоит поддерживать за счёт государственных сборов.</edu>
  <edu id="e3" lang="en">Curiously, however, there are still adverts and product placements on the public channels.</edu>
  <edu id="e3" lang="ru" trans="human">Но на государственных каналах почему-то всё ещё имеет место реклама и продакт-плейсмент.</edu>
  <edu id="e4" lang="en">What are you paying for, then? That the same actors time and again get to have a laugh at exotic shooting locations?</edu>
  <edu id="e4" lang="ru" trans="human">За что мы тогда платим? За то, чтобы одни и те же актёры раз за разом смеялись над экзотическими съёмочными площадками?</edu>
  <edu id="e5" lang="en">Also the scripts are often copied off each other.</edu>
  <edu id="e5" lang="ru" trans="human">К тому же, сценарии часто копируют друг друга.</edu>
  <adu id="a1" type="pro"/>
  <adu id="a2" type="opp"/>
  <adu id="a3" type="pro"/>
  <adu id="a4" type="pro"/>
  <adu id="a5" type="pro"/>
  <edge id="c6" src="e1" trg="a1" type="seg"/>
  <edge id="c7" src="e2" trg="a2" type="seg"/>
  <edge id="c8" src="e3" trg="a3" type="seg"/>
  <edge id="c9" src="e4" trg="a4" type="seg"/>
  <edge id="c10" src="e5" trg="a5" type="seg"/>
  <edge id="c2" src="a2" trg="a1" type="reb"/>
  <edge id="c3" src="a3" trg="a1" type="sup"/>
  <edge id="c4" src="a4" trg="a1" type="sup"/>
  <edge id="c5" src="a5" trg="a1" type="sup"/>
</arggraph>
