<?xml version='1.0' encoding='UTF-8'?>
<arggraph id="micro_b025" topic_id="health_insurance_cover_complementary_medicine" stance="pro">
  <edu id="e1" lang="en">From time immemorial humans have had complementary medicine,</edu>
  <edu id="e1" lang="ru" trans="human"></edu>
  <edu id="e2" lang="en">and it has not generally been ineffective.</edu>
  <edu id="e2" lang="ru" trans="human"></edu>
  <edu id="e3" lang="en">A reduction in the amount of chemically produced medication per person is most certainly desirable.</edu>
  <edu id="e3" lang="ru" trans="human"></edu>
  <edu id="e4" lang="en">This will do little damage to the pharmaceutical industry, and</edu>
  <edu id="e4" lang="ru" trans="human"></edu>
  <edu id="e5" lang="en">conventional medicine will also hardly suffer.</edu>
  <edu id="e5" lang="ru" trans="human"></edu>
  <edu id="e6" lang="en">The patient could learn to be more aware of his or her body and to treat it more healthily.</edu>
  <edu id="e6" lang="ru" trans="human"></edu>
  <adu id="a1" type="pro"/>
  <adu id="a2" type="pro"/>
  <adu id="a3" type="pro"/>
  <adu id="a4" type="pro"/>
  <adu id="a5" type="pro"/>
  <adu id="a6" type="pro"/>
  <edge id="c7" src="e1" trg="a1" type="seg"/>
  <edge id="c8" src="e2" trg="a2" type="seg"/>
  <edge id="c9" src="e3" trg="a3" type="seg"/>
  <edge id="c10" src="e4" trg="a4" type="seg"/>
  <edge id="c11" src="e5" trg="a5" type="seg"/>
  <edge id="c12" src="e6" trg="a6" type="seg"/>
  <edge id="c1" src="a1" trg="a3" type="sup"/>
  <edge id="c2" src="a2" trg="a3" type="sup"/>
  <edge id="c4" src="a4" trg="a3" type="sup"/>
  <edge id="c5" src="a5" trg="a3" type="sup"/>
  <edge id="c6" src="a6" trg="a3" type="sup"/>
</arggraph>
