<?xml version='1.0' encoding='UTF-8'?>
<arggraph id="micro_b026" topic_id="health_insurance_cover_complementary_medicine" stance="pro">
  <edu id="e1" lang="en">The statutory health insurance companies should also cover treatments with non-medical and alternative practitioners.</edu>
  <edu id="e1" lang="ru" trans="human">Государственные страховые компании должны также покрывать лечение у немедицинских служб и альтернативных специалистов.</edu>
  <edu id="e2" lang="en">Their treatment methods and successes are not amply researched or proven.</edu>
  <edu id="e2" lang="ru" trans="human">Их методы лечения и успехи не доказаны и не исследованы в достаточной мере.</edu>
  <edu id="e3" lang="en">Yet many patients subjectively experience relief or are cured of their complaints,</edu>
  <edu id="e3" lang="ru" trans="human">Тем не менее, многие пациенты испытывают субъективное облегчение или излечиваются,</edu>
  <edu id="e4" lang="en">which ultimately also saves costs for conventional treatments and medication.</edu>
  <edu id="e4" lang="ru" trans="human">что, в конце концов, позволяет сэкономить на традиционном лечении и лекарствах.</edu>
  <edu id="e5" lang="en">Also conventional medicine is in many cases not successful,</edu>
  <edu id="e5" lang="ru" trans="human">Традиционная медицина также во многих случаях не достигает успеха,</edu>
  <edu id="e6" lang="en">and, moreover, entails significant risks and side effects.</edu>
  <edu id="e6" lang="ru" trans="human">и, более того, влечёт за собой значительные риски и побочные эффекты.</edu>
  <adu id="a1" type="pro"/>
  <adu id="a2" type="opp"/>
  <adu id="a3" type="pro"/>
  <adu id="a4" type="pro"/>
  <adu id="a5" type="pro"/>
  <adu id="a6" type="pro"/>
  <edge id="c7" src="e1" trg="a1" type="seg"/>
  <edge id="c8" src="e2" trg="a2" type="seg"/>
  <edge id="c9" src="e3" trg="a3" type="seg"/>
  <edge id="c10" src="e4" trg="a4" type="seg"/>
  <edge id="c11" src="e5" trg="a5" type="seg"/>
  <edge id="c12" src="e6" trg="a6" type="seg"/>
  <edge id="c2" src="a2" trg="a1" type="reb"/>
  <edge id="c3" src="a3" trg="c2" type="und"/>
  <edge id="c4" src="a4" trg="a1" type="sup"/>
  <edge id="c5" src="a5" trg="a1" type="sup"/>
  <edge id="c6" src="a6" trg="a1" type="sup"/>
</arggraph>
