<?xml version='1.0' encoding='UTF-8'?>
<arggraph id="micro_b039" topic_id="EU_influence_on_political_events_in_Ukraine" stance="pro">
  <edu id="e1" lang="en">The EU should exert influence on the political events in Ukraine.</edu>
  <edu id="e1" lang="ru" trans="human"></edu>
  <edu id="e2" lang="en">The developments in that conflict should not be left to former Cold War opponents alone,</edu>
  <edu id="e2" lang="ru" trans="human"></edu>
  <edu id="e3" lang="en">for that course can only lead to escalation in some form.</edu>
  <edu id="e3" lang="ru" trans="human"></edu>
  <edu id="e4" lang="en">Furthermore, Ukraine is culturally and geographically much closer than other countries that the EU (used to) get involved with.</edu>
  <edu id="e4" lang="ru" trans="human"></edu>
  <edu id="e5" lang="en">Indeed one could argue that a country has to deal with internal political changes itself,</edu>
  <edu id="e5" lang="ru" trans="human"></edu>
  <edu id="e6" lang="en">but political power also brings about political responsibility, in this case the responsibility to protect the Ukrainian people from the rather strong interests of the two Great Powers.</edu>
  <edu id="e6" lang="ru" trans="human"></edu>
  <adu id="a1" type="pro"/>
  <adu id="a2" type="pro"/>
  <adu id="a3" type="pro"/>
  <adu id="a4" type="pro"/>
  <adu id="a5" type="opp"/>
  <adu id="a6" type="pro"/>
  <edge id="c7" src="e1" trg="a1" type="seg"/>
  <edge id="c8" src="e2" trg="a2" type="seg"/>
  <edge id="c9" src="e3" trg="a3" type="seg"/>
  <edge id="c10" src="e4" trg="a4" type="seg"/>
  <edge id="c11" src="e5" trg="a5" type="seg"/>
  <edge id="c12" src="e6" trg="a6" type="seg"/>
  <edge id="c2" src="a2" trg="a1" type="sup"/>
  <edge id="c3" src="a3" trg="a2" type="sup"/>
  <edge id="c4" src="a4" trg="a1" type="sup"/>
  <edge id="c5" src="a5" trg="a1" type="reb"/>
  <edge id="c6" src="a6" trg="c5" type="und"/>
</arggraph>
