<?xml version='1.0' encoding='UTF-8'?>
<arggraph id="micro_k008" topic_id="higher_dog_poo_fines" stance="pro">
  <edu id="e1" lang="en">If there were higher fines for leaving dog dirt on pavements, there would presumably be less dog dirt,</edu>
  <edu id="e1" lang="ru" trans="human"></edu>
  <edu id="e2" lang="en">which in turn would result in generally clean pavements.</edu>
  <edu id="e2" lang="ru" trans="human"></edu>
  <edu id="e3" lang="en">Higher fines may not be ideal, particularly for financially weaker individuals,</edu>
  <edu id="e3" lang="ru" trans="human"></edu>
  <edu id="e4" lang="en">but cleaning up after their dogs does happen to be the obligation of the owners.</edu>
  <edu id="e4" lang="ru" trans="human"></edu>
  <adu id="a1" type="pro"/>
  <adu id="a2" type="pro"/>
  <adu id="a3" type="opp"/>
  <adu id="a4" type="pro"/>
  <edge id="c5" src="e1" trg="a1" type="seg"/>
  <edge id="c6" src="e2" trg="a2" type="seg"/>
  <edge id="c7" src="e3" trg="a3" type="seg"/>
  <edge id="c8" src="e4" trg="a4" type="seg"/>
  <edge id="c2" src="a2" trg="a1" type="sup"/>
  <edge id="c3" src="a3" trg="a1" type="reb"/>
  <edge id="c4" src="a4" trg="c3" type="und"/>
</arggraph>
