<?xml version='1.0' encoding='UTF-8'?>
<arggraph id="micro_b021" topic_id="charge_tuition_fees" stance="con">
  <edu id="e1" lang="en">Tuition fees should not be charged in Germany.</edu>
  <edu id="e1" lang="ru" trans="human"></edu>
  <edu id="e2" lang="en">Studying and taking higher degrees must remain a basic right for everyone.</edu>
  <edu id="e2" lang="ru" trans="human"></edu>
  <edu id="e3" lang="en">Fees result in longer durations of studies.</edu>
  <edu id="e3" lang="ru" trans="human"></edu>
  <edu id="e4" lang="en">That's costly!</edu>
  <edu id="e4" lang="ru" trans="human"></edu>
  <adu id="a1" type="pro"/>
  <adu id="a2" type="pro"/>
  <adu id="a3" type="pro"/>
  <adu id="a4" type="pro"/>
  <edge id="c5" src="e1" trg="a1" type="seg"/>
  <edge id="c6" src="e2" trg="a2" type="seg"/>
  <edge id="c7" src="e3" trg="a3" type="seg"/>
  <edge id="c8" src="e4" trg="a4" type="seg"/>
  <edge id="c2" src="a2" trg="a1" type="sup"/>
  <edge id="c3" src="a3" trg="a4" type="sup"/>
  <edge id="c4" src="a4" trg="a1" type="sup"/>
</arggraph>
