<?xml version='1.0' encoding='UTF-8'?>
<arggraph id="micro_k029" topic_id="over_the_counter_morning_after_pill" stance="con">
  <edu id="e1" lang="en">No one should have the possibility to pick up the morning-after pill over the counter at the pharmacy.</edu>
  <edu id="e1" lang="ru" trans="human">Ни у кого не должно быть возможности купить противозачаточные таблетки без рецепта.</edu>
  <edu id="e2" lang="en">Though there'd be the advantage of forgoing the embarrassment of a visit to the doctor or a nighttime trip to the walk-in clinic,</edu>
  <edu id="e2" lang="ru" trans="human">Хотя было бы очень удобно избежать смущения при посещении врача или ночной поездки в поликлинику.</edu>
  <edu id="e3" lang="en">women should still be informed about the risks and have a gynaecological examination before taking it.</edu>
  <edu id="e3" lang="ru" trans="human">Женщин следует информировать о существующих рисках. Они должны проходить гинекологическое обследование, прежде чем принимать эти таблетки.</edu>
  <edu id="e4" lang="en">Furthermore there's the risk that women could use the over-the-counter morning-after pill as a substitute for contraception.</edu>
  <edu id="e4" lang="ru" trans="human">Кроме того, существует риск того, что женщины будут использовать противозачаточные таблетки, купленные без рецепта, вместо других средств контрацепции.</edu>
  <adu id="a1" type="pro"/>
  <adu id="a2" type="opp"/>
  <adu id="a3" type="pro"/>
  <adu id="a4" type="pro"/>
  <edge id="c5" src="e1" trg="a1" type="seg"/>
  <edge id="c6" src="e2" trg="a2" type="seg"/>
  <edge id="c7" src="e3" trg="a3" type="seg"/>
  <edge id="c8" src="e4" trg="a4" type="seg"/>
  <edge id="c2" src="a2" trg="a1" type="reb"/>
  <edge id="c3" src="a3" trg="c2" type="und"/>
  <edge id="c4" src="a4" trg="a1" type="sup"/>
</arggraph>
