<?xml version='1.0' encoding='UTF-8'?>
<arggraph id="micro_b064" topic_id="TXL_airport_remain_operational_after_BER_opening" stance="con">
  <edu id="e1" lang="en">I think Berlin with its two inner-city airports was lucky not having to experience an airplane catastrophe for decades.</edu>
  <edu id="e1" lang="ru" trans="human">Мне кажется, Берлину, имеющему два аэропорта в черте города, повезло десятилетями избегать авиакатастроф.</edu>
  <edu id="e2" lang="en">For safety reasons alone I find continued operation wrong.</edu>
  <edu id="e2" lang="ru" trans="human">Только лишь по соображениям безопасности я уже нахожу неправильным продолжение их работы.</edu>
  <edu id="e3" lang="en">Also, Berlin urgently needs inner-city areas for business and industry, and for housing.</edu>
  <edu id="e3" lang="ru" trans="human">Берлину также срочно необходимы районы для бизнеса, промышленности и жилья в черте города.</edu>
  <edu id="e4" lang="en">Closing down Tegel will have health benefits for hundreds of thousands in the approach path.</edu>
  <edu id="e4" lang="ru" trans="human">Закрытие аэропорта Берлин-Тегель окажет положительное влияние на здоровье сотен тысяч людей, живущих на подходе к аэропорту.</edu>
  <edu id="e5" lang="en">These areas will be upgraded economically due to these factors (housing health and employment).</edu>
  <edu id="e5" lang="ru" trans="human">Из-за этих факторов (жильё, здоровье и занятость) эти районы улучшатся экономически.</edu>
  <edu id="e6" lang="en">After the new BER Airport has been commissioned, Tegel should definitely be closed.</edu>
  <edu id="e6" lang="ru" trans="human">После того, как откроется новый аэропорт, Берлин-Тегель несомненно следует закрыть.</edu>
  <adu id="a1" type="pro"/>
  <adu id="a2" type="pro"/>
  <adu id="a3" type="pro"/>
  <adu id="a4" type="pro"/>
  <adu id="a5" type="pro"/>
  <adu id="a6" type="pro"/>
  <edge id="c6" src="e1" trg="a1" type="seg"/>
  <edge id="c7" src="e2" trg="a2" type="seg"/>
  <edge id="c8" src="e3" trg="a3" type="seg"/>
  <edge id="c9" src="e4" trg="a4" type="seg"/>
  <edge id="c10" src="e5" trg="a5" type="seg"/>
  <edge id="c11" src="e6" trg="a6" type="seg"/>
  <edge id="c1" src="a1" trg="a2" type="sup"/>
  <edge id="c2" src="a2" trg="a6" type="sup"/>
  <edge id="c3" src="a3" trg="a6" type="sup"/>
  <edge id="c4" src="a4" trg="a5" type="sup"/>
  <edge id="c5" src="a5" trg="a6" type="sup"/>
</arggraph>
