<?xml version='1.0' encoding='UTF-8'?>
<arggraph id="micro_b045" topic_id="buy_tax_evader_data_from_dubious_sources" stance="con">
  <edu id="e1" lang="en">By purchasing illegally acquired tax data of citizens, the state is not only turning itself into a felon, but it is paying criminals, too.</edu>
  <edu id="e1" lang="ru" trans="human">Покупая незаконно приобретённую налоговую информацию о горожанах, государство не только само нарушает закон, но и оплачивает деятельность преступников.</edu>
  <edu id="e2" lang="en">Besides, the purchase of such CDs is unnecessary today,</edu>
  <edu id="e2" lang="ru" trans="human">К тому же, покупка таких дисков сейчас не является необходимой,</edu>
  <edu id="e3" lang="en">as, due to changed terms of business, many banks urge their customers to turn themselves in.</edu>
  <edu id="e3" lang="ru" trans="human">так как из-за изменившихся условий в бизнесе многие банки призывают своих клиентов явиться с повинной.</edu>
  <edu id="e4" lang="en">Acquiring CDs with tax data of tax delinquents is therefore out of the question.</edu>
  <edu id="e4" lang="ru" trans="human">Поэтому о приобретении компакт-дисков с налоговыми данными о правонарушителях не может быть и речи.</edu>
  <edu id="e5" lang="en">It is indisputable, however, that by purchasing such data the state increases the pressure on tax evaders to turn themselves in.</edu>
  <edu id="e5" lang="ru" trans="human">Неоспоримо, однако, что, приобретая такие данные, государство усиливает давление на лиц, уклоняющихся от уплаты налогов, и повышает их склонность прийти с повинной.</edu>
  <adu id="a1" type="pro"/>
  <adu id="a2" type="pro"/>
  <adu id="a3" type="pro"/>
  <adu id="a4" type="pro"/>
  <adu id="a5" type="opp"/>
  <edge id="c6" src="e1" trg="a1" type="seg"/>
  <edge id="c7" src="e2" trg="a2" type="seg"/>
  <edge id="c8" src="e3" trg="a3" type="seg"/>
  <edge id="c9" src="e4" trg="a4" type="seg"/>
  <edge id="c10" src="e5" trg="a5" type="seg"/>
  <edge id="c1" src="a1" trg="a4" type="sup"/>
  <edge id="c2" src="a2" trg="a4" type="sup"/>
  <edge id="c3" src="a3" trg="a2" type="sup"/>
  <edge id="c5" src="a5" trg="a4" type="reb"/>
</arggraph>
