<?xml version='1.0' encoding='UTF-8'?>
<arggraph id="micro_k031" topic_id="higher_dog_poo_fines" stance="pro">
  <edu id="e1" lang="en">Pieces of dog poo on the pavements are a real danger.</edu>
  <edu id="e1" lang="ru" trans="human">Собачьи «кучки» на асфальте представляют собой реальную опасность.</edu>
  <edu id="e2" lang="en">Time and again children or the elderly slip on them.</edu>
  <edu id="e2" lang="ru" trans="human">Каждый раз дети или пожилые люди имеют неосторожность подскользнуться, наступив на них.</edu>
  <edu id="e3" lang="en">A fine for leaving dog waste behind admittedly seems rather authoritarian,</edu>
  <edu id="e3" lang="ru" trans="human">Предъявление штрафа  за оставленные собачьи отходы, по мнению общества, кажется довольно деспотичным методом наказания,</edu>
  <edu id="e4" lang="en">but similar rules are often in place for bicycles on park paths, after all.</edu>
  <edu id="e4" lang="ru" trans="human">но, в конце концов, подобные правила часто распространяют своё действие на велодромы и дорожки общественных парков.</edu>
  <edu id="e5" lang="en">Increasing penalties is therefore the right way.</edu>
  <edu id="e5" lang="ru" trans="human">Поэтому увеличение штрафов – это верный путь.</edu>
  <edu id="e6" lang="en">A dog dirt-free city will be more attractive not only for its residents but also for tourists!</edu>
  <edu id="e6" lang="ru" trans="human">Город, не загрязненный собачьими отходами, будет более привлекательным не только для его жителей, но и для туристов!</edu>
  <adu id="a1" type="pro"/>
  <adu id="a2" type="pro"/>
  <adu id="a3" type="opp"/>
  <adu id="a4" type="pro"/>
  <adu id="a5" type="pro"/>
  <adu id="a6" type="pro"/>
  <edge id="c7" src="e1" trg="a1" type="seg"/>
  <edge id="c8" src="e2" trg="a2" type="seg"/>
  <edge id="c9" src="e3" trg="a3" type="seg"/>
  <edge id="c10" src="e4" trg="a4" type="seg"/>
  <edge id="c11" src="e5" trg="a5" type="seg"/>
  <edge id="c12" src="e6" trg="a6" type="seg"/>
  <edge id="c1" src="a1" trg="a5" type="sup"/>
  <edge id="c2" src="a2" trg="a1" type="sup"/>
  <edge id="c3" src="a3" trg="a5" type="reb"/>
  <edge id="c4" src="a4" trg="c3" type="und"/>
  <edge id="c6" src="a6" trg="a5" type="sup"/>
</arggraph>
