<?xml version='1.0' encoding='UTF-8'?>
<arggraph id="micro_b037" topic_id="over_the_counter_morning_after_pill" stance="pro">
  <edu id="e1" lang="en">The morning-after pill ought to be available over-the-counter in pharmacies.</edu>
  <edu id="e1" lang="ru" trans="human"></edu>
  <edu id="e2" lang="en">Even with state-of-the-art contraceptives there can be mistakes and problems</edu>
  <edu id="e2" lang="ru" trans="human"></edu>
  <edu id="e3" lang="en">and an unwanted pregnancy can place a significant strain on both the parents and the child for the rest of their lives.</edu>
  <edu id="e3" lang="ru" trans="human"></edu>
  <edu id="e4" lang="en">Some worry about careless use of such measures,</edu>
  <edu id="e4" lang="ru" trans="human"></edu>
  <edu id="e5" lang="en">but this problem should rather be addressed with comprehensive prior education.</edu>
  <edu id="e5" lang="ru" trans="human"></edu>
  <adu id="a1" type="pro"/>
  <adu id="a2" type="pro"/>
  <adu id="a3" type="pro"/>
  <adu id="a4" type="opp"/>
  <adu id="a5" type="pro"/>
  <edge id="c6" src="e1" trg="a1" type="seg"/>
  <edge id="c7" src="e2" trg="a2" type="seg"/>
  <edge id="c8" src="e3" trg="a3" type="seg"/>
  <edge id="c9" src="e4" trg="a4" type="seg"/>
  <edge id="c10" src="e5" trg="a5" type="seg"/>
  <edge id="c2" src="a2" trg="a1" type="sup"/>
  <edge id="c3" src="a3" trg="a1" type="sup"/>
  <edge id="c4" src="a4" trg="a1" type="reb"/>
  <edge id="c5" src="a5" trg="c4" type="und"/>
</arggraph>
