<?xml version='1.0' encoding='UTF-8'?>
<arggraph id="micro_b033" topic_id="partial_housing_development_at_Tempelhofer_Feld" stance="pro">
  <edu id="e1" lang="en">I find the peripheral housing development at Tempelhofer Feld right for urban planning reasons,</edu>
  <edu id="e1" lang="ru" trans="human">Я считаю, что строительство жилья на Темпельхофском поле – это правильно с точки зрения городского планирования,</edu>
  <edu id="e2" lang="en">as the area is right in the middle of the city (capital).</edu>
  <edu id="e2" lang="ru" trans="human">так как зона расположена прямо посреди города (столицы).</edu>
  <edu id="e3" lang="en">The size of the field allows for both housing and generous open space.</edu>
  <edu id="e3" lang="ru" trans="human">Размер поля достаточен для того, чтобы широкое открытое пространство соседствовало с жилыми домами.</edu>
  <adu id="a1" type="pro"/>
  <adu id="a2" type="pro"/>
  <adu id="a3" type="pro"/>
  <edge id="c4" src="e1" trg="a1" type="seg"/>
  <edge id="c5" src="e2" trg="a2" type="seg"/>
  <edge id="c6" src="e3" trg="a3" type="seg"/>
  <edge id="c2" src="a2" trg="a1" type="sup"/>
  <edge id="c3" src="a3" trg="a1" type="sup"/>
</arggraph>
