<?xml version='1.0' encoding='UTF-8'?>
<arggraph id="micro_c041">
  <edu id="e1" lang="en">The expectations of real relationships based on what people see in movies is way over dramatized.</edu>
  <edu id="e1" lang="ru" trans="promt">Ожидания реальных отношений на основе того, что люди видят в фильмах, являются путем по драматизированному.</edu>
  <edu id="e1" lang="ru" trans="google">Ожидания реальных отношений, основанные на том, что люди видят в фильмах, намного более драматизированы.</edu>
  <edu id="e1" lang="ru" trans="yandex">Ожидания реальных отношений, основанных на то, что люди видят в фильмах намного больше драматизировать.</edu>
  <edu id="e2" lang="en">If people think that their life should turn out like a movie and then find out it is way different they should not be shocked.</edu>
  <edu id="e2" lang="ru" trans="promt">Если люди думают, что их жизнь должна закончиться как фильм и затем узнать, что это - путь, отличающийся, они не должны быть потрясены.</edu>
  <edu id="e2" lang="ru" trans="google">Если люди думают, что их жизнь должна получиться как фильм, а затем выясните, что они разные, они не должны быть шокированы.</edu>
  <edu id="e2" lang="ru" trans="yandex">Если люди думают, что их жизнь должна получиться, как в кино, а потом узнал, что это это совсем другое, они не должны быть шокированы.</edu>
  <edu id="e3" lang="en">We have everyday responsibilities that you don't see in movies.</edu>
  <edu id="e3" lang="ru" trans="promt">У нас есть повседневные обязанности, которые Вы не видите в фильмах.</edu>
  <edu id="e3" lang="ru" trans="google">У нас есть повседневные обязанности, которые вы не видите в фильмах.</edu>
  <edu id="e3" lang="ru" trans="yandex">У нас есть повседневные обязанности, которые вы не видите в кино.</edu>
  <edu id="e4" lang="en">We have mundane and boring moments and lots of them.</edu>
  <edu id="e4" lang="ru" trans="promt">У нас есть приземленные и скучные моменты и многие из них.</edu>
  <edu id="e4" lang="ru" trans="google">У нас есть мирские и скучные моменты, и многие из них.</edu>
  <edu id="e4" lang="ru" trans="yandex">У нас есть приземленные и скучные моменты, и их много.</edu>
  <edu id="e5" lang="en">I have a hard time believing too that in real life people that we would tend to be attracted to would even be closely comparable to a character in a movie.</edu>
  <edu id="e5" lang="ru" trans="promt">Мне нелегко полагать также, что у реальных людей, к которым мы были бы склонны быть привлеченными, даже будет тесно сопоставимо с характером в фильме.</edu>
  <edu id="e5" lang="ru" trans="google">Мне также трудно поверить, что в реальной жизни люди, к которым мы склонны привлекаться, даже близко сопоставимы с персонажем в фильме.</edu>
  <edu id="e5" lang="ru" trans="yandex">Я тоже с трудом веря в то, что в реальной жизни люди, которых мы, как правило, привлекают даже близко сравнимых с персонажем в кино.</edu>
  <edu id="e6" implicit="true" lang="en">Yes, the expectations raised by romantic movies are damaging to real relationships.</edu>
  <edu id="e6" lang="ru" trans="promt">Да, ожидания, повышенные романтичными фильмами, наносят ущерб реальным отношениям.</edu>
  <edu id="e6" lang="ru" trans="google">Да, ожидания, связанные с романтическими фильмами, наносят ущерб реальным отношениям.</edu>
  <edu id="e6" lang="ru" trans="yandex">Да, ожидания, порожденные романтические фильмы вредны для реальных отношений.</edu>
  <adu id="a1" type="pro"/>
  <adu id="a2" type="pro"/>
  <adu id="a3" type="pro"/>
  <adu id="a4" type="pro"/>
  <adu id="a5" type="pro"/>
  <adu id="a6" type="pro"/>
  <edge id="c6" src="e1" trg="a1" type="seg"/>
  <edge id="c7" src="e2" trg="a2" type="seg"/>
  <edge id="c8" src="e3" trg="a4" type="seg"/>
  <edge id="c9" src="e4" trg="a5" type="seg"/>
  <edge id="c10" src="e5" trg="a6" type="seg"/>
  <edge id="c11" src="e6" trg="a3" type="seg"/>
  <edge id="c1" src="a1" trg="a3" type="sup"/>
  <edge id="c2" src="a2" trg="c1" type="add"/>
  <edge id="c3" src="a4" trg="a2" type="sup"/>
  <edge id="c4" src="a5" trg="a2" type="sup"/>
  <edge id="c5" src="a6" trg="a2" type="sup"/>
</arggraph>
