<?xml version='1.0' encoding='UTF-8'?>
<arggraph id="micro_c082">
  <edu id="e1" lang="en">Being a vegetarian or vegan does not help the environment.</edu>
  <edu id="e1" lang="ru" trans="promt">Быть вегетарианцем или веганом не помогает окружающей среде.</edu>
  <edu id="e1" lang="ru" trans="google">Быть вегетарианцем или веганом не помогает окружающей среде.</edu>
  <edu id="e1" lang="ru" trans="yandex">Будучи вегетарианцем или веганом не помочь окружающей среде.</edu>
  <edu id="e2" lang="en">The amount of waste and pollution produced by farming vegetables is comparable to the waste expelled from processing meat.</edu>
  <edu id="e2" lang="ru" trans="promt">Количество отходов и загрязнения, произведенного, выращивая овощи, сопоставимо с отходами, удаленными из обработки мяса.</edu>
  <edu id="e2" lang="ru" trans="google">Количество отходов и загрязнений, образующихся при выращивании овощей, сопоставимо с отходами, вытесненными от переработки мяса.</edu>
  <edu id="e2" lang="ru" trans="yandex">Количество отходов и загрязнений, возникающих в результате сельское хозяйство овощи сопоставимо с отходами исключен из обработки мяса.</edu>
  <edu id="e3" lang="en">Consuming no meat or animal products will not help the environment at all.</edu>
  <edu id="e3" lang="ru" trans="promt">Потребление никакого мяса или продуктов животного происхождения не поможет окружающей среде вообще.</edu>
  <edu id="e3" lang="ru" trans="google">Потребление мяса или продуктов животного происхождения не поможет окружающей среде вообще.</edu>
  <edu id="e3" lang="ru" trans="yandex">Не потреблял мяса или животных продуктов не поможет окружающую среду на всех.</edu>
  <adu id="a1" type="pro"/>
  <adu id="a2" type="pro"/>
  <edge id="c2" src="e1" trg="a1" type="seg"/>
  <edge id="c3" src="e2" trg="a2" type="seg"/>
  <edge id="c4" src="e3" trg="a1" type="seg"/>
  <edge id="c1" src="a2" trg="a1" type="sup"/>
</arggraph>
