<?xml version='1.0' encoding='UTF-8'?>
<arggraph id="micro_c106">
  <edu id="e1" lang="en">Composting can help save the environment if everyone would work together.</edu>
  <edu id="e1" lang="ru" trans="promt">Компостирование может помочь сохранить окружающую среду, если все сотрудничали бы.</edu>
  <edu id="e1" lang="ru" trans="google">Компостирование может помочь спасти окружающую среду, если все будут работать вместе.</edu>
  <edu id="e1" lang="ru" trans="yandex">Компостирование может помочь сохранить окружающую среду, если все будет работать вместе.</edu>
  <edu id="e2" lang="en">While just one person composting will not make a significant impact,</edu>
  <edu id="e2" lang="ru" trans="promt">В то время как всего один человек, удобряющий компостом, не окажет существенное влияние,</edu>
  <edu id="e2" lang="ru" trans="google">В то время как только один человек компостирования не будет оказывать существенного влияния,</edu>
  <edu id="e2" lang="ru" trans="yandex">Пока только один человек компостирования не будет иметь значительное влияние,</edu>
  <edu id="e3" lang="en">a large number of people could make a real difference.</edu>
  <edu id="e3" lang="ru" trans="promt">большое количество людей могло внести реальные изменения.</edu>
  <edu id="e3" lang="ru" trans="google">большое количество людей может иметь реальное значение.</edu>
  <edu id="e3" lang="ru" trans="yandex">большое количество людей может сделать реальную разницу.</edu>
  <edu id="e4" lang="en">Instead of waste going to the landfill it could be composted and the nutrients returned to the environment.</edu>
  <edu id="e4" lang="ru" trans="promt">Вместо отходов, идущих в закапывание мусора, это могло быть удобрено компостом, и питательные вещества возвратились к окружающей среде.</edu>
  <edu id="e4" lang="ru" trans="google">Вместо отходов, идущих на свалку, его можно было компостировать, а питательные вещества возвращались в окружающую среду.</edu>
  <edu id="e4" lang="ru" trans="yandex">Вместо отходов, поступающих на полигон, это может быть компост и питательные вещества возвращаются в окружающую среду.</edu>
  <edu id="e5" lang="en">If a large amount of people would compost it would make a real difference.</edu>
  <edu id="e5" lang="ru" trans="promt">Если бы большое количество людей удобрило бы компостом его, внес бы реальные изменения.</edu>
  <edu id="e5" lang="ru" trans="google">Если бы большое количество людей компостало это, это имело бы реальное значение.</edu>
  <edu id="e5" lang="ru" trans="yandex">Если большое количество людей будет компост, это будет реальная разница.</edu>
  <adu id="a1" type="pro"/>
  <adu id="a2" type="pro"/>
  <adu id="a3" type="pro"/>
  <adu id="a4" type="pro"/>
  <edge id="c4" src="e1" trg="a1" type="seg"/>
  <edge id="c5" src="e2" trg="a2" type="seg"/>
  <edge id="c6" src="e3" trg="a3" type="seg"/>
  <edge id="c7" src="e4" trg="a4" type="seg"/>
  <edge id="c8" src="e5" trg="a3" type="seg"/>
  <edge id="c1" src="a2" trg="a1" type="sup"/>
  <edge id="c2" src="a3" trg="c1" type="add"/>
  <edge id="c3" src="a4" trg="a1" type="sup"/>
</arggraph>
