<?xml version='1.0' encoding='UTF-8'?>
<arggraph id="micro_c180">
  <edu id="e1" lang="en">Our society is mostly self-serving. The majority of only children are too spoiled and would only magnify the problem.</edu>
  <edu id="e1" lang="ru" trans="promt">Наше общество главным образом корыстно. Большинство только детей слишком избаловано и только увеличило бы проблему.</edu>
  <edu id="e1" lang="ru" trans="google">Наше общество в основном корыстолюбиво. Большинство только детей слишком испорчены и только увеличит проблему.</edu>
  <edu id="e1" lang="ru" trans="yandex">Наше общество в основном корыстная. Большинство только дети слишком избалованы и только увеличивать проблему.</edu>
  <edu id="e2" lang="en">Only children lack necessary social skills.</edu>
  <edu id="e2" lang="ru" trans="promt">Только дети испытывают недостаток в необходимых социальных навыках.</edu>
  <edu id="e2" lang="ru" trans="google">Только детям не хватает необходимых социальных навыков.</edu>
  <edu id="e2" lang="ru" trans="yandex">Только дети, отсутствие необходимых социальных навыков.</edu>
  <edu id="e3" lang="en">But China has survived as a country with the one child rule</edu>
  <edu id="e3" lang="ru" trans="promt">Но Китай выжил как страна с одним правлением детей</edu>
  <edu id="e3" lang="ru" trans="google">Но Китай выжил как страна с правилом одного ребенка</edu>
  <edu id="e3" lang="ru" trans="yandex">Но Китай сохранился как страна с одно правило ребенка </edu>
  <edu id="e4" lang="en">but it has also seen many abuses.</edu>
  <edu id="e4" lang="ru" trans="promt">но это также видело много злоупотреблений.</edu>
  <edu id="e4" lang="ru" trans="google">но он также видел много злоупотреблений.</edu>
  <edu id="e4" lang="ru" trans="yandex">но он также видел много злоупотреблений.</edu>
  <edu id="e5" implicit="true" lang="en">It is not good to be an only child.</edu>
  <edu id="e5" lang="ru" trans="promt">Не хорошо быть единственным ребенком.</edu>
  <edu id="e5" lang="ru" trans="google">Нехорошо быть единственным ребенком.</edu>
  <edu id="e5" lang="ru" trans="yandex">Это не хорошо, чтобы быть единственным ребенком.</edu>
  <adu id="a1" type="pro"/>
  <adu id="a2" type="pro"/>
  <adu id="a3" type="pro"/>
  <adu id="a4" type="opp"/>
  <adu id="a5" type="pro"/>
  <edge id="c5" src="e1" trg="a3" type="seg"/>
  <edge id="c6" src="e2" trg="a2" type="seg"/>
  <edge id="c7" src="e3" trg="a4" type="seg"/>
  <edge id="c8" src="e4" trg="a5" type="seg"/>
  <edge id="c9" src="e5" trg="a1" type="seg"/>
  <edge id="c1" src="a2" trg="a1" type="sup"/>
  <edge id="c2" src="a3" trg="a1" type="sup"/>
  <edge id="c3" src="a4" trg="a1" type="reb"/>
  <edge id="c4" src="a5" trg="a4" type="reb"/>
</arggraph>
