<?xml version='1.0' encoding='UTF-8'?>
<arggraph id="micro_c078">
  <edu id="e1" lang="en">Violent video games, in and of themselves, do not cause people to act out violently.</edu>
  <edu id="e1" lang="ru" trans="promt">Жестокие видеоигры, в и себя, не заставляют людей разыгрывать яростно.</edu>
  <edu id="e1" lang="ru" trans="google">Насильственные видеоигры сами по себе не заставляют людей действовать жестоко.</edu>
  <edu id="e1" lang="ru" trans="yandex">Жестокие видеоигры, и сами по себе, не заставит людей действовать жестоко.</edu>
  <edu id="e2" lang="en">No studies have shown that.</edu>
  <edu id="e2" lang="ru" trans="promt">Никакие исследования не показали это.</edu>
  <edu id="e2" lang="ru" trans="google">Никакие исследования не показали этого.</edu>
  <edu id="e2" lang="ru" trans="yandex">Нет исследования показали, что.</edu>
  <edu id="e3" lang="en">Perhaps violent people are drawn to violent games,</edu>
  <edu id="e3" lang="ru" trans="promt">Возможно, жестокие люди привлечены к сильным играм,</edu>
  <edu id="e3" lang="ru" trans="google">Возможно, насильственные люди привлекаются к насильственным играм,</edu>
  <edu id="e3" lang="ru" trans="yandex">Возможно, жестокие люди тянутся к Жестокие игры,</edu>
  <edu id="e4" lang="en">but that is only a correlation.</edu>
  <edu id="e4" lang="ru" trans="promt">но это - только корреляция.</edu>
  <edu id="e4" lang="ru" trans="google">но это только корреляция.</edu>
  <edu id="e4" lang="ru" trans="yandex">но это всего лишь корреляция.</edu>
  <edu id="e5" lang="en">Most people understand video games are fantasy.</edu>
  <edu id="e5" lang="ru" trans="promt">Большинство людей понимает, что видеоигры - фантазия.</edu>
  <edu id="e5" lang="ru" trans="google">Большинство людей понимают, что видеоигры - это фантазия.</edu>
  <edu id="e5" lang="ru" trans="yandex">Большинство людей понимают, видеоигры фэнтези.</edu>
  <adu id="a1" type="pro"/>
  <adu id="a2" type="pro"/>
  <adu id="a3" type="opp"/>
  <adu id="a4" type="pro"/>
  <adu id="a5" type="pro"/>
  <edge id="c5" src="e1" trg="a1" type="seg"/>
  <edge id="c6" src="e2" trg="a2" type="seg"/>
  <edge id="c7" src="e3" trg="a3" type="seg"/>
  <edge id="c8" src="e4" trg="a4" type="seg"/>
  <edge id="c9" src="e5" trg="a5" type="seg"/>
  <edge id="c1" src="a2" trg="a1" type="sup"/>
  <edge id="c2" src="a3" trg="a1" type="reb"/>
  <edge id="c3" src="a4" trg="c2" type="und"/>
  <edge id="c4" src="a5" trg="a1" type="sup"/>
</arggraph>
