<?xml version='1.0' encoding='UTF-8'?>
<arggraph id="micro_c193">
  <edu id="e1" lang="en">It is OK to treat dogs on par with family members</edu>
  <edu id="e1" lang="ru" trans="promt">Нормально рассматривать собак наравне с членами семьи</edu>
  <edu id="e1" lang="ru" trans="google">Вполне нормально относиться к собакам наравне с членами семьи</edu>
  <edu id="e1" lang="ru" trans="yandex">Это нормально, лечить собак наравне с членами семьи </edu>
  <edu id="e2" lang="en">because they're a part of the family.</edu>
  <edu id="e2" lang="ru" trans="promt">потому что они - часть семьи.</edu>
  <edu id="e2" lang="ru" trans="google">потому что они являются частью семьи.</edu>
  <edu id="e2" lang="ru" trans="yandex">потому что они часть семьи.</edu>
  <edu id="e3" lang="en">We look after them as we do our own family.</edu>
  <edu id="e3" lang="ru" trans="promt">Мы заботимся о них, поскольку мы делаем нашу собственную семью.</edu>
  <edu id="e3" lang="ru" trans="google">Мы заботимся о них, как о своей семье.</edu>
  <edu id="e3" lang="ru" trans="yandex">Мы смотрим за ними, как мы делаем наши собственные семьи.</edu>
  <edu id="e4" lang="en">We feed them, bath them, take them to their appointments.</edu>
  <edu id="e4" lang="ru" trans="promt">Мы кормим их, купаем их, берем их к их назначениям.</edu>
  <edu id="e4" lang="ru" trans="google">Мы их кормим, купаем, отправляем на прием.</edu>
  <edu id="e4" lang="ru" trans="yandex">Мы кормить их, купать их, взять их к их назначениям.</edu>
  <edu id="e5" lang="en">We want to make sure they're ok, like the ones we love.</edu>
  <edu id="e5" lang="ru" trans="promt">Мы хотим удостовериться, что они в порядке, как те мы любим.</edu>
  <edu id="e5" lang="ru" trans="google">Мы хотим убедиться, что они в порядке, как те, кого мы любим.</edu>
  <edu id="e5" lang="ru" trans="yandex">Мы хотим, чтобы убедиться, что они хорошо, как те, кого мы любим.</edu>
  <edu id="e6" lang="en">They also give us comfort and warm feelings and help promote a happier lifestyle.</edu>
  <edu id="e6" lang="ru" trans="promt">Они также дают нам, комфорт и теплые чувства и помощь продвигают более счастливый образ жизни.</edu>
  <edu id="e6" lang="ru" trans="google">Они также дают нам комфорт и теплые чувства и помогают продвигать более счастливый образ жизни.</edu>
  <edu id="e6" lang="ru" trans="yandex">Они также дают нам комфорт и теплые чувства и способствовать более счастливой жизни.</edu>
  <edu id="e7" lang="en">They're fulling and fun to be around.</edu>
  <edu id="e7" lang="ru" trans="promt">Они заправляют горючим и забава быть вокруг.</edu>
  <edu id="e7" lang="ru" trans="google">Они полны и веселы, чтобы быть рядом.</edu>
  <edu id="e7" lang="ru" trans="yandex">Они валяния и весело, чтобы быть вокруг.</edu>
  <adu id="a1" type="pro"/>
  <adu id="a2" type="pro"/>
  <adu id="a3" type="pro"/>
  <adu id="a4" type="pro"/>
  <adu id="a5" type="pro"/>
  <adu id="a6" type="pro"/>
  <adu id="a7" type="pro"/>
  <edge id="c7" src="e1" trg="a1" type="seg"/>
  <edge id="c8" src="e2" trg="a2" type="seg"/>
  <edge id="c9" src="e3" trg="a3" type="seg"/>
  <edge id="c10" src="e4" trg="a4" type="seg"/>
  <edge id="c11" src="e5" trg="a5" type="seg"/>
  <edge id="c12" src="e6" trg="a6" type="seg"/>
  <edge id="c13" src="e7" trg="a7" type="seg"/>
  <edge id="c1" src="a2" trg="a1" type="sup"/>
  <edge id="c2" src="a3" trg="a2" type="sup"/>
  <edge id="c3" src="a4" trg="a2" type="sup"/>
  <edge id="c4" src="a5" trg="a2" type="sup"/>
  <edge id="c5" src="a6" trg="a1" type="sup"/>
  <edge id="c6" src="a7" trg="a1" type="sup"/>
</arggraph>
