<?xml version='1.0' encoding='UTF-8'?>
<arggraph id="micro_c139">
  <edu id="e1" lang="en">I do not believe that government regulation would make a difference.</edu>
  <edu id="e1" lang="ru" trans="promt">Я не полагаю, что правительственное регулирование имело бы значение.</edu>
  <edu id="e1" lang="ru" trans="google">Я не верю, что регулирование правительства изменит ситуацию.</edu>
  <edu id="e1" lang="ru" trans="yandex">Я не считаю, что государственное регулирование будет иметь значение.</edu>
  <edu id="e2" lang="en">Funding an industry does not guarantee success.</edu>
  <edu id="e2" lang="ru" trans="promt">Финансирование промышленности не гарантирует успеха.</edu>
  <edu id="e2" lang="ru" trans="google">Финансирование отрасли не гарантирует успех.</edu>
  <edu id="e2" lang="ru" trans="yandex">Финансирование отрасли не гарантирует успеха.</edu>
  <edu id="e3" lang="en">If the industry is self sustainable and profitable, they would eventually be able to stand on their own.</edu>
  <edu id="e3" lang="ru" trans="promt">Если бы промышленность сам стабильна и прибыльная, они в конечном счете были бы в состоянии стоять самостоятельно.</edu>
  <edu id="e3" lang="ru" trans="google">Если отрасль будет устойчивой и прибыльной, они в конечном итоге смогут самостоятельно стоять.</edu>
  <edu id="e3" lang="ru" trans="yandex">Если отрасль является самоподдерживающейся и выгодно, они бы в конечном счете быть в состоянии стоять на своих собственных.</edu>
  <edu id="e4" lang="en">If not, than the government is putting money into keeping something alive that is not a viable option otherwise.</edu>
  <edu id="e4" lang="ru" trans="promt">В противном случае, чем правительство помещает деньги в хранение чего-то живого, которое не является жизнеспособным вариантом иначе.</edu>
  <edu id="e4" lang="ru" trans="google">Если нет, то правительство вкладывает деньги в то, чтобы сохранить что-то живое, а не наоборот.</edu>
  <edu id="e4" lang="ru" trans="yandex">Если нет, то чем правительство вкладывает деньги в что-то живое, что не является жизнеспособным вариантом в противном случае.</edu>
  <edu id="e5" lang="en">In conclusion, government aid would not be a factor in the wind industry spreading faster.</edu>
  <edu id="e5" lang="ru" trans="promt">В заключение правительственная помощь не была бы фактором в промышленности ветра, распространяющейся быстрее.</edu>
  <edu id="e5" lang="ru" trans="google">В заключение, государственная помощь не будет фактором роста ветроэнергетики.</edu>
  <edu id="e5" lang="ru" trans="yandex">В заключение, правительство помощи не будет фактор в ветроэнергетике распространяется быстрее.</edu>
  <adu id="a1" type="pro"/>
  <adu id="a2" type="pro"/>
  <adu id="a3" type="pro"/>
  <adu id="a4" type="pro"/>
  <edge id="c4" src="e1" trg="a4" type="seg"/>
  <edge id="c5" src="e2" trg="a1" type="seg"/>
  <edge id="c6" src="e3" trg="a2" type="seg"/>
  <edge id="c7" src="e4" trg="a3" type="seg"/>
  <edge id="c8" src="e5" trg="a4" type="seg"/>
  <edge id="c1" src="a1" trg="a4" type="sup"/>
  <edge id="c2" src="a2" trg="a1" type="sup"/>
  <edge id="c3" src="a3" trg="c2" type="add"/>
</arggraph>
