<?xml version='1.0' encoding='UTF-8'?>
<arggraph id="micro_c017">
  <edu id="e1" lang="en">Removing rhinos' horns humanely will save their lives.</edu>
  <edu id="e1" lang="ru" trans="promt">Удаление рогов носорогов гуманно спасет их жизни.</edu>
  <edu id="e1" lang="ru" trans="google">Удаление губ рогалий гуманно спасет их жизни.</edu>
  <edu id="e1" lang="ru" trans="yandex">Удаление рога носорогов' гуманно будет спасти их жизни.</edu>
  <edu id="e2" lang="en">Rhinos are becoming extinct.</edu>
  <edu id="e2" lang="ru" trans="promt">Носороги вымирают.</edu>
  <edu id="e2" lang="ru" trans="google">Носороги вымирают.</edu>
  <edu id="e2" lang="ru" trans="yandex">Носороги вымирают.</edu>
  <edu id="e3" lang="en">Poachers kill the rhinos with no regard.</edu>
  <edu id="e3" lang="ru" trans="promt">Браконьеры убивают носорогов без отношения.</edu>
  <edu id="e3" lang="ru" trans="google">Браконьеры убивают носорогов, не обращая внимания.</edu>
  <edu id="e3" lang="ru" trans="yandex">Браконьеры убивают носорогов без связи.</edu>
  <edu id="e4" lang="en">They can live without their horns if it is done correctly.</edu>
  <edu id="e4" lang="ru" trans="promt">Они могут жить без рогов, если это сделано правильно.</edu>
  <edu id="e4" lang="ru" trans="google">Они могут жить без их рогов, если это сделано правильно.</edu>
  <edu id="e4" lang="ru" trans="yandex">Они могут жить без своих рогов, если это сделано правильно.</edu>
  <adu id="a1" type="pro"/>
  <adu id="a2" type="pro"/>
  <adu id="a3" type="pro"/>
  <adu id="a4" type="pro"/>
  <edge id="c4" src="e1" trg="a1" type="seg"/>
  <edge id="c5" src="e2" trg="a2" type="seg"/>
  <edge id="c6" src="e3" trg="a4" type="seg"/>
  <edge id="c7" src="e4" trg="a3" type="seg"/>
  <edge id="c1" src="a2" trg="a1" type="sup"/>
  <edge id="c2" src="a3" trg="c1" type="add"/>
  <edge id="c3" src="a4" trg="a2" type="sup"/>
</arggraph>
