<?xml version='1.0' encoding='UTF-8'?>
<arggraph id="micro_c076">
  <edu id="e1" lang="en">Video games do cause people, especially impressionable teens, to act more violent.</edu>
  <edu id="e1" lang="ru" trans="promt">Видеоигры действительно заставляют людей, особенно впечатлительных подростков, действовать более жестокие.</edu>
  <edu id="e1" lang="ru" trans="google">Видеоигры действительно заставляют людей, особенно впечатлительных подростков, действовать более жестокими.</edu>
  <edu id="e1" lang="ru" trans="yandex">Видеоигры вызывают у людей, особенно впечатлительных подростков, действовать более жестокими.</edu>
  <edu id="e2" lang="en">The gore, violence, and horror that they see in these games tends to reflect on their daily lives and makes them crave the excitement they get from the games.</edu>
  <edu id="e2" lang="ru" trans="promt">Запекшаяся кровь, насилие и ужас, который они видят в этих играх, имеют тенденцию размышлять над их повседневными жизнями и заставляют их жаждать волнение, которое они получают от игр.</edu>
  <edu id="e2" lang="ru" trans="google">Горло, насилие и ужас, которые они видят в этих играх, имеют тенденцию размышлять о своей повседневной жизни и заставляют их жаждать волнения, которые они получают от игр.</edu>
  <edu id="e2" lang="ru" trans="yandex">Кровь, насилие и ужас, который они видят в этих играх, как правило, отражает на своей повседневной жизни и заставляет их жаждать волнения, которые они получают от игры.</edu>
  <edu id="e3" lang="en">Now, the games don't necessarily make them kill more people,</edu>
  <edu id="e3" lang="ru" trans="promt">Теперь, игры не обязательно заставляют их убить больше людей,</edu>
  <edu id="e3" lang="ru" trans="google">Теперь игры не обязательно заставляют их убивать больше людей,</edu>
  <edu id="e3" lang="ru" trans="yandex">Теперь, игры не обязательно делать их убить больше людей,</edu>
  <edu id="e4" lang="en">but they are more violent overall.</edu>
  <edu id="e4" lang="ru" trans="promt">но они более сильны в целом.</edu>
  <edu id="e4" lang="ru" trans="google">но они более жестокие в целом.</edu>
  <edu id="e4" lang="ru" trans="yandex">но они более жестокие в целом.</edu>
  <edu id="e5" lang="en">When they compare the games and the excitement of the violence and gore to their real lives, it makes them crave that same level of intensity which makes them act out.</edu>
  <edu id="e5" lang="ru" trans="promt">Когда они сравнивают игры и волнение насилия и запекшейся крови к их реальным жизням, это заставляет их жаждать тот же самый уровень интенсивности, которая заставляет их разыграть.</edu>
  <edu id="e5" lang="ru" trans="google">Когда они сравнивают игры и волнение насилия и крови с их реальной жизнью, это заставляет их жаждать того же уровня интенсивности, который заставляет их действовать.</edu>
  <edu id="e5" lang="ru" trans="yandex">Когда они сравнивают эти игры и волнение насилия и крови к своей настоящей жизни, оно заставляет их жаждать тот же уровень интенсивности, который заставляет их действовать.</edu>
  <adu id="a1" type="pro"/>
  <adu id="a2" type="pro"/>
  <adu id="a3" type="opp"/>
  <adu id="a4" type="pro"/>
  <adu id="a5" type="pro"/>
  <edge id="c5" src="e1" trg="a1" type="seg"/>
  <edge id="c6" src="e2" trg="a2" type="seg"/>
  <edge id="c7" src="e3" trg="a3" type="seg"/>
  <edge id="c8" src="e4" trg="a4" type="seg"/>
  <edge id="c9" src="e5" trg="a5" type="seg"/>
  <edge id="c1" src="a2" trg="a1" type="sup"/>
  <edge id="c2" src="a3" trg="a1" type="reb"/>
  <edge id="c3" src="a4" trg="c2" type="und"/>
  <edge id="c4" src="a5" trg="a4" type="sup"/>
</arggraph>
