<?xml version='1.0' encoding='UTF-8'?>
<arggraph id="micro_c095">
  <edu id="e1" lang="en">Using LED lights can make a positive impact on energy consumption.</edu>
  <edu id="e1" lang="ru" trans="promt">Используя светодиодные индикаторы может оказать положительное влияние на потребление энергии.</edu>
  <edu id="e1" lang="ru" trans="google">Использование светодиодных индикаторов может оказать положительное влияние на потребление энергии.</edu>
  <edu id="e1" lang="ru" trans="yandex">Используя светодиодные светильники могут положительно повлиять на потребление энергии.</edu>
  <edu id="e2" lang="en">This has been widely acknowledged.</edu>
  <edu id="e2" lang="ru" trans="promt">Это было широко признано.</edu>
  <edu id="e2" lang="ru" trans="google">Это широко признано.</edu>
  <edu id="e2" lang="ru" trans="yandex">Этот факт получил широкое признание.</edu>
  <edu id="e3" lang="en">Every light we use makes a tiny difference so full scale conversion to LED lights can have a vast impact in aggregate.</edu>
  <edu id="e3" lang="ru" trans="promt">Каждый свет, который мы используем, имеет крошечное значение, таким образом, преобразование полного масштаба в светодиодные индикаторы может оказать обширное влияние в совокупности.</edu>
  <edu id="e3" lang="ru" trans="google">Каждый свет, который мы используем, делает небольшую разницу, поэтому преобразование полного масштаба в светодиодные лампы может иметь огромное влияние в совокупности.</edu>
  <edu id="e3" lang="ru" trans="yandex">Каждый свет мы используем, делает небольшая разница, так что полная шкала преобразования светодиодные фонари могут иметь огромное влияние в совокупности.</edu>
  <edu id="e4" lang="en">But we all need to do our part.</edu>
  <edu id="e4" lang="ru" trans="promt">Но все мы должны внести свой вклад.</edu>
  <edu id="e4" lang="ru" trans="google">Но мы все должны сделать свою часть.</edu>
  <edu id="e4" lang="ru" trans="yandex">Но мы все должны сделать нашу часть.</edu>
  <edu id="e5" lang="en">Some feel it is too small an impact to matter</edu>
  <edu id="e5" lang="ru" trans="promt">Некоторое чувство это - слишком маленькое воздействие, чтобы иметь значение</edu>
  <edu id="e5" lang="ru" trans="google">Некоторые считают, что это слишком мало влияет на материю</edu>
  <edu id="e5" lang="ru" trans="yandex">Некоторые считают, что это слишком мало влияет на материю</edu>
  <edu id="e6" lang="en">but you have to look beyond your personal contribution and view the savings in aggregate.</edu>
  <edu id="e6" lang="ru" trans="promt">но Вы должны на время забыть свой личный вклад и рассмотреть сбережения в совокупности.</edu>
  <edu id="e6" lang="ru" trans="google">но вы должны смотреть за пределы своего личного вклада и просматривать сбережения в совокупности.</edu>
  <edu id="e6" lang="ru" trans="yandex">но вы должны смотреть за ваш личный вклад и посмотреть на сбережения в совокупности.</edu>
  <adu id="a1" type="pro"/>
  <adu id="a2" type="pro"/>
  <adu id="a3" type="pro"/>
  <adu id="a4" type="opp"/>
  <adu id="a5" type="opp"/>
  <adu id="a6" type="pro"/>
  <edge id="c6" src="e1" trg="a1" type="seg"/>
  <edge id="c7" src="e2" trg="a2" type="seg"/>
  <edge id="c8" src="e3" trg="a3" type="seg"/>
  <edge id="c9" src="e4" trg="a4" type="seg"/>
  <edge id="c10" src="e5" trg="a5" type="seg"/>
  <edge id="c11" src="e6" trg="a6" type="seg"/>
  <edge id="c1" src="a2" trg="a1" type="sup"/>
  <edge id="c2" src="a3" trg="a1" type="sup"/>
  <edge id="c3" src="a4" trg="c2" type="und"/>
  <edge id="c4" src="a5" trg="c3" type="add"/>
  <edge id="c5" src="a6" trg="a5" type="reb"/>
</arggraph>
