<?xml version='1.0' encoding='UTF-8'?>
<arggraph id="micro_c169">
  <edu id="e1" lang="en">Helicopter parents are not good for their children</edu>
  <edu id="e1" lang="ru" trans="promt">Родители-вертолеты не хороши для своих детей</edu>
  <edu id="e1" lang="ru" trans="google">Родители вертолетов не очень хороши для своих детей</edu>
  <edu id="e1" lang="ru" trans="yandex">Вертолет родители не хороши для их детей</edu>
  <edu id="e2" lang="en">because they do not allow their children to learn by making mistakes.</edu>
  <edu id="e2" lang="ru" trans="promt">потому что они не позволяют их детям учиться, делая ошибки.</edu>
  <edu id="e2" lang="ru" trans="google">потому что они не позволяют своим детям учиться, делая ошибки.</edu>
  <edu id="e2" lang="ru" trans="yandex">потому что они не позволяют своим детям учиться на ошибках.</edu>
  <edu id="e3" lang="en">When children are unable to make decisions for themselves and learn independence, they cannot function as well as adults.</edu>
  <edu id="e3" lang="ru" trans="promt">Когда дети неспособны принять решения для себя и изучить независимость, они не могут функционировать, а также взрослые.</edu>
  <edu id="e3" lang="ru" trans="google">Когда дети не могут принимать решения для себя и учиться независимости, они не могут функционировать так же хорошо, как взрослые.</edu>
  <edu id="e3" lang="ru" trans="yandex">Когда дети не способны принимать решения за себя и научитесь самостоятельности, они не могут функционировать так же, как взрослых.</edu>
  <edu id="e4" lang="en">Children need to learn to think on their own and sometimes even get hurt or make mistakes to grow as people.</edu>
  <edu id="e4" lang="ru" trans="promt">Дети должны учиться думать самостоятельно и иногда даже повреждаться или делать ошибки вырасти как люди.</edu>
  <edu id="e4" lang="ru" trans="google">Детям нужно научиться думать самостоятельно, а иногда даже болеть или ошибаться, чтобы расти как люди.</edu>
  <edu id="e4" lang="ru" trans="yandex">Дети должны научиться думать самостоятельно, а иногда даже больно или делают ошибки, чтобы расти как человек.</edu>
  <edu id="e5" lang="en">The world is a tough place and</edu>
  <edu id="e5" lang="ru" trans="promt">Мир - жесткое место и</edu>
  <edu id="e5" lang="ru" trans="google">Мир - это трудное место и</edu>
  <edu id="e5" lang="ru" trans="yandex">Мир-жесткое место и</edu>
  <edu id="e6" lang="en">children need to learn how to live in this tough world to make it as an adult.</edu>
  <edu id="e6" lang="ru" trans="promt">дети должны изучить, как жить в этом жестком мире, чтобы сделать его как взрослый.</edu>
  <edu id="e6" lang="ru" trans="google">дети должны научиться жить в этом сложном мире, чтобы сделать его взрослым.</edu>
  <edu id="e6" lang="ru" trans="yandex">дети должны научиться жить в этом жестоком мире, чтобы сделать его как взрослого.</edu>
  <adu id="a1" type="pro"/>
  <adu id="a2" type="pro"/>
  <adu id="a3" type="pro"/>
  <adu id="a4" type="pro"/>
  <adu id="a5" type="pro"/>
  <adu id="a6" type="pro"/>
  <edge id="c6" src="e1" trg="a1" type="seg"/>
  <edge id="c7" src="e2" trg="a2" type="seg"/>
  <edge id="c8" src="e3" trg="a3" type="seg"/>
  <edge id="c9" src="e4" trg="a4" type="seg"/>
  <edge id="c10" src="e5" trg="a5" type="seg"/>
  <edge id="c11" src="e6" trg="a6" type="seg"/>
  <edge id="c1" src="a2" trg="a1" type="sup"/>
  <edge id="c2" src="a3" trg="a2" type="sup"/>
  <edge id="c3" src="a4" trg="a2" type="sup"/>
  <edge id="c4" src="a5" trg="a1" type="sup"/>
  <edge id="c5" src="a6" trg="c4" type="add"/>
</arggraph>
