<?xml version='1.0' encoding='UTF-8'?>
<arggraph id="micro_c006">
  <edu id="e1" lang="en">Older people do not necessarily make better parents.</edu>
  <edu id="e1" lang="ru" trans="promt">Пожилые люди не обязательно делают лучших родителей.</edu>
  <edu id="e1" lang="ru" trans="google">Пожилые люди не обязательно делают лучших родителей.</edu>
  <edu id="e1" lang="ru" trans="yandex">Пожилым людям не обязательно сделает лучше родителей.</edu>
  <edu id="e2" lang="en">While it might be tempting to think that older parents will exercise better judgment in childrearing,</edu>
  <edu id="e2" lang="ru" trans="promt">В то время как могло бы быть заманчиво думать, что родители старшего возраста осуществят лучшее суждение в childrearing,</edu>
  <edu id="e2" lang="ru" trans="google">Хотя может показаться соблазнительным думать, что старшие родители будут лучше разбираться в воспитании детей,</edu>
  <edu id="e2" lang="ru" trans="yandex">Хотя это может быть заманчиво думать, что пожилые родители будут проявлять здравый смысл в воспитании детей,</edu>
  <edu id="e3" lang="en">it is simply not the case that growing older means growing wiser.</edu>
  <edu id="e3" lang="ru" trans="promt">просто не случай, становящийся более старым, означает становиться более мудрым.</edu>
  <edu id="e3" lang="ru" trans="google">это просто не тот случай, когда взросление становится все более мудрым.</edu>
  <edu id="e3" lang="ru" trans="yandex">это просто не тот случай, что стареет, значит, растет мудрее.</edu>
  <edu id="e4" lang="en">Younger parents will likely have levels of physical energy and stamina more closely aligned to their children's.</edu>
  <edu id="e4" lang="ru" trans="promt">У младших родителей, вероятно, будут уровни физической энергии и стойкости более тесно выровненными с их детским.</edu>
  <edu id="e4" lang="ru" trans="google">У младших родителей, вероятно, будут уровни физической энергии и выносливости, более тесно связанные с их детьми.</edu>
  <edu id="e4" lang="ru" trans="yandex">Молодые родители, вероятно, имеют уровень физической энергии и выносливости, более полно отвечающими их детей.</edu>
  <edu id="e5" lang="en">Young mothers are more likely to bear healthy children,</edu>
  <edu id="e5" lang="ru" trans="promt">Молодые матери, более вероятно, родят здоровых детей,</edu>
  <edu id="e5" lang="ru" trans="google">У молодых матерей больше шансов получить здоровых детей,</edu>
  <edu id="e5" lang="ru" trans="yandex">Молодые мамы чаще рожать здоровых детей,</edu>
  <edu id="e6" lang="en">which is no small part of being a good parent.</edu>
  <edu id="e6" lang="ru" trans="promt">который не является никакой небольшой частью того, чтобы быть хорошим родителем.</edu>
  <edu id="e6" lang="ru" trans="google">который является не малой частью того, чтобы быть хорошим родителем.</edu>
  <edu id="e6" lang="ru" trans="yandex">что не малая часть быть хорошим родителем.</edu>
  <edu id="e7" lang="en">Finally, older parents will reach the age at which they need support from their children when their children are relatively young and not yet in the peak earning years.</edu>
  <edu id="e7" lang="ru" trans="promt">Наконец, родители старшего возраста достигнут возраста, в котором они нуждаются в поддержке от своих детей, когда их дети относительно молоды и еще в пиковых годах приобретения.</edu>
  <edu id="e7" lang="ru" trans="google">Наконец, старшие родители достигнут возраста, в котором они нуждаются в поддержке со стороны своих детей, когда их дети относительно молоды и еще не достигли пиковых лет.</edu>
  <edu id="e7" lang="ru" trans="yandex">Наконец, пожилые родители будут достигать возраста, в котором они нуждаются в поддержке своих детей, когда их дети относительно молоды и еще не в самый пик заработка лет.</edu>
  <adu id="a1" type="pro"/>
  <adu id="a2" type="opp"/>
  <adu id="a3" type="pro"/>
  <adu id="a4" type="pro"/>
  <adu id="a5" type="pro"/>
  <adu id="a6" type="pro"/>
  <adu id="a7" type="pro"/>
  <edge id="c7" src="e1" trg="a1" type="seg"/>
  <edge id="c8" src="e2" trg="a2" type="seg"/>
  <edge id="c9" src="e3" trg="a3" type="seg"/>
  <edge id="c10" src="e4" trg="a4" type="seg"/>
  <edge id="c11" src="e5" trg="a5" type="seg"/>
  <edge id="c12" src="e6" trg="a6" type="seg"/>
  <edge id="c13" src="e7" trg="a7" type="seg"/>
  <edge id="c1" src="a2" trg="a1" type="reb"/>
  <edge id="c2" src="a3" trg="a2" type="reb"/>
  <edge id="c3" src="a4" trg="a1" type="sup"/>
  <edge id="c4" src="a5" trg="a1" type="sup"/>
  <edge id="c5" src="a6" trg="c4" type="add"/>
  <edge id="c6" src="a7" trg="a1" type="sup"/>
</arggraph>
