<?xml version='1.0' encoding='UTF-8'?>
<arggraph id="micro_c061">
  <edu id="e1" lang="en">Social media has been largely detrimental to teenagers</edu>
  <edu id="e1" lang="ru" trans="promt">Социальные медиа были в основном вредны для подростков</edu>
  <edu id="e1" lang="ru" trans="google">Социальные медиа в значительной степени наносят ущерб подросткам</edu>
  <edu id="e1" lang="ru" trans="yandex">Социальные медиа в значительной степени вредны для подростков</edu>
  <edu id="e2" lang="en">specifically because they are not yet developed enough to handle it.</edu>
  <edu id="e2" lang="ru" trans="promt">конкретно, потому что они еще не развиты достаточно, чтобы обращаться с ним.</edu>
  <edu id="e2" lang="ru" trans="google">потому что они еще недостаточно развиты, чтобы справиться с этим.</edu>
  <edu id="e2" lang="ru" trans="yandex">именно потому, что они еще не достаточно развита, чтобы справиться с этим.</edu>
  <edu id="e3" lang="en">Social media has eliminated many barriers and limited privacy in such a way that has made teens very vulnerable.</edu>
  <edu id="e3" lang="ru" trans="promt">Социальные медиа устранили много барьеров и ограничили частную жизнь таким способом, который сделал подростков очень уязвимыми.</edu>
  <edu id="e3" lang="ru" trans="google">Социальные медиа устранили множество барьеров и ограничили конфиденциальность таким образом, чтобы подростки были очень уязвимы.</edu>
  <edu id="e3" lang="ru" trans="yandex">Социальные медиа уже устранены многие барьеры и общества приватности таким образом, что сделали подростки очень уязвимы.</edu>
  <edu id="e4" lang="en">Social bullying is a rampant issue,</edu>
  <edu id="e4" lang="ru" trans="promt">Социальное запугивание - необузданная проблема,</edu>
  <edu id="e4" lang="ru" trans="google">Социальное издевательство - необузданная проблема,</edu>
  <edu id="e4" lang="ru" trans="yandex">Социальная дедовщина-это повальная проблема,</edu>
  <edu id="e5" lang="en">and teens are often unable to place reasonable limits on their social media time.</edu>
  <edu id="e5" lang="ru" trans="promt">и подростки часто неспособны установить разумные границы своего времени социальных сетей.</edu>
  <edu id="e5" lang="ru" trans="google">и подростки часто не могут устанавливать разумные ограничения на свое время в социальных сетях.</edu>
  <edu id="e5" lang="ru" trans="yandex">и подростки часто не могут поставить разумные ограничения на их социальное время СМИ.</edu>
  <edu id="e6" lang="en">It is true that social media is very beneficial for staying in contact with people far away,</edu>
  <edu id="e6" lang="ru" trans="promt">Верно, что социальные сети очень выгодны для пребывания в контакте с людьми далеко,</edu>
  <edu id="e6" lang="ru" trans="google">Это правда, что социальные сети очень полезны для общения с людьми далеко,</edu>
  <edu id="e6" lang="ru" trans="yandex">Это правда, что социальные медиа-это очень выгодно для пребывания в контакте с людьми, далеко,</edu>
  <edu id="e7" lang="en">but because there are no limits teens often wind up spending more time in that virtual world than in the real world.</edu>
  <edu id="e7" lang="ru" trans="promt">но потому что нет никаких подростков пределов, часто завершают проведение большего количества времени в том виртуальном мире, чем в реальном мире.</edu>
  <edu id="e7" lang="ru" trans="google">но из-за отсутствия ограничений подростки часто вынуждены тратить больше времени в этом виртуальном мире, чем в реальном мире.</edu>
  <edu id="e7" lang="ru" trans="yandex">но ведь нет пределов подростки часто заканчивают проводить больше времени в виртуальном мире, чем в реальном мире.</edu>
  <adu id="a1" type="pro"/>
  <adu id="a2" type="pro"/>
  <adu id="a3" type="pro"/>
  <adu id="a4" type="pro"/>
  <adu id="a5" type="pro"/>
  <adu id="a6" type="opp"/>
  <adu id="a7" type="pro"/>
  <edge id="c7" src="e1" trg="a1" type="seg"/>
  <edge id="c8" src="e2" trg="a2" type="seg"/>
  <edge id="c9" src="e3" trg="a3" type="seg"/>
  <edge id="c10" src="e4" trg="a4" type="seg"/>
  <edge id="c11" src="e5" trg="a5" type="seg"/>
  <edge id="c12" src="e6" trg="a6" type="seg"/>
  <edge id="c13" src="e7" trg="a7" type="seg"/>
  <edge id="c1" src="a2" trg="a1" type="sup"/>
  <edge id="c2" src="a3" trg="a2" type="sup"/>
  <edge id="c3" src="a4" trg="a1" type="sup"/>
  <edge id="c4" src="a5" trg="a1" type="sup"/>
  <edge id="c5" src="a6" trg="a1" type="reb"/>
  <edge id="c6" src="a7" trg="c5" type="und"/>
</arggraph>
