<?xml version='1.0' encoding='UTF-8'?>
<arggraph id="micro_c118">
  <edu id="e1" lang="en">Living in a city where pollution is an excessive problem is not a good idea.</edu>
  <edu id="e1" lang="ru" trans="promt">Проживание в городе, где загрязнение - чрезмерная проблема, не является хорошей идеей.</edu>
  <edu id="e1" lang="ru" trans="google">Жизнь в городе, где загрязнение является чрезмерной проблемой, не является хорошей идеей.</edu>
  <edu id="e1" lang="ru" trans="yandex">Живя в городе, где загрязнение является непосильной задачей не является хорошей идеей.</edu>
  <edu id="e2" lang="en">Even if good employment was secured,</edu>
  <edu id="e2" lang="ru" trans="promt">Даже если хорошая занятость была обеспечена,</edu>
  <edu id="e2" lang="ru" trans="google">Даже если была обеспечена хорошая занятость,</edu>
  <edu id="e2" lang="ru" trans="yandex">Даже если был обеспечен хорошей занятости,</edu>
  <edu id="e3" lang="en">I would only be contributing to the pollution problem by adding myself and my family.</edu>
  <edu id="e3" lang="ru" trans="promt">Я только способствовал бы проблеме загрязнения, добавляя меня и мою семью.</edu>
  <edu id="e3" lang="ru" trans="google">Я бы только вносил вклад в проблему загрязнения, добавляя себя и свою семью.</edu>
  <edu id="e3" lang="ru" trans="yandex">Я бы только усугубляют проблему загрязнения путем добавления себя и свою семью.</edu>
  <edu id="e4" lang="en">One could argue that having a job that pays well would outweigh any negative impacts to the environment,</edu>
  <edu id="e4" lang="ru" trans="promt">Можно было утверждать, что наличие работы, которая платит хорошо, перевесило бы любые негативные воздействия к окружающей среде,</edu>
  <edu id="e4" lang="ru" trans="google">Можно утверждать, что работа, которая хорошо оплачивается, перевешивает любые негативные последствия для окружающей среды,</edu>
  <edu id="e4" lang="ru" trans="yandex">Можно возразить, что имея работу, которая платит хорошо, перевесят любые негативные последствия для окружающей среды,</edu>
  <edu id="e5" lang="en">and that supporting oneself and one's family is more important than protecting the environment.</edu>
  <edu id="e5" lang="ru" trans="promt">и та поддержка себя и семьи более важна, чем защита окружающей среды.</edu>
  <edu id="e5" lang="ru" trans="google">и что поддержка себя и своей семьи важнее защиты окружающей среды.</edu>
  <edu id="e5" lang="ru" trans="yandex">и что поддерживать себя и своей семьи является более важным, чем защита окружающей среды.</edu>
  <edu id="e6" lang="en">However, I believe it is everyone's responsibility to act in a way that protects our environment for our future generations.</edu>
  <edu id="e6" lang="ru" trans="promt">Однако я полагаю, что это - общая обязанность действовать способом, который защищает нашу среду для наших будущих поколений.</edu>
  <edu id="e6" lang="ru" trans="google">Тем не менее, я считаю, что каждый несет ответственность за то, чтобы защищать окружающую среду наших будущих поколений.</edu>
  <edu id="e6" lang="ru" trans="yandex">Тем не менее, я считаю, что это ответственность каждого из нас действовать таким образом, чтобы защитить нашу окружающую среду для будущих поколений.</edu>
  <adu id="a1" type="pro"/>
  <adu id="a2" type="opp"/>
  <adu id="a3" type="pro"/>
  <adu id="a4" type="opp"/>
  <adu id="a5" type="opp"/>
  <adu id="a6" type="pro"/>
  <edge id="c6" src="e1" trg="a1" type="seg"/>
  <edge id="c7" src="e2" trg="a2" type="seg"/>
  <edge id="c8" src="e3" trg="a3" type="seg"/>
  <edge id="c9" src="e4" trg="a4" type="seg"/>
  <edge id="c10" src="e5" trg="a5" type="seg"/>
  <edge id="c11" src="e6" trg="a6" type="seg"/>
  <edge id="c1" src="a2" trg="a1" type="reb"/>
  <edge id="c2" src="a3" trg="c1" type="und"/>
  <edge id="c3" src="a4" trg="c2" type="und"/>
  <edge id="c4" src="a5" trg="a4" type="sup"/>
  <edge id="c5" src="a6" trg="a4" type="reb"/>
</arggraph>
