<?xml version='1.0' encoding='UTF-8'?>
<arggraph id="micro_c190">
  <edu id="e1" lang="en">Video games are the enemy of quality family time.</edu>
  <edu id="e1" lang="ru" trans="promt">Видеоигры - враг качественного семейного времени.</edu>
  <edu id="e1" lang="ru" trans="google">Видеоигры являются врагом качественного семейного времени.</edu>
  <edu id="e1" lang="ru" trans="yandex">Видеоигры-это враг семье достаточно времени.</edu>
  <edu id="e2" lang="en">There are few times in the average family were they can interact with each other on a close level without any interruptions.</edu>
  <edu id="e2" lang="ru" trans="promt">Есть несколько раз в средней семье, были, они могут взаимодействовать друг с другом на близком уровне без любых прерываний.</edu>
  <edu id="e2" lang="ru" trans="google">В средней семье было несколько раз, когда они могли взаимодействовать друг с другом на близком уровне без каких-либо перерывов.</edu>
  <edu id="e2" lang="ru" trans="yandex">Есть несколько раз в среднестатистической семье они могут взаимодействовать друг с другом на близком уровне без каких-либо перерывов.</edu>
  <edu id="e3" lang="en">Video games can become addictive and time consuming.</edu>
  <edu id="e3" lang="ru" trans="promt">Видеоигры могут стать захватывающими и трудоемкими.</edu>
  <edu id="e3" lang="ru" trans="google">Видеоигры могут стать захватывающим и трудоемким.</edu>
  <edu id="e3" lang="ru" trans="yandex">Видеоигры могут стать привыкание и отнимает много времени.</edu>
  <edu id="e4" lang="en">On the other hand, they can also teach meaningful skills to the users.</edu>
  <edu id="e4" lang="ru" trans="promt">С другой стороны, они могут также преподавать значащие навыки пользователям.</edu>
  <edu id="e4" lang="ru" trans="google">С другой стороны, они могут также обучать значимых навыков пользователям.</edu>
  <edu id="e4" lang="ru" trans="yandex">С другой стороны, они также могут научить значимые навыки для пользователей.</edu>
  <edu id="e5" lang="en">The time playing video games should be limited by parents or caregivers.</edu>
  <edu id="e5" lang="ru" trans="promt">Время, играя в видеоигры должно быть ограничено родителями или сиделками.</edu>
  <edu id="e5" lang="ru" trans="google">Время игры в видеоигры должно быть ограничено родителями или опекунами.</edu>
  <edu id="e5" lang="ru" trans="yandex">Времени, играя в видео игры должно быть ограничено родителями или опекунами.</edu>
  <adu id="a1" type="pro"/>
  <adu id="a2" type="pro"/>
  <adu id="a3" type="opp"/>
  <adu id="a4" type="pro"/>
  <adu id="a5" type="pro"/>
  <edge id="c5" src="e1" trg="a5" type="seg"/>
  <edge id="c6" src="e2" trg="a1" type="seg"/>
  <edge id="c7" src="e3" trg="a2" type="seg"/>
  <edge id="c8" src="e4" trg="a3" type="seg"/>
  <edge id="c9" src="e5" trg="a4" type="seg"/>
  <edge id="c1" src="a1" trg="a5" type="sup"/>
  <edge id="c2" src="a2" trg="a4" type="sup"/>
  <edge id="c3" src="a3" trg="a4" type="reb"/>
  <edge id="c4" src="a5" trg="a4" type="sup"/>
</arggraph>
