<?xml version='1.0' encoding='UTF-8'?>
<arggraph id="micro_c035">
  <edu id="e1" lang="en">Fracking has uncovered cheap natural gas.</edu>
  <edu id="e1" lang="ru" trans="promt">Гидроразрыв раскрыл дешевый природный газ.</edu>
  <edu id="e1" lang="ru" trans="google">Fracking раскрыл дешевый природный газ.</edu>
  <edu id="e1" lang="ru" trans="yandex">Ректификаторы обнаружила дешевым природным газом.</edu>
  <edu id="e2" lang="en">The aggregate savings to the American household are then passed on to the economy in the way of spending.</edu>
  <edu id="e2" lang="ru" trans="promt">Совокупные сбережения в американское домашнее хозяйство тогда переданы экономике в способе потратить.</edu>
  <edu id="e2" lang="ru" trans="google">Совокупная экономия в американском домохозяйстве затем переходит к экономике на пути расходов.</edu>
  <edu id="e2" lang="ru" trans="yandex">Совокупные сбережения американских домохозяйств затем передаются на экономику в плане расходов.</edu>
  <edu id="e3" lang="en">Also, the coal industry has imploded as a consequence which is more of a pollutant than natural gas.</edu>
  <edu id="e3" lang="ru" trans="promt">Кроме того, угольная промышленность интегрировалась как следствие, который является большим количеством загрязнителя, чем природный газ.</edu>
  <edu id="e3" lang="ru" trans="google">Кроме того, угольная промышленность в результате, как следствие, более загрязнилась, чем природный газ.</edu>
  <edu id="e3" lang="ru" trans="yandex">Кроме того, угольная промышленность схлопнулась как следствие, которая больше загрязняющих веществ, чем природный газ.</edu>
  <edu id="e4" lang="en">The potential contamination damage caused by the fracking process is outweighed by the reduction of energy costs to the American household.</edu>
  <edu id="e4" lang="ru" trans="promt">Потенциальный ущерб загрязнения, нанесенный процессом гидроразрыва, перевешивается сокращением затрат на энергию в американское домашнее хозяйство.</edu>
  <edu id="e4" lang="ru" trans="google">Потенциальный ущерб от загрязнения, вызванный процессом fracking, перевешивается сокращением расходов на энергию для американского домохозяйства.</edu>
  <edu id="e4" lang="ru" trans="yandex">Потенциального ущерба загрязнения, обусловленные процессом гидроразрыва перевешивает снижение затрат энергии на американских домохозяйств.</edu>
  <edu id="e5" implicit="true" lang="en">Yes, we need fracking despite its risks.</edu>
  <edu id="e5" lang="ru" trans="promt">Да, нам нужен гидроразрыв несмотря на его риски.</edu>
  <edu id="e5" lang="ru" trans="google">Да, нам нужно fracking, несмотря на его риски.</edu>
  <edu id="e5" lang="ru" trans="yandex">Да, нам нужно ректификационной несмотря на риски.</edu>
  <adu id="a1" type="pro"/>
  <adu id="a2" type="pro"/>
  <adu id="a3" type="pro"/>
  <adu id="a4" type="pro"/>
  <adu id="a5" type="pro"/>
  <edge id="c5" src="e1" trg="a3" type="seg"/>
  <edge id="c6" src="e2" trg="a4" type="seg"/>
  <edge id="c7" src="e3" trg="a5" type="seg"/>
  <edge id="c8" src="e4" trg="a2" type="seg"/>
  <edge id="c9" src="e5" trg="a1" type="seg"/>
  <edge id="c1" src="a2" trg="a1" type="sup"/>
  <edge id="c2" src="a3" trg="a2" type="sup"/>
  <edge id="c3" src="a4" trg="c2" type="add"/>
  <edge id="c4" src="a5" trg="c2" type="add"/>
</arggraph>
