<?xml version='1.0' encoding='UTF-8'?>
<arggraph id="micro_c031">
  <edu id="e1" lang="en">People should get to know each other well before they become engaged.</edu>
  <edu id="e1" lang="ru" trans="promt">Люди должны узнать друг друга задолго до того, как они становятся занятыми.</edu>
  <edu id="e1" lang="ru" trans="google">Люди должны хорошо знать друг друга, прежде чем они начнут заниматься.</edu>
  <edu id="e1" lang="ru" trans="yandex">Люди должны узнать друг друга, прежде чем они стали заниматься.</edu>
  <edu id="e2" lang="en">To do so will take time though.</edu>
  <edu id="e2" lang="ru" trans="promt">Сделать так займет время все же.</edu>
  <edu id="e2" lang="ru" trans="google">Для этого потребуется время.</edu>
  <edu id="e2" lang="ru" trans="yandex">Для этого потребуется время.</edu>
  <edu id="e3" lang="en">I say they need to date at least one year.</edu>
  <edu id="e3" lang="ru" trans="promt">Я говорю, что им требуется до настоящего времени по крайней мере один год.</edu>
  <edu id="e3" lang="ru" trans="google">Я говорю, что они должны встречаться не менее одного года.</edu>
  <edu id="e3" lang="ru" trans="yandex">Я говорю, что нужно встречаться не менее одного года.</edu>
  <edu id="e4" lang="en">That will give them time to see the good and the bad.</edu>
  <edu id="e4" lang="ru" trans="promt">Это даст им время, чтобы видеть пользу и плохое.</edu>
  <edu id="e4" lang="ru" trans="google">Это даст им время увидеть хорошее и плохое.</edu>
  <edu id="e4" lang="ru" trans="yandex">Это даст им время, чтобы увидеть хорошее и плохое.</edu>
  <adu id="a1" type="pro"/>
  <adu id="a2" type="pro"/>
  <adu id="a3" type="opp"/>
  <adu id="a4" type="pro"/>
  <edge id="c4" src="e1" trg="a2" type="seg"/>
  <edge id="c5" src="e2" trg="a3" type="seg"/>
  <edge id="c6" src="e3" trg="a1" type="seg"/>
  <edge id="c7" src="e4" trg="a4" type="seg"/>
  <edge id="c1" src="a2" trg="a1" type="sup"/>
  <edge id="c2" src="a3" trg="c1" type="und"/>
  <edge id="c3" src="a4" trg="c2" type="und"/>
</arggraph>
