<?xml version='1.0' encoding='UTF-8'?>
<arggraph id="micro_c134">
  <edu id="e1" lang="en">Government regulation is a powerful and influential entity.</edu>
  <edu id="e1" lang="ru" trans="promt">Правительственное регулирование - влиятельное и влиятельное предприятие.</edu>
  <edu id="e1" lang="ru" trans="google">Правительственное регулирование является мощным и влиятельным субъектом.</edu>
  <edu id="e1" lang="ru" trans="yandex">Государственное регулирование является мощным и влиятельным субъектом.</edu>
  <edu id="e2" lang="en">By either enforcing or encouraging solar energy use government may be a driving force.</edu>
  <edu id="e2" lang="ru" trans="promt">Или проводящим в жизнь или ободрительным правительством использования солнечной энергии может быть движущая сила.</edu>
  <edu id="e2" lang="ru" trans="google">Путем принуждения или поощрения использования солнечной энергии правительство может быть движущей силой.</edu>
  <edu id="e2" lang="ru" trans="yandex">Либо применение или поощрение солнечной использования энергии правительство может быть движущей силой.</edu>
  <edu id="e3" lang="en">Though force creates resistance from individuals and corporations.</edu>
  <edu id="e3" lang="ru" trans="promt">Хотя сила создает сопротивление от людей и корпораций.</edu>
  <edu id="e3" lang="ru" trans="google">Хотя сила создает сопротивление у отдельных лиц и корпораций.</edu>
  <edu id="e3" lang="ru" trans="yandex">Хотя сила создает сопротивление от частных лиц и корпораций.</edu>
  <edu id="e4" lang="en">Solar energy is an untapped resource in many areas of the world.</edu>
  <edu id="e4" lang="ru" trans="promt">Солнечная энергия - неиспользованный ресурс во многих областях мира.</edu>
  <edu id="e4" lang="ru" trans="google">Солнечная энергия - неиспользованный ресурс во многих областях мира.</edu>
  <edu id="e4" lang="ru" trans="yandex">Солнечная энергия является неиспользованным ресурсом во многих районах мира.</edu>
  <edu id="e5" lang="en">If regulated, solar energy has the potential to solve energy problems.</edu>
  <edu id="e5" lang="ru" trans="promt">Если отрегулировано, у солнечной энергии есть потенциал, чтобы решить энергетические проблемы.</edu>
  <edu id="e5" lang="ru" trans="google">Если регулируется, солнечная энергия имеет потенциал для решения энергетических проблем.</edu>
  <edu id="e5" lang="ru" trans="yandex">Если регулируется, солнечная энергия имеет потенциал, чтобы решить энергетические проблемы.</edu>
  <adu id="a1" type="pro"/>
  <adu id="a2" type="pro"/>
  <adu id="a3" type="opp"/>
  <adu id="a4" type="pro"/>
  <adu id="a5" type="pro"/>
  <edge id="c5" src="e1" trg="a2" type="seg"/>
  <edge id="c6" src="e2" trg="a1" type="seg"/>
  <edge id="c7" src="e3" trg="a3" type="seg"/>
  <edge id="c8" src="e4" trg="a5" type="seg"/>
  <edge id="c9" src="e5" trg="a4" type="seg"/>
  <edge id="c1" src="a2" trg="a1" type="sup"/>
  <edge id="c2" src="a3" trg="a1" type="reb"/>
  <edge id="c3" src="a4" trg="a1" type="sup"/>
  <edge id="c4" src="a5" trg="a4" type="sup"/>
</arggraph>
