<?xml version='1.0' encoding='UTF-8'?>
<arggraph id="micro_c028">
  <edu id="e1" lang="en">People should date at least one year before getting engaged.</edu>
  <edu id="e1" lang="ru" trans="promt">Люди должны датироваться по крайней мере за один год до обручения.</edu>
  <edu id="e1" lang="ru" trans="google">Люди должны встречаться не менее одного года, прежде чем начать заниматься.</edu>
  <edu id="e1" lang="ru" trans="yandex">Люди должны встречаться по крайней мере один год, прежде чем обручиться.</edu>
  <edu id="e2" lang="en">Taking the time to get to know someone, especially someone you plan to spend your whole life with, is critical.</edu>
  <edu id="e2" lang="ru" trans="promt">Занимание время, чтобы узнать кого-то, особенно кто-то, с которым Вы планируете провести свою целую жизнь, очень важно.</edu>
  <edu id="e2" lang="ru" trans="google">Потратьте время, чтобы познакомиться с кем-то, особенно с тем, с кем вы планируете провести всю свою жизнь, имеет решающее значение.</edu>
  <edu id="e2" lang="ru" trans="yandex">Принимая время, чтобы узнать кого-то, особенно кого-то, вы планируете потратить всю свою жизнь, является критическим.</edu>
  <edu id="e3" lang="en">Though some people may believe shorter time would be okay,</edu>
  <edu id="e3" lang="ru" trans="promt">Хотя некоторые люди могут полагать, что более короткое время было бы хорошо,</edu>
  <edu id="e3" lang="ru" trans="google">Хотя некоторые люди могут полагать, что более короткое время будет в порядке,</edu>
  <edu id="e3" lang="ru" trans="yandex">Хотя некоторые люди могут считать коротким временем будет хорошо,</edu>
  <edu id="e4" lang="en">looking at the high rate of divorce,</edu>
  <edu id="e4" lang="ru" trans="promt">рассмотрение высокого показателя развода,</edu>
  <edu id="e4" lang="ru" trans="google">глядя на высокий уровень развода,</edu>
  <edu id="e4" lang="ru" trans="yandex">глядя на высокий уровень разводов,</edu>
  <edu id="e5" lang="en">I believe some of that is due to people rushing in to get married too quickly.</edu>
  <edu id="e5" lang="ru" trans="promt">Я верю, некоторые изо что происходят из-за людей, врывающихся, чтобы жениться слишком быстро.</edu>
  <edu id="e5" lang="ru" trans="google">Я считаю, что некоторые из них связаны с тем, что люди спешат выйти замуж слишком быстро.</edu>
  <edu id="e5" lang="ru" trans="yandex">Я верю, что это из-за людей спешат выходить замуж слишком быстро.</edu>
  <adu id="a1" type="pro"/>
  <adu id="a2" type="pro"/>
  <adu id="a3" type="opp"/>
  <adu id="a4" type="pro"/>
  <adu id="a5" type="pro"/>
  <edge id="c5" src="e1" trg="a1" type="seg"/>
  <edge id="c6" src="e2" trg="a2" type="seg"/>
  <edge id="c7" src="e3" trg="a3" type="seg"/>
  <edge id="c8" src="e4" trg="a4" type="seg"/>
  <edge id="c9" src="e5" trg="a5" type="seg"/>
  <edge id="c1" src="a2" trg="a1" type="sup"/>
  <edge id="c2" src="a3" trg="a1" type="reb"/>
  <edge id="c3" src="a4" trg="a3" type="reb"/>
  <edge id="c4" src="a5" trg="c3" type="add"/>
</arggraph>
