<?xml version='1.0' encoding='UTF-8'?>
<arggraph id="micro_c195">
  <edu id="e1" lang="en">Dogs will show unconditional love whether treated good or bad.</edu>
  <edu id="e1" lang="ru" trans="promt">Собаки покажут безоговорочную любовь ли рассматриваемая польза или плохой.</edu>
  <edu id="e1" lang="ru" trans="google">Собаки проявят безусловную любовь, будь то хорошее или плохое.</edu>
  <edu id="e1" lang="ru" trans="yandex">Собаки будут показывать безусловную любовь, будет ли относиться хорошо или плохо.</edu>
  <edu id="e2" lang="en">They should be treated as part of the family.</edu>
  <edu id="e2" lang="ru" trans="promt">Их нужно рассматривать как часть семьи.</edu>
  <edu id="e2" lang="ru" trans="google">Их следует рассматривать как часть семьи.</edu>
  <edu id="e2" lang="ru" trans="yandex">Они должны рассматриваться как часть семьи.</edu>
  <edu id="e3" lang="en">They are loyal and forgiving.</edu>
  <edu id="e3" lang="ru" trans="promt">Они лояльные и прощающие.</edu>
  <edu id="e3" lang="ru" trans="google">Они верны и прощают.</edu>
  <edu id="e3" lang="ru" trans="yandex">Они лояльны и снисходительны.</edu>
  <edu id="e4" lang="en">Just like children, they require guidance and discipline.</edu>
  <edu id="e4" lang="ru" trans="promt">Точно так же, как дети они требуют руководства и дисциплины.</edu>
  <edu id="e4" lang="ru" trans="google">Как дети, они нуждаются в руководстве и дисциплине.</edu>
  <edu id="e4" lang="ru" trans="yandex">Просто как дети, они нуждаются в руководстве и дисциплине.</edu>
  <edu id="e5" lang="en">Dogs are pets and should not be left outside.</edu>
  <edu id="e5" lang="ru" trans="promt">Собаки - домашние животные и не должны быть оставлены снаружи.</edu>
  <edu id="e5" lang="ru" trans="google">Собаки - это домашние животные, и их нельзя оставлять на улице.</edu>
  <edu id="e5" lang="ru" trans="yandex">Собаки домашние животные и не должны быть оставлены снаружи.</edu>
  <adu id="a1" type="pro"/>
  <adu id="a2" type="pro"/>
  <adu id="a3" type="pro"/>
  <adu id="a4" type="pro"/>
  <adu id="a5" type="pro"/>
  <edge id="c5" src="e1" trg="a2" type="seg"/>
  <edge id="c6" src="e2" trg="a1" type="seg"/>
  <edge id="c7" src="e3" trg="a3" type="seg"/>
  <edge id="c8" src="e4" trg="a4" type="seg"/>
  <edge id="c9" src="e5" trg="a5" type="seg"/>
  <edge id="c1" src="a2" trg="a1" type="sup"/>
  <edge id="c2" src="a3" trg="a1" type="sup"/>
  <edge id="c3" src="a4" trg="a1" type="sup"/>
  <edge id="c4" src="a5" trg="a1" type="sup"/>
</arggraph>
