<?xml version='1.0' encoding='UTF-8'?>
<arggraph id="micro_c046">
  <edu id="e1" lang="en">Car drivers should be prohibited from using cell phones</edu>
  <edu id="e1" lang="ru" trans="promt">Водителям нужно мешать использовать сотовые телефоны</edu>
  <edu id="e1" lang="ru" trans="google">Автомобильным водителям запрещается пользоваться мобильными телефонами</edu>
  <edu id="e1" lang="ru" trans="yandex">Водители, должно быть запрещено использование сотовых телефонов</edu>
  <edu id="e2" lang="en">because they tend to cause distraction.</edu>
  <edu id="e2" lang="ru" trans="promt">потому что они имеют тенденцию вызывать отвлечение.</edu>
  <edu id="e2" lang="ru" trans="google">потому что они склонны вызывать отвлечение.</edu>
  <edu id="e2" lang="ru" trans="yandex">потому что они, как правило, вызвать отвлечение.</edu>
  <edu id="e3" lang="en">Holding the cell phone in the hand while driving and talking causes attention to be diverted off the roads and traffic.</edu>
  <edu id="e3" lang="ru" trans="promt">Удерживание сотового телефона в руке, двигаясь и говоря внимание причин, которое будет отклонено от дорог и трафика.</edu>
  <edu id="e3" lang="ru" trans="google">Удержание мобильного телефона в руке во время вождения и разговоров заставляет внимание отвлекаться от дорог и движения.</edu>
  <edu id="e3" lang="ru" trans="yandex">Держа сотовый телефон в руке во время вождения и разговоров вызывает внимание отвлекаются от дороги и движения.</edu>
  <edu id="e4" lang="en">This causes further hindrance to safe driving</edu>
  <edu id="e4" lang="ru" trans="promt">Это вызывает дальнейшую помеху для безопасного вождения</edu>
  <edu id="e4" lang="ru" trans="google">Это создает дополнительные препятствия для безопасного вождения</edu>
  <edu id="e4" lang="ru" trans="yandex">Это вызывает дальнейшее препятствием для безопасного вождения</edu>
  <edu id="e5" lang="en">as the driver ends up using just one hand instead of both hands on the steering wheel.</edu>
  <edu id="e5" lang="ru" trans="promt">поскольку водитель заканчивает тем, что использовал всего одну руку вместо обеих рук на руль.</edu>
  <edu id="e5" lang="ru" trans="google">поскольку водитель заканчивает использование одной рукой вместо обеих рук на рулевом колесе.</edu>
  <edu id="e5" lang="ru" trans="yandex">в качестве водителя заканчивается, используя только одну руку, а не обе руки на руле.</edu>
  <edu id="e6" lang="en">Cell phone usage could be limited to blue tooth only</edu>
  <edu id="e6" lang="ru" trans="promt">Использование сотового телефона могло быть ограничено bluetooth только</edu>
  <edu id="e6" lang="ru" trans="google">Использование сотового телефона может быть ограничено только синим зубом</edu>
  <edu id="e6" lang="ru" trans="yandex">Использование сотового телефона может быть ограничена только синий зуб </edu>
  <edu id="e7" lang="en">as it can help drivers attend to urgent calls while keeping hands free from the phone and on the steering wheel at all times.</edu>
  <edu id="e7" lang="ru" trans="promt">поскольку это может помочь водителям проявить внимание к срочным требованиям, держа руки лишенными телефона и на руле в любом случае.</edu>
  <edu id="e7" lang="ru" trans="google">так как это может помочь водителям следить за срочными вызовами, сохраняя при этом свободные руки от телефона и рулевого колеса в любое время.</edu>
  <edu id="e7" lang="ru" trans="yandex">как он может помочь водителям присутствовать на срочные вызовы, сохраняя при этом руки свободными от телефона и на руле во все времена.</edu>
  <edu id="e8" lang="en">Distraction due to cell phones is probably one of the leading causes in vehicle accidents.</edu>
  <edu id="e8" lang="ru" trans="promt">Отвлечение из-за сотовых телефонов - вероятно, одна из главных причин в дорожно-транспортных происшествиях.</edu>
  <edu id="e8" lang="ru" trans="google">Отвлечение из-за сотовых телефонов, вероятно, является одной из ведущих причин в автомобильных авариях.</edu>
  <edu id="e8" lang="ru" trans="yandex">Отвлечение из-за сотовых телефонов, вероятно, является одной из основных причин дорожно-транспортных происшествий.</edu>
  <adu id="a1" type="pro"/>
  <adu id="a2" type="pro"/>
  <adu id="a3" type="pro"/>
  <adu id="a4" type="pro"/>
  <adu id="a5" type="pro"/>
  <adu id="a6" type="pro"/>
  <adu id="a7" type="opp"/>
  <adu id="a8" type="opp"/>
  <edge id="c8" src="e1" trg="a1" type="seg"/>
  <edge id="c9" src="e2" trg="a2" type="seg"/>
  <edge id="c10" src="e3" trg="a4" type="seg"/>
  <edge id="c11" src="e4" trg="a5" type="seg"/>
  <edge id="c12" src="e5" trg="a6" type="seg"/>
  <edge id="c13" src="e6" trg="a7" type="seg"/>
  <edge id="c14" src="e7" trg="a8" type="seg"/>
  <edge id="c15" src="e8" trg="a3" type="seg"/>
  <edge id="c1" src="a2" trg="a1" type="sup"/>
  <edge id="c2" src="a3" trg="c1" type="add"/>
  <edge id="c3" src="a4" trg="a2" type="sup"/>
  <edge id="c4" src="a5" trg="c3" type="add"/>
  <edge id="c5" src="a6" trg="a5" type="sup"/>
  <edge id="c6" src="a7" trg="c5" type="und"/>
  <edge id="c7" src="a8" trg="a7" type="sup"/>
</arggraph>
