<?xml version='1.0' encoding='UTF-8'?>
<arggraph id="micro_c107">
  <edu id="e1" lang="en">Food waste is taking up too much space as landfill.</edu>
  <edu id="e1" lang="ru" trans="promt">Пищевые отходы занимают слишком много места как закапывание мусора.</edu>
  <edu id="e1" lang="ru" trans="google">Пищевые отходы занимают слишком много места, как свалки.</edu>
  <edu id="e1" lang="ru" trans="yandex">Пищевые отходы занимают слишком много места в свалку.</edu>
  <edu id="e2" lang="en">Landfill waste is bad for the environment.</edu>
  <edu id="e2" lang="ru" trans="promt">Отходы закапывания мусора плохи для окружающей среды.</edu>
  <edu id="e2" lang="ru" trans="google">Отходы мусорных свалок вредны для окружающей среды.</edu>
  <edu id="e2" lang="ru" trans="yandex">Свалки отходов-это плохо для окружающей среды.</edu>
  <edu id="e3" lang="en">It takes up so much space and makes it useless.</edu>
  <edu id="e3" lang="ru" trans="promt">Это занимает так много места и делает его бесполезным.</edu>
  <edu id="e3" lang="ru" trans="google">Он занимает столько места и делает его бесполезным.</edu>
  <edu id="e3" lang="ru" trans="yandex">Она занимает так много места и делает его бесполезным.</edu>
  <edu id="e4" lang="en">People think it's difficult to compost.</edu>
  <edu id="e4" lang="ru" trans="promt">Люди думают, что это трудно к компосту.</edu>
  <edu id="e4" lang="ru" trans="google">Люди считают, что сложно компост.</edu>
  <edu id="e4" lang="ru" trans="yandex">Люди думают, что это сложно компост.</edu>
  <edu id="e5" lang="en">But, it's not when you have a separate bin just for composting.</edu>
  <edu id="e5" lang="ru" trans="promt">Но, это не, когда у Вас есть отдельное мусорное ведро только для компостирования.</edu>
  <edu id="e5" lang="ru" trans="google">Но это не когда у вас есть отдельный контейнер для компостирования.</edu>
  <edu id="e5" lang="ru" trans="yandex">Но, это не тогда, когда у вас есть отдельный ящик только для компостирования.</edu>
  <edu id="e6" implicit="true" lang="en">Composting can help save the environment.</edu>
  <edu id="e6" lang="ru" trans="promt">Компостирование может помочь сохранить окружающую среду.</edu>
  <edu id="e6" lang="ru" trans="google">Компостирование может помочь сохранить окружающую среду.</edu>
  <edu id="e6" lang="ru" trans="yandex">Компостирование может помочь сохранить окружающую среду.</edu>
  <adu id="a1" type="pro"/>
  <adu id="a2" type="opp"/>
  <adu id="a3" type="pro"/>
  <adu id="a4" type="pro"/>
  <adu id="a5" type="pro"/>
  <adu id="a6" type="pro"/>
  <edge id="c6" src="e1" trg="a4" type="seg"/>
  <edge id="c7" src="e2" trg="a5" type="seg"/>
  <edge id="c8" src="e3" trg="a6" type="seg"/>
  <edge id="c9" src="e4" trg="a2" type="seg"/>
  <edge id="c10" src="e5" trg="a3" type="seg"/>
  <edge id="c11" src="e6" trg="a1" type="seg"/>
  <edge id="c1" src="a2" trg="a1" type="reb"/>
  <edge id="c2" src="a3" trg="a2" type="reb"/>
  <edge id="c3" src="a4" trg="a1" type="sup"/>
  <edge id="c4" src="a5" trg="c3" type="add"/>
  <edge id="c5" src="a6" trg="a5" type="sup"/>
</arggraph>
