<?xml version='1.0' encoding='UTF-8'?>
<arggraph id="micro_c069">
  <edu id="e1" lang="en">Definitely supermarkets should charge for plastic bags.</edu>
  <edu id="e1" lang="ru" trans="promt">Определенно супермаркеты должны взимать за полиэтиленовые пакеты.</edu>
  <edu id="e1" lang="ru" trans="google">Определенно, супермаркеты должны взимать плату за пластиковые пакеты.</edu>
  <edu id="e1" lang="ru" trans="yandex">Наверняка супермаркеты должны взимать плату за пластиковые пакеты.</edu>
  <edu id="e2" lang="en">Its very important that we stop using plastic.</edu>
  <edu id="e2" lang="ru" trans="promt">Ее очень важное, что мы прекращаем использовать пластмассу.</edu>
  <edu id="e2" lang="ru" trans="google">Очень важно, что мы перестаем использовать пластик.</edu>
  <edu id="e2" lang="ru" trans="yandex">Очень важно, что мы больше не использовать пластик.</edu>
  <edu id="e3" lang="en">Its very harmful and spoils the Nature and anything in its contact.</edu>
  <edu id="e3" lang="ru" trans="promt">Его очень вредное и останки Природа и что-либо в его контакте.</edu>
  <edu id="e3" lang="ru" trans="google">Это очень вредно и портит природу и что-то в ее контакте.</edu>
  <edu id="e3" lang="ru" trans="yandex">Его очень вредно и портит природу и что-нибудь в свой контакт.</edu>
  <edu id="e4" lang="en">Plastic should be banned in every form with a notice to the whole Nation.</edu>
  <edu id="e4" lang="ru" trans="promt">Пластмасса должна быть запрещена в каждой форме с уведомлением всей стране.</edu>
  <edu id="e4" lang="ru" trans="google">Пластик должен быть запрещен в каждой форме с уведомлением всей нации.</edu>
  <edu id="e4" lang="ru" trans="yandex">Пластик должен быть запрещен в любой форме с уведомлением о всей нации.</edu>
  <edu id="e5" lang="en">Plastic should not be used in any way.</edu>
  <edu id="e5" lang="ru" trans="promt">Пластмасса не должна использоваться ни в каком случае.</edu>
  <edu id="e5" lang="ru" trans="google">Пластик не должен использоваться каким-либо образом.</edu>
  <edu id="e5" lang="ru" trans="yandex">Пластик не должен использоваться в любом случае.</edu>
  <adu id="a1" type="pro"/>
  <adu id="a2" type="pro"/>
  <adu id="a3" type="pro"/>
  <edge id="c3" src="e1" trg="a1" type="seg"/>
  <edge id="c4" src="e2" trg="a2" type="seg"/>
  <edge id="c5" src="e3" trg="a3" type="seg"/>
  <edge id="c6" src="e4" trg="a2" type="seg"/>
  <edge id="c7" src="e5" trg="a2" type="seg"/>
  <edge id="c1" src="a2" trg="a1" type="sup"/>
  <edge id="c2" src="a3" trg="a2" type="sup"/>
</arggraph>
