<?xml version='1.0' encoding='UTF-8'?>
<arggraph id="micro_c097">
  <edu id="e1" lang="en">LED lights do cost more than traditional incandescent bulbs.</edu>
  <edu id="e1" lang="ru" trans="promt">Светодиодные индикаторы действительно стоят больше, чем традиционные лампы накаливания.</edu>
  <edu id="e1" lang="ru" trans="google">Светодиодные фонари стоят дороже, чем традиционные лампы накаливания.</edu>
  <edu id="e1" lang="ru" trans="yandex">Светодиодные фонари стоят дороже, чем традиционные лампы накаливания.</edu>
  <edu id="e2" lang="en">But in the long run, they will help save energy.</edu>
  <edu id="e2" lang="ru" trans="promt">Но в конечном счете, они помогут сохранить энергию.</edu>
  <edu id="e2" lang="ru" trans="google">Но в конечном итоге они помогут экономить энергию.</edu>
  <edu id="e2" lang="ru" trans="yandex">Но в долгосрочной перспективе, они помогут экономить энергию.</edu>
  <edu id="e3" lang="en">They use 25 to 80 percent less power.</edu>
  <edu id="e3" lang="ru" trans="promt">Они используют на 25 - 80 процентов меньше власти.</edu>
  <edu id="e3" lang="ru" trans="google">Они используют на 25-80 процентов меньше энергии.</edu>
  <edu id="e3" lang="ru" trans="yandex">Они используют 25 до 80 процентов меньше энергии.</edu>
  <edu id="e4" lang="en">They also can last for years, meaning they will not need to be replaced as often.</edu>
  <edu id="e4" lang="ru" trans="promt">Они также могут продлиться в течение многих лет, означая, что они не должны будут быть заменены как часто.</edu>
  <edu id="e4" lang="ru" trans="google">Они также могут длиться годами, а это означает, что их не нужно заменять так часто.</edu>
  <edu id="e4" lang="ru" trans="yandex">Они также могут длиться годами, т. е. они не должны быть заменены так часто.</edu>
  <edu id="e5" lang="en">By swapping out all light bulbs in your home or business with LED lights, you should see a noticeable drop in energy consumption.</edu>
  <edu id="e5" lang="ru" trans="promt">Обменивая все лампочки в Вашем доме или бизнесе со светодиодными индикаторами, Вы должны видеть значимое понижение потребления энергии.</edu>
  <edu id="e5" lang="ru" trans="google">Поменяв все лампочки в вашем доме или бизнесе светодиодами, вы должны увидеть заметное снижение потребления энергии.</edu>
  <edu id="e5" lang="ru" trans="yandex">Заменили все лампочки в вашем доме или офисе с светодиодные фонари, вы должны увидеть заметное падение потребления энергии.</edu>
  <adu id="a1" type="pro"/>
  <adu id="a2" type="pro"/>
  <adu id="a3" type="pro"/>
  <adu id="a4" type="opp"/>
  <adu id="a5" type="pro"/>
  <edge id="c5" src="e1" trg="a4" type="seg"/>
  <edge id="c6" src="e2" trg="a5" type="seg"/>
  <edge id="c7" src="e3" trg="a2" type="seg"/>
  <edge id="c8" src="e4" trg="a3" type="seg"/>
  <edge id="c9" src="e5" trg="a1" type="seg"/>
  <edge id="c1" src="a2" trg="a5" type="sup"/>
  <edge id="c2" src="a3" trg="a1" type="sup"/>
  <edge id="c3" src="a4" trg="a1" type="reb"/>
  <edge id="c4" src="a5" trg="c3" type="und"/>
</arggraph>
