<?xml version='1.0' encoding='UTF-8'?>
<arggraph id="micro_c089">
  <edu id="e1" lang="en">Video games are much more than just having fun and goofing off.</edu>
  <edu id="e1" lang="ru" trans="promt">Видеоигры намного больше, чем просто весело проводят время и лентяйничают.</edu>
  <edu id="e1" lang="ru" trans="google">Видеоигры - это нечто большее, чем просто развлечение и отключение.</edu>
  <edu id="e1" lang="ru" trans="yandex">Видеоигры гораздо больше, чем просто веселятся и дурачатся.</edu>
  <edu id="e2" lang="en">Many games can teach people several skills without even realizing it, such as planning ahead, patience and persistence, efficiency, and more.</edu>
  <edu id="e2" lang="ru" trans="promt">Много игр могут преподавать людям несколько навыков, даже не понимая его, таких как планирование заранее, терпение и постоянство, эффективность, и т.д.</edu>
  <edu id="e2" lang="ru" trans="google">Многие игры могут научить людей нескольким навыкам, даже не осознавая этого, например, планирование вперед, терпение и настойчивость, эффективность и многое другое.</edu>
  <edu id="e2" lang="ru" trans="yandex">Многие игры могут научить людей всем навыкам, даже не осознавая этого, такие как планирование, терпение и настойчивость, оперативность, и многое другое.</edu>
  <edu id="e3" lang="en">If games were actually tailored to the learning aspect, they could still be seriously fun (and have super cool graphics), but require a skill - like math or grammar - to be learned, to win the game.</edu>
  <edu id="e3" lang="ru" trans="promt">Если бы игры были на самом деле скроены к аспекту изучения, они могли бы все еще быть серьезно забавными (и иметь очень прикольную графику), но потребуйте, чтобы умение - как математика или грамматика - было изучено, выиграло игру.</edu>
  <edu id="e3" lang="ru" trans="google">Если бы игры были специально адаптированы к аспекту обучения, они все равно могли бы серьезно повеселиться (и иметь супер классную графику), но для того, чтобы учиться, нужно научиться играть в математику или грамматику, чтобы выиграть игру.</edu>
  <edu id="e3" lang="ru" trans="yandex">Если игры на самом деле были адаптированы к обучению аспект, он может серьезно весело (и есть супер крутой графики), но требуют навыков, как математика или грамматика - чтобы его узнали, чтобы выиграть игру.</edu>
  <edu id="e4" lang="en">This ensures something good is being gained from video games in school, and technology is well-utilized.</edu>
  <edu id="e4" lang="ru" trans="promt">Это гарантирует, что что-то хорошее получается от видеоигр в школе, и технология хорошо используется.</edu>
  <edu id="e4" lang="ru" trans="google">Это гарантирует, что что-то хорошее получается из видеоигр в школе, а технология хорошо используется.</edu>
  <edu id="e4" lang="ru" trans="yandex">Это гарантирует что-то хорошее, были получены от в видеоигры в школе, и технологии хорошо освоены.</edu>
  <adu id="a1" type="pro"/>
  <adu id="a2" type="pro"/>
  <adu id="a3" type="pro"/>
  <adu id="a4" type="pro"/>
  <edge id="c4" src="e1" trg="a4" type="seg"/>
  <edge id="c5" src="e2" trg="a3" type="seg"/>
  <edge id="c6" src="e3" trg="a1" type="seg"/>
  <edge id="c7" src="e4" trg="a2" type="seg"/>
  <edge id="c1" src="a2" trg="a1" type="sup"/>
  <edge id="c2" src="a3" trg="a4" type="exa"/>
  <edge id="c3" src="a4" trg="a1" type="sup"/>
</arggraph>
