<?xml version='1.0' encoding='UTF-8'?>
<arggraph id="micro_c184">
  <edu id="e1" lang="en">Any family activity has the potential for bonding, sharing, and emulation.</edu>
  <edu id="e1" lang="ru" trans="promt">У любой семейной деятельности есть потенциал для соединения, разделения и эмуляции.</edu>
  <edu id="e1" lang="ru" trans="google">Любая семейная деятельность имеет потенциал для склейки, совместного использования и эмуляции.</edu>
  <edu id="e1" lang="ru" trans="yandex">Любые семейные мероприятия имеет потенциал для склеивания, обмена и использования.</edu>
  <edu id="e2" lang="en">Some may think that competitive environment generally associated with sport can be disruptive of family harmony.</edu>
  <edu id="e2" lang="ru" trans="promt">Некоторые могут думать, что конкурентная среда, обычно связываемая со спортом, может быть подрывной из семейной гармонии.</edu>
  <edu id="e2" lang="ru" trans="google">Некоторые могут подумать, что конкурентная среда, обычно связанная со спортом, может разрушить семейную гармонию.</edu>
  <edu id="e2" lang="ru" trans="yandex">Некоторые могут подумать, что конкурентная среда, как правило, связаны со спортом может быть разрушительным семейной гармонии.</edu>
  <edu id="e3" lang="en">This is not necessarily the case.</edu>
  <edu id="e3" lang="ru" trans="promt">Это не обязательно имеет место.</edu>
  <edu id="e3" lang="ru" trans="google">Это не обязательно так.</edu>
  <edu id="e3" lang="ru" trans="yandex">Это не обязательно так.</edu>
  <edu id="e4" lang="en">Adults have the opportunity to demonstrate sportsmanship and proper behavior to their children.</edu>
  <edu id="e4" lang="ru" trans="promt">У взрослых есть возможность продемонстрировать спортивное мастерство и правильное поведение их детям.</edu>
  <edu id="e4" lang="ru" trans="google">Взрослые имеют возможность продемонстрировать спортивное поведение и правильное поведение своих детей.</edu>
  <edu id="e4" lang="ru" trans="yandex">Взрослые имеют возможность продемонстрировать спортивное мастерство и надлежащем поведении своих детей.</edu>
  <edu id="e5" lang="en">There is ample opportunity for family bonding whether competing as a team or against one other.</edu>
  <edu id="e5" lang="ru" trans="promt">Есть широкие возможности для семейного соединения ли, конкурируя как команда или против еще одного.</edu>
  <edu id="e5" lang="ru" trans="google">Существует множество возможностей для семейного общения, будь то соревнование в команде или против другого.</edu>
  <edu id="e5" lang="ru" trans="yandex">Есть широкие возможности для семейных отношений будь конкурировать в команде или против друг друга.</edu>
  <edu id="e6" lang="en">The documented contribution of sport to physical and mental well-being also argues in favor of family participation.</edu>
  <edu id="e6" lang="ru" trans="promt">Зарегистрированный вклад спорта к физическому и умственному благополучию также спорит в пользу семейного участия.</edu>
  <edu id="e6" lang="ru" trans="google">Задокументированный вклад спорта в физическое и психическое благополучие также утверждает в пользу участия семьи.</edu>
  <edu id="e6" lang="ru" trans="yandex">Документированные вклад спорта для физического и психического благополучия и свидетельствует в пользу участия семьи.</edu>
  <edu id="e7" implicit="true" lang="en">Doing sports together is a good thing for families.</edu>
  <edu id="e7" lang="ru" trans="promt">Занимание спортом вместе является хорошей вещью для семей.</edu>
  <edu id="e7" lang="ru" trans="google">Занятия спортом вместе - это хорошо для семей.</edu>
  <edu id="e7" lang="ru" trans="yandex">Заниматься спортом вместе-это хорошо для семьи.</edu>
  <adu id="a1" type="pro"/>
  <adu id="a2" type="opp"/>
  <adu id="a3" type="pro"/>
  <adu id="a4" type="pro"/>
  <adu id="a5" type="pro"/>
  <adu id="a6" type="pro"/>
  <edge id="c6" src="e1" trg="a1" type="seg"/>
  <edge id="c7" src="e2" trg="a2" type="seg"/>
  <edge id="c8" src="e3" trg="a3" type="seg"/>
  <edge id="c9" src="e4" trg="a4" type="seg"/>
  <edge id="c10" src="e5" trg="a1" type="seg"/>
  <edge id="c11" src="e6" trg="a5" type="seg"/>
  <edge id="c12" src="e7" trg="a6" type="seg"/>
  <edge id="c1" src="a1" trg="a6" type="sup"/>
  <edge id="c2" src="a2" trg="a6" type="reb"/>
  <edge id="c3" src="a3" trg="a2" type="reb"/>
  <edge id="c4" src="a4" trg="a3" type="sup"/>
  <edge id="c5" src="a5" trg="a6" type="sup"/>
</arggraph>
