<?xml version='1.0' encoding='UTF-8'?>
<arggraph id="micro_c040">
  <edu id="e1" lang="en">I think that, to some extent, romantic movies can leave an impression on viewers about what they think their real life relationships should be.</edu>
  <edu id="e1" lang="ru" trans="promt">Я думаю, что в некоторой степени романтичные фильмы могут оставить впечатление на зрителей о том, что они думают, что их реальные отношения должны быть.</edu>
  <edu id="e1" lang="ru" trans="google">Я думаю, что в какой-то степени романтические фильмы могут оставлять впечатление на зрителей о том, что они думают о своих реальных жизненных отношениях.</edu>
  <edu id="e1" lang="ru" trans="yandex">Я думаю, что до некоторой степени, романтические фильмы могут оставить впечатление на зрителей, что они думают об их реальной жизни отношения должны быть.</edu>
  <edu id="e2" lang="en">Most people can tell the difference between reality and movies,</edu>
  <edu id="e2" lang="ru" trans="promt">Большинство людей может сказать различие между действительностью и фильмами,</edu>
  <edu id="e2" lang="ru" trans="google">Большинство людей могут сказать разницу между реальностью и фильмами,</edu>
  <edu id="e2" lang="ru" trans="yandex">Большинство людей могут сказать, разница между реальностью и кино,</edu>
  <edu id="e3" lang="en">but seeing perfect fictional relationships can give people false expectations.</edu>
  <edu id="e3" lang="ru" trans="promt">но наблюдение прекрасных вымышленных отношений может дать людям ложные ожидания.</edu>
  <edu id="e3" lang="ru" trans="google">но наблюдение совершенных вымышленных отношений может дать людям ложные ожидания.</edu>
  <edu id="e3" lang="ru" trans="yandex">но, увидев идеальный вымышленный отношения могут дать людям ложные надежды.</edu>
  <edu id="e4" lang="en">They may wish they had that in their real lives even though it was obviously written for entertainment purposes.</edu>
  <edu id="e4" lang="ru" trans="promt">Им можно жаль, что у них не было этого в их реальных жизнях даже при том, что это было, очевидно, написано в целях развлечений.</edu>
  <edu id="e4" lang="ru" trans="google">Они могут пожелать, чтобы это было в их реальной жизни, хотя это, очевидно, было написано для развлекательных целей.</edu>
  <edu id="e4" lang="ru" trans="yandex">Они, возможно, пожелают они, что в своей реальной жизни, хотя это, очевидно, было написано для развлекательных целей.</edu>
  <edu id="e5" implicit="true" lang="en">Yes, the expectations raised by romantic movies are damaging to real relationships.</edu>
  <edu id="e5" lang="ru" trans="promt">Да, ожидания, повышенные романтичными фильмами, наносят ущерб реальным отношениям.</edu>
  <edu id="e5" lang="ru" trans="google">Да, ожидания, связанные с романтическими фильмами, наносят ущерб реальным отношениям.</edu>
  <edu id="e5" lang="ru" trans="yandex">Да, ожидания, порожденные романтические фильмы вредны для реальных отношений.</edu>
  <adu id="a1" type="pro"/>
  <adu id="a2" type="opp"/>
  <adu id="a3" type="pro"/>
  <adu id="a4" type="pro"/>
  <adu id="a5" type="pro"/>
  <edge id="c5" src="e1" trg="a1" type="seg"/>
  <edge id="c6" src="e2" trg="a2" type="seg"/>
  <edge id="c7" src="e3" trg="a3" type="seg"/>
  <edge id="c8" src="e4" trg="a4" type="seg"/>
  <edge id="c9" src="e5" trg="a5" type="seg"/>
  <edge id="c1" src="a1" trg="a5" type="sup"/>
  <edge id="c2" src="a2" trg="a1" type="reb"/>
  <edge id="c3" src="a3" trg="c2" type="und"/>
  <edge id="c4" src="a4" trg="a3" type="sup"/>
</arggraph>
