<?xml version='1.0' encoding='UTF-8'?>
<arggraph id="micro_c156">
  <edu id="e1" lang="en">Teenage marriages could be a good idea if both people truly love one another.</edu>
  <edu id="e1" lang="ru" trans="promt">Подростковые браки могли быть хорошей идеей, если оба человека искренне любят друг друга.</edu>
  <edu id="e1" lang="ru" trans="google">Подростковые браки могут быть хорошей идеей, если оба человека действительно любят друг друга.</edu>
  <edu id="e1" lang="ru" trans="yandex">Подростковые браки может быть хорошей идеей, если оба человека действительно любят друг друга.</edu>
  <edu id="e2" lang="en">People should have the right to marry whomever they choose to, whenever they choose to.</edu>
  <edu id="e2" lang="ru" trans="promt">Люди должны иметь право жениться, кто бы ни они принимают решение, каждый раз, когда они принимают решение.</edu>
  <edu id="e2" lang="ru" trans="google">Люди должны иметь право вступать в брак с тем, кого они выбирают, когда захотят.</edu>
  <edu id="e2" lang="ru" trans="yandex">Люди должны иметь право вступать в брак с кем они хотят, когда они хотят.</edu>
  <edu id="e3" lang="en">However, this is a very young age, and a teenager's decision making is not up to par with an adults.</edu>
  <edu id="e3" lang="ru" trans="promt">Однако это - очень молодой возраст, и принятие решения подростка не в нормальном состоянии со взрослые.</edu>
  <edu id="e3" lang="ru" trans="google">Тем не менее, это очень молодой возраст, и принятие подростком решения не в порядке со взрослыми.</edu>
  <edu id="e3" lang="ru" trans="yandex">Однако, это очень молодой возраст, принятие решений подростком не до равенства со взрослыми.</edu>
  <edu id="e4" lang="en">Teenage marriage would most likely make a already high divorce rate, even higher.</edu>
  <edu id="e4" lang="ru" trans="promt">Подростковый брак, скорее всего, сделал бы уже высокий процент разводов, еще выше.</edu>
  <edu id="e4" lang="ru" trans="google">Подростковый брак, скорее всего, сделает уже высокий уровень развода, даже выше.</edu>
  <edu id="e4" lang="ru" trans="yandex">Подростковый брак будет, скорее всего, сделать уже высокий уровень разводов, даже выше.</edu>
  <edu id="e5" lang="en">If teenagers were allowed to marry one another, you would probably see many more kids getting married before even graduating high school!</edu>
  <edu id="e5" lang="ru" trans="promt">Если бы подросткам разрешили жениться друг на друге, Вы, вероятно, видели бы, что намного больше детей женится перед ровным получением высшего образования средней школы!</edu>
  <edu id="e5" lang="ru" trans="google">Если подросткам разрешалось вступать в брак друг с другом, вы, вероятно, увидите еще много детей, которые выйдут замуж, даже после окончания средней школы!</edu>
  <edu id="e5" lang="ru" trans="yandex">Если подростки могут вступать в брак друг друга, вы, вероятно, увидеть много детей вступить в брак еще до окончания школы!</edu>
  <edu id="e6" lang="en">Teenage marriage would most certainty cause a shake up in our society today.</edu>
  <edu id="e6" lang="ru" trans="promt">Подростковый брак был бы большая часть уверенности вызывать встряску в нашем обществе сегодня.</edu>
  <edu id="e6" lang="ru" trans="google">Подросток женитьбы, несомненно, вызовет встряску в нашем обществе сегодня.</edu>
  <edu id="e6" lang="ru" trans="yandex">Подростковый брак будет наибольшей вероятностью вызвать перемены в нашем обществе сегодня.</edu>
  <edu id="e7" implicit="true" lang="en">Teenage marriages is not a good idea.</edu>
  <edu id="e7" lang="ru" trans="promt">Подростковые браки не хорошая идея.</edu>
  <edu id="e7" lang="ru" trans="google">Подростковые браки - это не очень хорошая идея.</edu>
  <edu id="e7" lang="ru" trans="yandex">Подростковые браки-это не очень хорошая идея.</edu>
  <adu id="a1" type="opp"/>
  <adu id="a2" type="opp"/>
  <adu id="a3" type="pro"/>
  <adu id="a4" type="pro"/>
  <adu id="a5" type="pro"/>
  <adu id="a6" type="pro"/>
  <adu id="a7" type="pro"/>
  <edge id="c7" src="e1" trg="a1" type="seg"/>
  <edge id="c8" src="e2" trg="a2" type="seg"/>
  <edge id="c9" src="e3" trg="a3" type="seg"/>
  <edge id="c10" src="e4" trg="a4" type="seg"/>
  <edge id="c11" src="e5" trg="a5" type="seg"/>
  <edge id="c12" src="e6" trg="a6" type="seg"/>
  <edge id="c13" src="e7" trg="a7" type="seg"/>
  <edge id="c1" src="a1" trg="a7" type="reb"/>
  <edge id="c2" src="a2" trg="a1" type="sup"/>
  <edge id="c3" src="a3" trg="c2" type="und"/>
  <edge id="c4" src="a4" trg="a7" type="sup"/>
  <edge id="c5" src="a5" trg="a6" type="sup"/>
  <edge id="c6" src="a6" trg="a7" type="sup"/>
</arggraph>
