<?xml version='1.0' encoding='UTF-8'?>
<arggraph id="micro_c126">
  <edu id="e1" lang="en">There is not a way to handle nuclear waste responsibly.</edu>
  <edu id="e1" lang="ru" trans="promt">Нет способа обращаться с ядерными отходами ответственно.</edu>
  <edu id="e1" lang="ru" trans="google">Ответственность за ядерные отходы не существует.</edu>
  <edu id="e1" lang="ru" trans="yandex">Существует не способ обработки ответственно ядерных отходов.</edu>
  <edu id="e2" lang="en">Humans are prone to error.</edu>
  <edu id="e2" lang="ru" trans="promt">Люди подвержены ошибке.</edu>
  <edu id="e2" lang="ru" trans="google">Люди склонны к ошибке.</edu>
  <edu id="e2" lang="ru" trans="yandex">Люди склонны к ошибке.</edu>
  <edu id="e3" lang="en">No system is perfect.</edu>
  <edu id="e3" lang="ru" trans="promt">Никакая система не прекрасна.</edu>
  <edu id="e3" lang="ru" trans="google">Никакая система не идеальна.</edu>
  <edu id="e3" lang="ru" trans="yandex">Никакая система не является идеальной.</edu>
  <edu id="e4" lang="en">Eventually there will be a leak or some other disastrous scenario</edu>
  <edu id="e4" lang="ru" trans="promt">В конечном счете будет утечка или некоторый другой катастрофический сценарий</edu>
  <edu id="e4" lang="ru" trans="google">В конце концов произойдет утечка или какой-нибудь другой катастрофический сценарий</edu>
  <edu id="e4" lang="ru" trans="yandex">В конце концов будет течь или некоторые другие катастрофические сценарии</edu>
  <edu id="e5" lang="en">and we won't be able to undo it.</edu>
  <edu id="e5" lang="ru" trans="promt">и мы не будем в состоянии отменить его.</edu>
  <edu id="e5" lang="ru" trans="google">и мы не сможем его отменить.</edu>
  <edu id="e5" lang="ru" trans="yandex">и мы не сможем отменить его.</edu>
  <edu id="e6" lang="en">It could be handled ""responsibly"" for a time, possibly even a long time,</edu>
  <edu id="e6" lang="ru" trans="promt">Это могло быть обработано ""ответственно"" какое-то время, возможно даже долгое время,</edu>
  <edu id="e6" lang="ru" trans="google">Его можно было бы «ответственно» «на какое-то время, возможно, даже надолго,</edu>
  <edu id="e6" lang="ru" trans="yandex">Это может быть обработано ""ответственно"" какое-то время, возможно даже длительное время,</edu>
  <edu id="e7" lang="en">but eventually human error will occur.</edu>
  <edu id="e7" lang="ru" trans="promt">но в конечном счете человеческая ошибка произойдет.</edu>
  <edu id="e7" lang="ru" trans="google">но в конечном итоге произойдет человеческая ошибка.</edu>
  <edu id="e7" lang="ru" trans="yandex">но в итоге ошибки человека будет происходить.</edu>
  <adu id="a1" type="pro"/>
  <adu id="a2" type="pro"/>
  <adu id="a3" type="pro"/>
  <adu id="a4" type="pro"/>
  <adu id="a5" type="pro"/>
  <adu id="a6" type="opp"/>
  <edge id="c6" src="e1" trg="a1" type="seg"/>
  <edge id="c7" src="e2" trg="a2" type="seg"/>
  <edge id="c8" src="e3" trg="a3" type="seg"/>
  <edge id="c9" src="e4" trg="a4" type="seg"/>
  <edge id="c10" src="e5" trg="a5" type="seg"/>
  <edge id="c11" src="e6" trg="a6" type="seg"/>
  <edge id="c12" src="e7" trg="a1" type="seg"/>
  <edge id="c1" src="a2" trg="a4" type="sup"/>
  <edge id="c2" src="a3" trg="a4" type="sup"/>
  <edge id="c3" src="a4" trg="a1" type="sup"/>
  <edge id="c4" src="a5" trg="c3" type="add"/>
  <edge id="c5" src="a6" trg="a1" type="reb"/>
</arggraph>
