<?xml version='1.0' encoding='UTF-8'?>
<arggraph id="micro_c116">
  <edu id="e1" lang="en">No I would not live in a high-pollution city</edu>
  <edu id="e1" lang="ru" trans="promt">Нет я не жил бы в городе высокого загрязнения</edu>
  <edu id="e1" lang="ru" trans="google">Нет, я бы не жил в городе с высоким уровнем загрязнения</edu>
  <edu id="e1" lang="ru" trans="yandex">Нет, я не буду жить в высоком загрязнении города</edu>
  <edu id="e2" lang="en">because of the effects on one's health.</edu>
  <edu id="e2" lang="ru" trans="promt">из-за эффектов на здоровье.</edu>
  <edu id="e2" lang="ru" trans="google">из-за влияния на здоровье.</edu>
  <edu id="e2" lang="ru" trans="yandex">из-за влияния на здоровье.</edu>
  <edu id="e3" lang="en">Pollution can cause respiratory disease such as emphysema and asthma.</edu>
  <edu id="e3" lang="ru" trans="promt">Загрязнение может вызвать респираторную болезнь, такую как эмфизема и астма.</edu>
  <edu id="e3" lang="ru" trans="google">Загрязнение может вызвать респираторные заболевания, такие как эмфизема и астма.</edu>
  <edu id="e3" lang="ru" trans="yandex">Загрязнения могут вызывать респираторные заболевания, такие как эмфизема и астма.</edu>
  <edu id="e4" lang="en">In addition, lung damage can be done by inhaling all that dirt.</edu>
  <edu id="e4" lang="ru" trans="promt">Кроме того, повреждение легкого может быть сделано, вдохнув всю ту грязь.</edu>
  <edu id="e4" lang="ru" trans="google">Кроме того, повреждение легких может быть сделано путем вдыхания всей этой грязи.</edu>
  <edu id="e4" lang="ru" trans="yandex">Кроме того, повреждение легких может быть сделано путем вдыхания всей этой грязью.</edu>
  <edu id="e5" lang="en">There are many more cons versus pros in this situation.</edu>
  <edu id="e5" lang="ru" trans="promt">Есть намного больше недостатков против профессионалов в этой ситуации.</edu>
  <edu id="e5" lang="ru" trans="google">В этой ситуации существует гораздо больше минусов против профи.</edu>
  <edu id="e5" lang="ru" trans="yandex">Есть еще много минусов против плюсов в этой ситуации.</edu>
  <adu id="a1" type="pro"/>
  <adu id="a2" type="pro"/>
  <adu id="a3" type="pro"/>
  <adu id="a4" type="pro"/>
  <adu id="a5" type="pro"/>
  <edge id="c5" src="e1" trg="a1" type="seg"/>
  <edge id="c6" src="e2" trg="a2" type="seg"/>
  <edge id="c7" src="e3" trg="a3" type="seg"/>
  <edge id="c8" src="e4" trg="a4" type="seg"/>
  <edge id="c9" src="e5" trg="a5" type="seg"/>
  <edge id="c1" src="a2" trg="a1" type="sup"/>
  <edge id="c2" src="a3" trg="a2" type="exa"/>
  <edge id="c3" src="a4" trg="a2" type="exa"/>
  <edge id="c4" src="a5" trg="a1" type="sup"/>
</arggraph>
