<?xml version='1.0' encoding='UTF-8'?>
<arggraph id="micro_c066">
  <edu id="e1" lang="en">It is important that we try to save our planet from plastics and other things that we can not recycle.</edu>
  <edu id="e1" lang="ru" trans="promt">Важно, чтобы мы попытались спасти нашу планету от пластмасс и других вещей, которые мы не можем переработать.</edu>
  <edu id="e1" lang="ru" trans="google">Важно, чтобы мы пытались спасти нашу планету от пластмасс и других вещей, которые мы не можем перерабатывать.</edu>
  <edu id="e1" lang="ru" trans="yandex">Важно, что мы пытаемся спасти нашу планету от пластика и других вещей, которые мы не можем переработать.</edu>
  <edu id="e2" lang="en">I think that with that in mind we should charge for plastic bags.</edu>
  <edu id="e2" lang="ru" trans="promt">Я думаю, что с тем в памяти мы должны взимать за полиэтиленовые пакеты.</edu>
  <edu id="e2" lang="ru" trans="google">Я думаю, что с учетом этого мы должны взимать плату за пластиковые пакеты.</edu>
  <edu id="e2" lang="ru" trans="yandex">Я думаю, что с этим в виду, мы должны взимать плату за пластиковые пакеты.</edu>
  <adu id="a1" type="pro"/>
  <adu id="a2" type="pro"/>
  <edge id="c2" src="e1" trg="a2" type="seg"/>
  <edge id="c3" src="e2" trg="a1" type="seg"/>
  <edge id="c1" src="a2" trg="a1" type="sup"/>
</arggraph>
