<?xml version='1.0' encoding='UTF-8'?>
<arggraph id="micro_c032">
  <edu id="e1" lang="en">We don't need fracking,</edu>
  <edu id="e1" lang="ru" trans="promt">Нам не нужен гидроразрыв,</edu>
  <edu id="e1" lang="ru" trans="google">Нам не нужно fracking,</edu>
  <edu id="e1" lang="ru" trans="yandex">Нам не нужен ГРП,</edu>
  <edu id="e2" lang="en">because we already get enough oil from other countries and without fracking.</edu>
  <edu id="e2" lang="ru" trans="promt">потому что мы уже получаем достаточно нефти от других стран и без гидроразрыва.</edu>
  <edu id="e2" lang="ru" trans="google">потому что мы уже получаем достаточное количество нефти из других стран и без трещин.</edu>
  <edu id="e2" lang="ru" trans="yandex">потому что мы уже получаем достаточно нефти из других стран и без гидроразрыва.</edu>
  <edu id="e3" lang="en">We can also use other energy sources besides oil like electricity and natural gas.</edu>
  <edu id="e3" lang="ru" trans="promt">Мы можем также использовать другие источники энергии помимо нефти как электричество и природного газа.</edu>
  <edu id="e3" lang="ru" trans="google">Мы можем также использовать другие источники энергии, помимо нефти, как электричество и природный газ.</edu>
  <edu id="e3" lang="ru" trans="yandex">Мы также можем использовать другие источники энергии, кроме нефти, такие как электричество и природный газ.</edu>
  <edu id="e4" lang="en">Therefore, we don't need to frack,</edu>
  <edu id="e4" lang="ru" trans="promt">Поэтому нам не нужно к оживленному,</edu>
  <edu id="e4" lang="ru" trans="google">Поэтому нам не нужно frack,</edu>
  <edu id="e4" lang="ru" trans="yandex">Поэтому, мы не нуждаемся в ГРП,</edu>
  <edu id="e5" lang="en">especially because it's unhealthy for the surrounding areas and it's people.</edu>
  <edu id="e5" lang="ru" trans="promt">особенно, потому что это вредно для здоровья для окрестностей, и это - люди.</edu>
  <edu id="e5" lang="ru" trans="google">особенно потому, что это нездорово для окружающих районов, и это люди.</edu>
  <edu id="e5" lang="ru" trans="yandex">тем более, что это вредно для окружающей территории и людей.</edu>
  <adu id="a1" type="pro"/>
  <adu id="a2" type="pro"/>
  <adu id="a3" type="pro"/>
  <adu id="a4" type="pro"/>
  <edge id="c4" src="e1" trg="a1" type="seg"/>
  <edge id="c5" src="e2" trg="a2" type="seg"/>
  <edge id="c6" src="e3" trg="a3" type="seg"/>
  <edge id="c7" src="e4" trg="a1" type="seg"/>
  <edge id="c8" src="e5" trg="a4" type="seg"/>
  <edge id="c1" src="a2" trg="a1" type="sup"/>
  <edge id="c2" src="a3" trg="a1" type="sup"/>
  <edge id="c3" src="a4" trg="a1" type="sup"/>
</arggraph>
