<?xml version='1.0' encoding='UTF-8'?>
<arggraph id="micro_c170">
  <edu id="e1" lang="en">The primary job of a parent is to prepare the child to live independently on their own.</edu>
  <edu id="e1" lang="ru" trans="promt">Основная работа родителя состоит в том, чтобы подготовить ребенка, чтобы жить независимо самостоятельно.</edu>
  <edu id="e1" lang="ru" trans="google">Основная задача родителя - подготовить ребенка к самостоятельной самостоятельной жизни.</edu>
  <edu id="e1" lang="ru" trans="yandex">Главная задача родителей-подготовить ребенка жить самостоятельно на свои собственные.</edu>
  <edu id="e2" lang="en">A helicopter parent does not allow the child to develop life skills needed to do that.</edu>
  <edu id="e2" lang="ru" trans="promt">Родитель-вертолет не позволяет ребенку развиваться, жизненные навыки должны были сделать это.</edu>
  <edu id="e2" lang="ru" trans="google">Родитель вертолета не позволяет ребенку развивать жизненные навыки, необходимые для этого.</edu>
  <edu id="e2" lang="ru" trans="yandex">Вертолет родитель не позволит ребенку развивать навыки, необходимые, чтобы сделать это.</edu>
  <edu id="e3" lang="en">A child eventually grows up and parents eventually die.</edu>
  <edu id="e3" lang="ru" trans="promt">Ребенок в конечном счете растет, и родители в конечном счете умирают.</edu>
  <edu id="e3" lang="ru" trans="google">В конечном итоге ребенок растет, а родители умирают.</edu>
  <edu id="e3" lang="ru" trans="yandex">Ребенок в конце концов вырастает и родители в конце концов умирают.</edu>
  <edu id="e4" lang="en">When a child grows up to adulthood from helicopter parents they face challenges that can make surviving the harsh realities of adulthood impossible.</edu>
  <edu id="e4" lang="ru" trans="promt">Когда ребенок растет к взрослой жизни от родителей-вертолетов, они сталкиваются с трудностями, которые могут сделать выживание резких фактов взрослой жизни невозможным.</edu>
  <edu id="e4" lang="ru" trans="google">Когда ребенок вырастает до взрослой жизни от родителей вертолетов, они сталкиваются с проблемами, которые могут привести к невозможности выжить в суровых реалиях взрослой жизни.</edu>
  <edu id="e4" lang="ru" trans="yandex">Когда ребенок подрастет до совершеннолетия с вертолета родители сталкиваются с проблемами, которые могут сделать выживание в суровых реалиях взрослой жизни невозможно.</edu>
  <edu id="e5" implicit="true" lang="en">Helicopter parents are bad for their children.</edu>
  <edu id="e5" lang="ru" trans="promt">Родители-вертолеты плохи для своих детей.</edu>
  <edu id="e5" lang="ru" trans="google">Родители вертолетов плохо для своих детей.</edu>
  <edu id="e5" lang="ru" trans="yandex">Вертолет родители плохо относятся к своим детям.</edu>
  <adu id="a1" type="pro"/>
  <adu id="a2" type="pro"/>
  <adu id="a3" type="pro"/>
  <adu id="a4" type="pro"/>
  <adu id="a5" type="pro"/>
  <edge id="c5" src="e1" trg="a2" type="seg"/>
  <edge id="c6" src="e2" trg="a3" type="seg"/>
  <edge id="c7" src="e3" trg="a4" type="seg"/>
  <edge id="c8" src="e4" trg="a5" type="seg"/>
  <edge id="c9" src="e5" trg="a1" type="seg"/>
  <edge id="c1" src="a2" trg="a1" type="sup"/>
  <edge id="c2" src="a3" trg="c1" type="add"/>
  <edge id="c3" src="a4" trg="a1" type="sup"/>
  <edge id="c4" src="a5" trg="c3" type="add"/>
</arggraph>
