<?xml version='1.0' encoding='UTF-8'?>
<arggraph id="micro_c198">
  <edu id="e1" lang="en">"For centuries, dogs have been known as ""man's best friend.""</edu>
  <edu id="e1" lang="ru" trans="promt">«В течение многих веков собаки были известны как ««лучший друг человека «».</edu>
  <edu id="e1" lang="ru" trans="google">«На протяжении веков собаки были известны как« лучший друг человека ».</edu>
  <edu id="e1" lang="ru" trans="yandex">"На протяжении многих веков собаки были известны как ""лучший друг человека"."</edu>
  <edu id="e2" lang="en">So why should we treat them as less than our equals?</edu>
  <edu id="e2" lang="ru" trans="promt">Итак, почему мы должны рассматривать их, поскольку меньше, чем наш равняются?</edu>
  <edu id="e2" lang="ru" trans="google">Так почему мы должны относиться к ним так же, как наши равные?</edu>
  <edu id="e2" lang="ru" trans="yandex">Так почему мы должны относиться к ним как менее равны?</edu>
  <edu id="e3" lang="en">They are always there for us, helping us when we need it.</edu>
  <edu id="e3" lang="ru" trans="promt">Они всегда там для нас, помогая нам, когда нам нужен он.</edu>
  <edu id="e3" lang="ru" trans="google">Они всегда для нас, помогают нам, когда нам это нужно.</edu>
  <edu id="e3" lang="ru" trans="yandex">Они всегда рядом с нами, помогают нам, когда нам это нужно.</edu>
  <edu id="e4" lang="en">Most dogs are groomed and trained to be dependable,</edu>
  <edu id="e4" lang="ru" trans="promt">За большинством собак ухаживают и обучают быть надежным,</edu>
  <edu id="e4" lang="ru" trans="google">Большинство собак ухаживают и обучаются быть надежными,</edu>
  <edu id="e4" lang="ru" trans="yandex">Большинство собак воспитаны и обучены, чтобы быть надежным,</edu>
  <edu id="e5" lang="en">so we should be able to rely on them.</edu>
  <edu id="e5" lang="ru" trans="promt">таким образом, нам необходимо полагаться на них.</edu>
  <edu id="e5" lang="ru" trans="google">поэтому мы должны быть в состоянии полагаться на них.</edu>
  <edu id="e5" lang="ru" trans="yandex">поэтому мы должны иметь возможность полагаться на них.</edu>
  <edu id="e6" lang="en">With that logic, we should them be treating them like members of our family.</edu>
  <edu id="e6" lang="ru" trans="promt">С той логикой мы должны их рассматривать их как члены нашей семьи.</edu>
  <edu id="e6" lang="ru" trans="google">С этой логикой мы должны относиться к ним как к членам нашей семьи.</edu>
  <edu id="e6" lang="ru" trans="yandex">С такой логикой, мы должны им быть относясь к ним как к членам нашей семьи.</edu>
  <adu id="a1" type="pro"/>
  <adu id="a2" type="pro"/>
  <adu id="a3" type="pro"/>
  <adu id="a4" type="pro"/>
  <adu id="a5" type="pro"/>
  <edge id="c5" src="e1" trg="a2" type="seg"/>
  <edge id="c6" src="e2" trg="a1" type="seg"/>
  <edge id="c7" src="e3" trg="a5" type="seg"/>
  <edge id="c8" src="e4" trg="a4" type="seg"/>
  <edge id="c9" src="e5" trg="a3" type="seg"/>
  <edge id="c10" src="e6" trg="a1" type="seg"/>
  <edge id="c1" src="a2" trg="a1" type="sup"/>
  <edge id="c2" src="a3" trg="a1" type="sup"/>
  <edge id="c3" src="a4" trg="a3" type="sup"/>
  <edge id="c4" src="a5" trg="a1" type="sup"/>
</arggraph>
