<?xml version='1.0' encoding='UTF-8'?>
<arggraph id="micro_c067">
  <edu id="e1" lang="en">The problem with plastic bags is they are not biodegradable</edu>
  <edu id="e1" lang="ru" trans="promt">Проблема с полиэтиленовыми пакетами, они не биоразлагаемы</edu>
  <edu id="e1" lang="ru" trans="google">Проблема с полиэтиленовыми пакетами заключается в том, что они не подвержены биологическому разложению</edu>
  <edu id="e1" lang="ru" trans="yandex">Проблема с полиэтиленовыми пакетами, они не подвергаются биологическому разложению</edu>
  <edu id="e2" lang="en">and they pollute the environment.</edu>
  <edu id="e2" lang="ru" trans="promt">и они загрязняют окружающую среду.</edu>
  <edu id="e2" lang="ru" trans="google">и они загрязняют окружающую среду.</edu>
  <edu id="e2" lang="ru" trans="yandex">и они загрязняют окружающую среду.</edu>
  <edu id="e3" lang="en">In order to encourage the use for reusable bags it would be ideal to charge for the plastic bags</edu>
  <edu id="e3" lang="ru" trans="promt">Чтобы поощрить использование для сумок многократного использования, это было бы идеально, чтобы взимать за полиэтиленовые пакеты</edu>
  <edu id="e3" lang="ru" trans="google">Чтобы стимулировать использование многоразовых мешков, было бы идеально заряжать пластиковые пакеты</edu>
  <edu id="e3" lang="ru" trans="yandex">Для того, чтобы поощрять использование многоразовых сумок идеально было бы взимать плату за полиэтиленовые пакеты</edu>
  <edu id="e4" lang="en">to provide an incentive for using them.</edu>
  <edu id="e4" lang="ru" trans="promt">обеспечить стимул для использования их.</edu>
  <edu id="e4" lang="ru" trans="google">чтобы стимулировать их использование.</edu>
  <edu id="e4" lang="ru" trans="yandex">чтобы создать стимул для их использования.</edu>
  <edu id="e5" lang="en">There are those who would say that not everyone can afford reusable bags</edu>
  <edu id="e5" lang="ru" trans="promt">Есть те, кто сказал бы, что не все могут предоставить сумки многократного использования</edu>
  <edu id="e5" lang="ru" trans="google">Есть те, кто скажет, что не все могут позволить себе многоразовые сумки</edu>
  <edu id="e5" lang="ru" trans="yandex">Есть те, кто говорят, что не каждый может позволить себе многоразовые сумки</edu>
  <edu id="e6" lang="en">but that is not a valid argument</edu>
  <edu id="e6" lang="ru" trans="promt">но это не действительный аргумент</edu>
  <edu id="e6" lang="ru" trans="google">но это не действительный аргумент</edu>
  <edu id="e6" lang="ru" trans="yandex">но это не является веским аргументом</edu>
  <edu id="e7" lang="en">because the plastic bags will still be available for only a few pennies.</edu>
  <edu id="e7" lang="ru" trans="promt">потому что полиэтиленовые пакеты все еще будут доступны только за несколько пенсов.</edu>
  <edu id="e7" lang="ru" trans="google">потому что пластиковые пакеты по-прежнему будут доступны всего за несколько копеек.</edu>
  <edu id="e7" lang="ru" trans="yandex">потому что полиэтиленовые пакеты будут доступны всего за несколько пенни.</edu>
  <adu id="a1" type="pro"/>
  <adu id="a2" type="pro"/>
  <adu id="a3" type="pro"/>
  <adu id="a4" type="pro"/>
  <adu id="a5" type="opp"/>
  <adu id="a6" type="pro"/>
  <adu id="a7" type="pro"/>
  <edge id="c7" src="e1" trg="a3" type="seg"/>
  <edge id="c8" src="e2" trg="a2" type="seg"/>
  <edge id="c9" src="e3" trg="a1" type="seg"/>
  <edge id="c10" src="e4" trg="a4" type="seg"/>
  <edge id="c11" src="e5" trg="a5" type="seg"/>
  <edge id="c12" src="e6" trg="a6" type="seg"/>
  <edge id="c13" src="e7" trg="a7" type="seg"/>
  <edge id="c1" src="a2" trg="a1" type="sup"/>
  <edge id="c2" src="a3" trg="a2" type="sup"/>
  <edge id="c3" src="a4" trg="a1" type="sup"/>
  <edge id="c4" src="a5" trg="a1" type="reb"/>
  <edge id="c5" src="a6" trg="a5" type="reb"/>
  <edge id="c6" src="a7" trg="a6" type="sup"/>
</arggraph>
