<?xml version='1.0' encoding='UTF-8'?>
<arggraph id="micro_c049">
  <edu id="e1" lang="en">Driving cars while talking on the telephone has been proven again and again to lead to increased numbers of accident.</edu>
  <edu id="e1" lang="ru" trans="promt">Вождение автомобилей, говоря по телефону, как доказывали, снова и снова привело к увеличенным числам несчастного случая.</edu>
  <edu id="e1" lang="ru" trans="google">Вождение автомобилей во время разговора по телефону было доказано снова и снова, чтобы привести к увеличению числа несчастных случаев.</edu>
  <edu id="e1" lang="ru" trans="yandex">Вождение автомобиля во время разговора по телефону было доказано снова и снова, чтобы привести к увеличению числа ДТП.</edu>
  <edu id="e2" lang="en">You cannot focus properly on the road if you are distracted by the phone.</edu>
  <edu id="e2" lang="ru" trans="promt">Вы не можете сосредоточиться правильно на дороге, если Вы отвлечены телефоном.</edu>
  <edu id="e2" lang="ru" trans="google">Вы не можете сфокусироваться должным образом на дороге, если вас отвлекает телефон.</edu>
  <edu id="e2" lang="ru" trans="yandex">Вы не можете должным образом сосредоточиться на дороге, если вы не отвлекаться на телефон.</edu>
  <edu id="e3" implicit="true" lang="en">Yes, car drivers should be strictly prohibited from using cell phones.</edu>
  <edu id="e3" lang="ru" trans="promt">Да, водителям нужно строго мешать использовать сотовые телефоны.</edu>
  <edu id="e3" lang="ru" trans="google">Да, водителям легко запрещается пользоваться сотовыми телефонами.</edu>
  <edu id="e3" lang="ru" trans="yandex">Да, водители должны быть строго запрещено использование сотовых телефонов.</edu>
  <adu id="a1" type="pro"/>
  <adu id="a2" type="pro"/>
  <adu id="a3" type="pro"/>
  <edge id="c3" src="e1" trg="a2" type="seg"/>
  <edge id="c4" src="e2" trg="a3" type="seg"/>
  <edge id="c5" src="e3" trg="a1" type="seg"/>
  <edge id="c1" src="a2" trg="a1" type="sup"/>
  <edge id="c2" src="a3" trg="a2" type="sup"/>
</arggraph>
