<?xml version='1.0' encoding='UTF-8'?>
<arggraph id="micro_c002">
  <edu id="e1" lang="en">In some cases, hunting can remove threats to the environment.</edu>
  <edu id="e1" lang="ru" trans="promt">В некоторых случаях охота может удалить угрозы окружающей среде.</edu>
  <edu id="e1" lang="ru" trans="google">В некоторых случаях охота может удалять угрозы для окружающей среды.</edu>
  <edu id="e1" lang="ru" trans="yandex">В некоторых случаях охота может удалить угрозы для окружающей среды.</edu>
  <edu id="e2" lang="en">Texas, in particular, has an overabundance of wild/feral boars that destroy farmers' fields, and root up other ground, too.</edu>
  <edu id="e2" lang="ru" trans="promt">У Техаса, в частности, есть огромное изобилие диких/диких боровов, которые разрушают области фермеров и внедряют другую землю, также.</edu>
  <edu id="e2" lang="ru" trans="google">Техас, в частности, имеет переизбыток диких / диких кабанов, которые разрушают поля фермеров, а также подпитывают другие почвы.</edu>
  <edu id="e2" lang="ru" trans="yandex">Техас, в частности, переизбыток диких/одичавших кабанов, которые уничтожают поля фермеров, и корень других местах тоже.</edu>
  <edu id="e3" lang="en">Furthermore, hunting your own meat saves up the natural resources that would otherwise be used in a processing plant.</edu>
  <edu id="e3" lang="ru" trans="promt">Кроме того, охота на Ваше собственное мясо копит природные ресурсы, которые иначе использовались бы на предприятии по переработке.</edu>
  <edu id="e3" lang="ru" trans="google">Кроме того, охота на собственное мясо экономит природные ресурсы, которые в противном случае использовались бы на перерабатывающем заводе.</edu>
  <edu id="e3" lang="ru" trans="yandex">Кроме того, охота свое мясо экономит природные ресурсы, которые в противном случае были бы использованы в завод по переработке.</edu>
  <edu id="e4" implicit="true" lang="en">Hunting is good for the environment.</edu>
  <edu id="e4" lang="ru" trans="promt">Охота хороша для окружающей среды.</edu>
  <edu id="e4" lang="ru" trans="google">Охота хороша для окружающей среды.</edu>
  <edu id="e4" lang="ru" trans="yandex">Охота-это хорошо для окружающей среды.</edu>
  <adu id="a1" type="pro"/>
  <adu id="a2" type="pro"/>
  <adu id="a3" type="pro"/>
  <adu id="a4" type="pro"/>
  <edge id="c4" src="e1" trg="a2" type="seg"/>
  <edge id="c5" src="e2" trg="a3" type="seg"/>
  <edge id="c6" src="e3" trg="a4" type="seg"/>
  <edge id="c7" src="e4" trg="a1" type="seg"/>
  <edge id="c1" src="a2" trg="a1" type="sup"/>
  <edge id="c2" src="a3" trg="a2" type="exa"/>
  <edge id="c3" src="a4" trg="a1" type="sup"/>
</arggraph>
