<?xml version='1.0' encoding='UTF-8'?>
<arggraph id="micro_c191">
  <edu id="e1" lang="en">Video games do impact family life, but that impact does not always have to be negative.</edu>
  <edu id="e1" lang="ru" trans="promt">Видеоигры действительно влияют на семейную жизнь, но то воздействие должно не всегда быть отрицательным.</edu>
  <edu id="e1" lang="ru" trans="google">Видеоигры влияют на семейную жизнь, но это воздействие не всегда должно быть отрицательным.</edu>
  <edu id="e1" lang="ru" trans="yandex">Видео игры влияют на семейную жизнь, но это влияние не всегда должны быть отрицательными.</edu>
  <edu id="e2" lang="en">There are many games available that are suitable for all ages, and playing those as a family can bring the family together.</edu>
  <edu id="e2" lang="ru" trans="promt">Есть много игр, доступных, которые подходят для всех возрастов, и играющий тех, поскольку семья может примирить семью.</edu>
  <edu id="e2" lang="ru" trans="google">Есть много доступных игр, которые подходят для всех возрастов, и играть в них как семью может привести семью вместе.</edu>
  <edu id="e2" lang="ru" trans="yandex">Есть много доступных игр, которые подходят для всех возрастов, и играть тем, как семья может принести семью вместе.</edu>
  <edu id="e3" lang="en">Family video games would be the modern day equivalent to gathering as a family to play a board game, and there has never been controversy around that activity.</edu>
  <edu id="e3" lang="ru" trans="promt">Семейные видеоигры были бы современным днем, эквивалентным сбору как семья, чтобы играть в настольную игру, и никогда не было противоречия вокруг той деятельности.</edu>
  <edu id="e3" lang="ru" trans="google">Семейные видеоигры - это современный день, эквивалентный сбору семьи, чтобы играть в настольную игру, и никогда не было споров вокруг этой деятельности.</edu>
  <edu id="e3" lang="ru" trans="yandex">Семейные видеоигры будет современный эквивалент, чтобы собраться всей семьей играть в настольные игры, и там никогда не было споров вокруг этой деятельности.</edu>
  <edu id="e4" lang="en">The problem that exists is potentially in violent video games,</edu>
  <edu id="e4" lang="ru" trans="promt">Проблема, которая существует, находится потенциально в жестоких видеоиграх,</edu>
  <edu id="e4" lang="ru" trans="google">Проблема, которая существует, потенциально может быть в жестоких видеоиграх,</edu>
  <edu id="e4" lang="ru" trans="yandex">Проблема, которая существует потенциально в жестокие видеоигры,</edu>
  <edu id="e5" lang="en">but with good parenting, those can be avoided in favor of more wholesome, family-friendly games.</edu>
  <edu id="e5" lang="ru" trans="promt">но с хорошим воспитанием, тех можно избежать в пользу более полезных, благоприятных для семьи игр.</edu>
  <edu id="e5" lang="ru" trans="google">но с хорошим воспитанием, их можно избежать в пользу более полезных игр для семьи.</edu>
  <edu id="e5" lang="ru" trans="yandex">но с хорошими родителями, их можно избегать в пользу более здоровой, семейных игр.</edu>
  <adu id="a1" type="pro"/>
  <adu id="a2" type="pro"/>
  <adu id="a3" type="pro"/>
  <adu id="a4" type="opp"/>
  <adu id="a5" type="pro"/>
  <edge id="c5" src="e1" trg="a1" type="seg"/>
  <edge id="c6" src="e2" trg="a2" type="seg"/>
  <edge id="c7" src="e3" trg="a3" type="seg"/>
  <edge id="c8" src="e4" trg="a4" type="seg"/>
  <edge id="c9" src="e5" trg="a5" type="seg"/>
  <edge id="c1" src="a2" trg="a1" type="sup"/>
  <edge id="c2" src="a3" trg="a1" type="sup"/>
  <edge id="c3" src="a4" trg="a1" type="reb"/>
  <edge id="c4" src="a5" trg="c3" type="und"/>
</arggraph>
