<?xml version='1.0' encoding='UTF-8'?>
<arggraph id="micro_c099">
  <edu id="e1" lang="en">Paper and books will never become completely obsolete.</edu>
  <edu id="e1" lang="ru" trans="promt">Статья и книги никогда не будут становиться абсолютно устаревшими.</edu>
  <edu id="e1" lang="ru" trans="google">Бумага и книги никогда не станут полностью устаревшими.</edu>
  <edu id="e1" lang="ru" trans="yandex">Бумаги и книги никогда не будут полностью устарел.</edu>
  <edu id="e2" lang="en">While lots of people have really enjoyed all the technology around being able to read electronically,</edu>
  <edu id="e2" lang="ru" trans="promt">В то время как много людей действительно наслаждалось всей технологией вокруг способности читать в электронном виде,</edu>
  <edu id="e2" lang="ru" trans="google">В то время как многие люди действительно пользуются всеми технологиями, которые можно читать в электронном виде,</edu>
  <edu id="e2" lang="ru" trans="yandex">В то время как многие люди действительно наслаждались все технологии вокруг умея читать в электронном виде,</edu>
  <edu id="e3" lang="en">lots of people will always prefer books.</edu>
  <edu id="e3" lang="ru" trans="promt">много людей будет всегда предпочитать книги.</edu>
  <edu id="e3" lang="ru" trans="google">многие люди всегда будут любить книги.</edu>
  <edu id="e3" lang="ru" trans="yandex">многие люди всегда будут предпочитать книги.</edu>
  <edu id="e4" lang="en">Most of these people are probably older so as the older generation dies, paper books will become more obsolete.</edu>
  <edu id="e4" lang="ru" trans="promt">Большинство этих людей, вероятно, старше поэтому, поскольку старшее поколение умирает, бумажные книги станут более устаревшими.</edu>
  <edu id="e4" lang="ru" trans="google">Большинство из этих людей, вероятно, старше, так как старшее поколение умирает, бумажные книги станут более устаревшими.</edu>
  <edu id="e4" lang="ru" trans="yandex">Большинство этих людей, вероятно, старше, так как старшее поколение умирает, бумажные книги станут более устаревшим.</edu>
  <edu id="e5" lang="en">However, due to funding I don't think that schools and colleges will ever be able to go fully electronic.</edu>
  <edu id="e5" lang="ru" trans="promt">Однако из-за финансирования я не думаю, что школы и колледжи когда-либо будут в состоянии пойти полностью электронные.</edu>
  <edu id="e5" lang="ru" trans="google">Тем не менее, из-за финансирования я не думаю, что школы и колледжи когда-либо смогут стать полностью электронными.</edu>
  <edu id="e5" lang="ru" trans="yandex">Однако, из-за финансирования, я не думаю, что школ и колледжей когда-нибудь удастся перейти полностью электронная.</edu>
  <edu id="e6" lang="en">So there will always be paper books out there.</edu>
  <edu id="e6" lang="ru" trans="promt">Таким образом, всегда будут бумажные книги там.</edu>
  <edu id="e6" lang="ru" trans="google">Так что там всегда будут бумажные книги.</edu>
  <edu id="e6" lang="ru" trans="yandex">Так что всегда будут бумажные книги там.</edu>
  <adu id="a1" type="pro"/>
  <adu id="a2" type="opp"/>
  <adu id="a3" type="pro"/>
  <adu id="a4" type="pro"/>
  <adu id="a5" type="opp"/>
  <edge id="c5" src="e1" trg="a1" type="seg"/>
  <edge id="c6" src="e2" trg="a2" type="seg"/>
  <edge id="c7" src="e3" trg="a3" type="seg"/>
  <edge id="c8" src="e4" trg="a5" type="seg"/>
  <edge id="c9" src="e5" trg="a4" type="seg"/>
  <edge id="c10" src="e6" trg="a1" type="seg"/>
  <edge id="c1" src="a2" trg="a1" type="reb"/>
  <edge id="c2" src="a3" trg="c1" type="und"/>
  <edge id="c3" src="a4" trg="c4" type="und"/>
  <edge id="c4" src="a5" trg="c2" type="und"/>
</arggraph>
