<?xml version='1.0' encoding='UTF-8'?>
<arggraph id="micro_c030">
  <edu id="e1" lang="en">People should date for at least 1 year before they become engaged.</edu>
  <edu id="e1" lang="ru" trans="promt">Люди должны датироваться в течение по крайней мере 1 года, прежде чем они станут занятыми.</edu>
  <edu id="e1" lang="ru" trans="google">Люди должны встречаться не менее 1 года, прежде чем они начнут заниматься.</edu>
  <edu id="e1" lang="ru" trans="yandex">Люди должны встречаться не менее 1 года, прежде чем они стали заниматься.</edu>
  <edu id="e2" lang="en">It takes at least this long to get to know each other on a level deeper than attraction.</edu>
  <edu id="e2" lang="ru" trans="promt">Это берет, по крайней мере, это долго, чтобы узнать друг друга на уровне глубже, чем привлекательность.</edu>
  <edu id="e2" lang="ru" trans="google">Требуется, по крайней мере, так долго, чтобы узнать друг друга на уровне глубже, чем притяжение.</edu>
  <edu id="e2" lang="ru" trans="yandex">Он принимает по крайней мере так долго, чтобы узнать друг друга на более глубоком уровне притяжения.</edu>
  <edu id="e3" lang="en">They should use this time to learn of each others character and beliefs.</edu>
  <edu id="e3" lang="ru" trans="promt">Они должны использовать это время, чтобы узнать о каждом характере других и верованиях.</edu>
  <edu id="e3" lang="ru" trans="google">Они должны использовать это время, чтобы узнать о характере и убеждениях друг друга.</edu>
  <edu id="e3" lang="ru" trans="yandex">Они должны использовать это время, чтобы узнать друг друга характер и убеждения.</edu>
  <edu id="e4" lang="en">Families should get to know them as a couple as well.</edu>
  <edu id="e4" lang="ru" trans="promt">Семьи должны узнать их как пару также.</edu>
  <edu id="e4" lang="ru" trans="google">Семьи должны узнать их как пара.</edu>
  <edu id="e4" lang="ru" trans="yandex">Семьи должны узнать их как пару, а также.</edu>
  <edu id="e5" lang="en">Christians who believe in waiting till marriage for sex could argue that it is better to marry sooner than to have premarital sex.  This may be true,</edu>
  <edu id="e5" lang="ru" trans="promt">Христиане, которые верят в ожидание до брака для пола, могли утверждать, что лучше жениться раньше, чем иметь добрачный секс. Это может быть верно,</edu>
  <edu id="e5" lang="ru" trans="google">Христиане, которые верят в то, что ждут вступления в брак для секса, могут утверждать, что лучше выйти замуж раньше, чем иметь добрачный секс. Это может быть правдой,</edu>
  <edu id="e5" lang="ru" trans="yandex">Христиане, которые верят в ожидании, пока брак для секса может утверждать, что лучше жениться рано, чем иметь добрачный секс. Это может быть правдой,</edu>
  <edu id="e6" lang="en">but it also takes a much larger chance that the couple will actually be compatible in the long run.</edu>
  <edu id="e6" lang="ru" trans="promt">но это также берет намного больший шанс, что пара на самом деле будет совместима в конечном счете.</edu>
  <edu id="e6" lang="ru" trans="google">но также имеет гораздо больший шанс, что пара действительно будет совместима в долгосрочной перспективе.</edu>
  <edu id="e6" lang="ru" trans="yandex">но это также занимает гораздо больше шансов, что пара будет на самом деле быть совместимы в долгосрочной перспективе.</edu>
  <adu id="a1" type="pro"/>
  <adu id="a2" type="pro"/>
  <adu id="a3" type="pro"/>
  <adu id="a4" type="pro"/>
  <adu id="a5" type="opp"/>
  <adu id="a6" type="pro"/>
  <edge id="c6" src="e1" trg="a1" type="seg"/>
  <edge id="c7" src="e2" trg="a2" type="seg"/>
  <edge id="c8" src="e3" trg="a3" type="seg"/>
  <edge id="c9" src="e4" trg="a4" type="seg"/>
  <edge id="c10" src="e5" trg="a5" type="seg"/>
  <edge id="c11" src="e6" trg="a6" type="seg"/>
  <edge id="c1" src="a2" trg="a1" type="sup"/>
  <edge id="c2" src="a3" trg="a1" type="sup"/>
  <edge id="c3" src="a4" trg="a1" type="sup"/>
  <edge id="c4" src="a5" trg="a1" type="reb"/>
  <edge id="c5" src="a6" trg="c4" type="und"/>
</arggraph>
