<?xml version='1.0' encoding='UTF-8'?>
<arggraph id="micro_c023">
  <edu id="e1" lang="en">Have cell phones and social media made families closer? We would like to think that these modern inventions have accomplished the opposite,</edu>
  <edu id="e1" lang="ru" trans="promt">Сотовые телефоны и социальные сети сделали семьи ближе? Мы хотели бы думать, что эти современные изобретения достигли противоположного,</edu>
  <edu id="e1" lang="ru" trans="google">Сотовые телефоны и социальные сети приблизили семьи? Мы хотели бы думать, что эти современные изобретения достигли противоположности,</edu>
  <edu id="e1" lang="ru" trans="yandex">Сотовые телефоны и социальные медиа сделали ближе семьи? Мы хотели бы думать, что эти современные изобретения добились противоположного,</edu>
  <edu id="e2" lang="en">however, it seems as though families are closer nowadays.</edu>
  <edu id="e2" lang="ru" trans="promt">однако, кажется, как будто семьи ближе в наше время.</edu>
  <edu id="e2" lang="ru" trans="google">однако кажется, что сейчас семьи ближе.</edu>
  <edu id="e2" lang="ru" trans="yandex">однако, похоже, что семьи сейчас ближе.</edu>
  <edu id="e3" lang="en">They stay in touch with each other throughout the day</edu>
  <edu id="e3" lang="ru" trans="promt">Они поддерживают отношения друг с другом в течение дня</edu>
  <edu id="e3" lang="ru" trans="google">Они остаются на связи друг с другом в течение дня</edu>
  <edu id="e3" lang="ru" trans="yandex">Они остаются в контакте друг с другом в течение дня</edu>
  <edu id="e4" lang="en">and for those that live far apart, social media and unlimited cell phone plans have made it possible to have daily contact rather than waiting for special occasions.</edu>
  <edu id="e4" lang="ru" trans="promt">и для тех, которые живут далеко друг от друга, социальные сети и неограниченные планы сотового телефона позволили иметь ежедневный контакт вместо того, чтобы ждать особых случаев.</edu>
  <edu id="e4" lang="ru" trans="google">и для тех, кто живет далеко друг от друга, социальные сети и неограниченные планы сотовых телефонов позволили иметь ежедневный контакт, а не ждать особых случаев.</edu>
  <edu id="e4" lang="ru" trans="yandex">и для тех, которые живут далеко друг от друга, социальные сети и безлимитным тарифным планам сотового телефона стало возможным осуществлять ежедневные контакты, а не ждать особых случаев.</edu>
  <edu id="e5" lang="en">Long distance rates no longer apply like they did when I was a child.</edu>
  <edu id="e5" lang="ru" trans="promt">Ставки большого расстояния больше не применяются как, они сделали, когда я был ребенком.</edu>
  <edu id="e5" lang="ru" trans="google">Междугородние тарифы больше не действуют так, как они делали, когда я был ребенком.</edu>
  <edu id="e5" lang="ru" trans="yandex">Междугородние тарифы перестают действовать, как они сделали, когда я был ребенком.</edu>
  <edu id="e6" lang="en">I can talk to my cousins whenever I like.</edu>
  <edu id="e6" lang="ru" trans="promt">Я могу говорить со своими кузенами каждый раз, когда мне нравится.</edu>
  <edu id="e6" lang="ru" trans="google">Я могу поговорить с моими кузенами, когда захочу.</edu>
  <edu id="e6" lang="ru" trans="yandex">Я могу поговорить с моими кузенами, когда мне захочется.</edu>
  <edu id="e7" lang="en">I have to admit though, that having the ability to communicate so freely does not mean that we do it.</edu>
  <edu id="e7" lang="ru" trans="promt">Я должен признать, хотя, это имеющее способность общаться так свободно не означает, что мы делаем это.</edu>
  <edu id="e7" lang="ru" trans="google">Однако я должен признать, что способность общаться так свободно не означает, что мы это делаем.</edu>
  <edu id="e7" lang="ru" trans="yandex">Хотя надо признаться, что, имея возможность так свободно общаться, не значит, что мы это делаем.</edu>
  <adu id="a1" type="opp"/>
  <adu id="a2" type="pro"/>
  <adu id="a3" type="pro"/>
  <adu id="a4" type="pro"/>
  <adu id="a5" type="pro"/>
  <adu id="a6" type="opp"/>
  <adu id="a7" type="pro"/>
  <edge id="c7" src="e1" trg="a1" type="seg"/>
  <edge id="c8" src="e2" trg="a7" type="seg"/>
  <edge id="c9" src="e3" trg="a2" type="seg"/>
  <edge id="c10" src="e4" trg="a3" type="seg"/>
  <edge id="c11" src="e5" trg="a4" type="seg"/>
  <edge id="c12" src="e6" trg="a5" type="seg"/>
  <edge id="c13" src="e7" trg="a6" type="seg"/>
  <edge id="c1" src="a2" trg="a1" type="reb"/>
  <edge id="c2" src="a3" trg="a1" type="reb"/>
  <edge id="c3" src="a4" trg="a7" type="sup"/>
  <edge id="c4" src="a5" trg="a4" type="exa"/>
  <edge id="c5" src="a6" trg="c3" type="und"/>
  <edge id="c6" src="a7" trg="a1" type="reb"/>
</arggraph>
