<?xml version='1.0' encoding='UTF-8'?>
<arggraph id="micro_c103">
  <edu id="e1" lang="en">I don't believe that paper and books will ever become obsolete.</edu>
  <edu id="e1" lang="ru" trans="promt">Я не полагаю, что статья и книги будут когда-либо становиться устаревшими.</edu>
  <edu id="e1" lang="ru" trans="google">Я не верю, что бумага и книги когда-нибудь станут устаревшими.</edu>
  <edu id="e1" lang="ru" trans="yandex">Я не верю, что бумаги и книги никогда не устаревают.</edu>
  <edu id="e2" lang="en">People enjoy having something tangible to read and/or write on.</edu>
  <edu id="e2" lang="ru" trans="promt">Люди любят иметь что-то материальное, чтобы читать и/или написать на.</edu>
  <edu id="e2" lang="ru" trans="google">Людям нравится иметь что-то материальное для чтения и / или записи.</edu>
  <edu id="e2" lang="ru" trans="yandex">Людям нравится иметь что-то материальное, чтобы читать и/или писать.</edu>
  <edu id="e3" lang="en">Even though people may say that reading ebooks will be the future,</edu>
  <edu id="e3" lang="ru" trans="promt">Даже при том, что люди могут сказать, что чтение электронных книг будет будущим,</edu>
  <edu id="e3" lang="ru" trans="google">Хотя люди могут сказать, что чтение книг будет в будущем,</edu>
  <edu id="e3" lang="ru" trans="yandex">Хотя люди могут сказать, что чтение книги будет в будущем</edu>
  <edu id="e4" lang="en">there have been studies that show reading on computer screens causes eye strain.</edu>
  <edu id="e4" lang="ru" trans="promt">были исследования, которые показывают, что чтение на мониторах вызывает чрезмерное напряжение зрения.</edu>
  <edu id="e4" lang="ru" trans="google">были исследования, которые показывают, что чтение на экранах компьютеров вызывает напряжение глаз.</edu>
  <edu id="e4" lang="ru" trans="yandex">там были исследования, которые показывают, читая на экране компьютера вызывает усталость глаз.</edu>
  <edu id="e5" lang="en">There is also the security of knowing that paper and books can not be accidentally or purposefully erased by something such as user error or a virus.</edu>
  <edu id="e5" lang="ru" trans="promt">Есть также безопасность знания, что статья и книги не могут быть случайно или целеустремленно стерты чем-то, таким как пользовательская ошибка или вирус.</edu>
  <edu id="e5" lang="ru" trans="google">Существует также уверенность в том, что бумага и книги не могут быть случайно или целенаправленно стерты чем-то вроде ошибки пользователя или вируса.</edu>
  <edu id="e5" lang="ru" trans="yandex">Появилась уверенность в том, что бумаги и книги не могут быть случайно или намеренно стерты кое-что такое, как ошибки пользователя или вирусом.</edu>
  <adu id="a1" type="pro"/>
  <adu id="a2" type="pro"/>
  <adu id="a3" type="opp"/>
  <adu id="a4" type="pro"/>
  <adu id="a5" type="pro"/>
  <edge id="c5" src="e1" trg="a1" type="seg"/>
  <edge id="c6" src="e2" trg="a2" type="seg"/>
  <edge id="c7" src="e3" trg="a3" type="seg"/>
  <edge id="c8" src="e4" trg="a4" type="seg"/>
  <edge id="c9" src="e5" trg="a5" type="seg"/>
  <edge id="c1" src="a2" trg="a1" type="sup"/>
  <edge id="c2" src="a3" trg="a1" type="reb"/>
  <edge id="c3" src="a4" trg="a3" type="reb"/>
  <edge id="c4" src="a5" trg="a1" type="sup"/>
</arggraph>
