<?xml version='1.0' encoding='UTF-8'?>
<arggraph id="micro_c172">
  <edu id="e1" lang="en">Helicopter parents can cause children to grow up to be overly dependent.</edu>
  <edu id="e1" lang="ru" trans="promt">Родители-вертолеты могут заставить детей вырасти чрезмерно зависимый.</edu>
  <edu id="e1" lang="ru" trans="google">Родители вертолетов могут заставить детей вырасти, чтобы быть чрезмерно зависимыми.</edu>
  <edu id="e1" lang="ru" trans="yandex">Вертолет родители могут привести детей, чтобы расти, чтобы быть чрезмерно зависимыми.</edu>
  <edu id="e2" lang="en">While watchful parents keep their children out of harms way,</edu>
  <edu id="e2" lang="ru" trans="promt">В то время как осторожные родители сохраняют своих детей от вреда путем,</edu>
  <edu id="e2" lang="ru" trans="google">В то время как бдительные родители держат своих детей от вреда,</edu>
  <edu id="e2" lang="ru" trans="yandex">В то время как бдительные родители держат своих детей из пути вреда,</edu>
  <edu id="e3" lang="en">they also make it difficult for their child to become independent and make their own decisions.</edu>
  <edu id="e3" lang="ru" trans="promt">они также мешают своему ребенку становиться независимыми и принимать их собственные решения.</edu>
  <edu id="e3" lang="ru" trans="google">они также затрудняют для их ребенка самостоятельность и принятие собственных решений.</edu>
  <edu id="e3" lang="ru" trans="yandex">они также затрудняют для своего ребенка, чтобы стать независимым и принимать самостоятельные решения.</edu>
  <edu id="e4" lang="en">Children should be able to make some small decisions for themselves at a young age;</edu>
  <edu id="e4" lang="ru" trans="promt">Дети должны быть в состоянии принять некоторые маленькие решения для себя в молодом возрасте;</edu>
  <edu id="e4" lang="ru" trans="google">Дети должны иметь возможность принимать небольшие решения для себя в молодом возрасте;</edu>
  <edu id="e4" lang="ru" trans="yandex">Дети должны быть в состоянии сделать некоторые небольшие решения для себя в молодом возрасте;</edu>
  <edu id="e5" lang="en">this way, they can continue to make bigger decisions as they grow into teens and young adults.</edu>
  <edu id="e5" lang="ru" trans="promt">этим путем они могут продолжить принимать большие решения, поскольку они превращаются в подростков и молодых совершеннолетних.</edu>
  <edu id="e5" lang="ru" trans="google">таким образом, они могут продолжать принимать более весомые решения, поскольку они становятся подростками и молодыми людьми.</edu>
  <edu id="e5" lang="ru" trans="yandex">таким образом, они могут продолжать принимать больше решений, так как они вырастают в подростков и молодых взрослых.</edu>
  <edu id="e6" implicit="true" lang="en">Helicopter parents are bad for their children.</edu>
  <edu id="e6" lang="ru" trans="promt">Родители-вертолеты плохи для своих детей.</edu>
  <edu id="e6" lang="ru" trans="google">Родители вертолетов плохо для своих детей.</edu>
  <edu id="e6" lang="ru" trans="yandex">Вертолет родители плохо относятся к своим детям.</edu>
  <adu id="a1" type="pro"/>
  <adu id="a2" type="opp"/>
  <adu id="a3" type="pro"/>
  <adu id="a4" type="pro"/>
  <adu id="a5" type="pro"/>
  <edge id="c5" src="e1" trg="a3" type="seg"/>
  <edge id="c6" src="e2" trg="a2" type="seg"/>
  <edge id="c7" src="e3" trg="a3" type="seg"/>
  <edge id="c8" src="e4" trg="a4" type="seg"/>
  <edge id="c9" src="e5" trg="a5" type="seg"/>
  <edge id="c10" src="e6" trg="a1" type="seg"/>
  <edge id="c1" src="a2" trg="a1" type="reb"/>
  <edge id="c2" src="a3" trg="c1" type="und"/>
  <edge id="c3" src="a4" trg="a3" type="sup"/>
  <edge id="c4" src="a5" trg="a4" type="sup"/>
</arggraph>
