<?xml version='1.0' encoding='UTF-8'?>
<arggraph id="micro_c104">
  <edu id="e1" lang="en">Composting helps the natural environment</edu>
  <edu id="e1" lang="ru" trans="promt">Компостирование помогает окружающей среде</edu>
  <edu id="e1" lang="ru" trans="google">Компостирование помогает природной среде</edu>
  <edu id="e1" lang="ru" trans="yandex">Компост способствует природной среды</edu>
  <edu id="e2" lang="en">and aids in organic farming.</edu>
  <edu id="e2" lang="ru" trans="promt">и средства в органическом сельском хозяйстве.</edu>
  <edu id="e2" lang="ru" trans="google">и помогает органическому земледелию.</edu>
  <edu id="e2" lang="ru" trans="yandex">и СПИДа в органическом сельском хозяйстве.</edu>
  <edu id="e3" lang="en">Composting helps the environment by reducing the amount of waste households produce and turning it into natural compost.</edu>
  <edu id="e3" lang="ru" trans="promt">Компостирование помогает окружающей среде, уменьшая количество ненужных домашних хозяйств, производят и превращение его в естественный компост.</edu>
  <edu id="e3" lang="ru" trans="google">Компостирование помогает окружающей среде, уменьшая количество отходов домашних хозяйств и превращая их в натуральный компост.</edu>
  <edu id="e3" lang="ru" trans="yandex">Компостирование помогает окружающей среде за счет уменьшения количества домохозяйств отходов производства и превращение его в естественный компост.</edu>
  <edu id="e4" lang="en">Composting helps the environment.</edu>
  <edu id="e4" lang="ru" trans="promt">Компостирование помогает окружающей среде.</edu>
  <edu id="e4" lang="ru" trans="google">Компостирование помогает окружающей среде.</edu>
  <edu id="e4" lang="ru" trans="yandex">Компостирование помогает окружающей среде.</edu>
  <edu id="e5" lang="en">One drawback of composting is that not all material is beneficial to the environment.</edu>
  <edu id="e5" lang="ru" trans="promt">Один недостаток компостирования состоит в том, что не весь материал выгоден для окружающей среды.</edu>
  <edu id="e5" lang="ru" trans="google">Одним из недостатков компостирования является то, что не все материалы полезны для окружающей среды.</edu>
  <edu id="e5" lang="ru" trans="yandex">Одним недостатком компостирования является то, что не все материалы полезно для окружающей среды.</edu>
  <edu id="e6" lang="en">Some materials when composted damage plant life.</edu>
  <edu id="e6" lang="ru" trans="promt">Некоторые материалы, когда удобренная компостом жизнь растения повреждения.</edu>
  <edu id="e6" lang="ru" trans="google">Некоторые материалы при компостировании повреждают растительную жизнь.</edu>
  <edu id="e6" lang="ru" trans="yandex">Некоторые материалы, когда завод компостировать ущерба жизни.</edu>
  <edu id="e7" lang="en">However much household waste is encouraged to be composted.</edu>
  <edu id="e7" lang="ru" trans="promt">Однако много бытовых отходов поощрено быть удобренным компостом.</edu>
  <edu id="e7" lang="ru" trans="google">Однако многие бытовые отходы рекомендуется компостировать.</edu>
  <edu id="e7" lang="ru" trans="yandex">Однако много бытовых отходов рекомендуется компостировать.</edu>
  <edu id="e8" lang="en">Composting is a good way to reduce your household waste</edu>
  <edu id="e8" lang="ru" trans="promt">Компостирование - хороший способ уменьшить Ваши бытовые отходы</edu>
  <edu id="e8" lang="ru" trans="google">Компостирование - хороший способ сократить ваши бытовые отходы</edu>
  <edu id="e8" lang="ru" trans="yandex">Компостирование является хорошим способом уменьшить вашу бытовых отходов</edu>
  <edu id="e9" lang="en">and be environmentally friendly.</edu>
  <edu id="e9" lang="ru" trans="promt">и будьте безвредны для окружающей среды.</edu>
  <edu id="e9" lang="ru" trans="google">и быть экологически чистым.</edu>
  <edu id="e9" lang="ru" trans="yandex">и быть экологически чистым.</edu>
  <adu id="a1" type="pro"/>
  <adu id="a2" type="opp"/>
  <adu id="a3" type="opp"/>
  <adu id="a4" type="pro"/>
  <adu id="a5" type="pro"/>
  <adu id="a6" type="pro"/>
  <edge id="c6" src="e1" trg="a1" type="seg"/>
  <edge id="c7" src="e2" trg="a5" type="seg"/>
  <edge id="c8" src="e3" trg="a6" type="seg"/>
  <edge id="c9" src="e4" trg="a1" type="seg"/>
  <edge id="c10" src="e5" trg="a2" type="seg"/>
  <edge id="c11" src="e6" trg="a3" type="seg"/>
  <edge id="c12" src="e7" trg="a4" type="seg"/>
  <edge id="c13" src="e8" trg="a6" type="seg"/>
  <edge id="c14" src="e9" trg="a1" type="seg"/>
  <edge id="c1" src="a2" trg="a1" type="reb"/>
  <edge id="c2" src="a3" trg="a2" type="sup"/>
  <edge id="c3" src="a4" trg="c1" type="und"/>
  <edge id="c4" src="a5" trg="a1" type="sup"/>
  <edge id="c5" src="a6" trg="a1" type="sup"/>
</arggraph>
