<?xml version='1.0' encoding='UTF-8'?>
<arggraph id="micro_c188">
  <edu id="e1" lang="en">Video games do have an a bad impact on life</edu>
  <edu id="e1" lang="ru" trans="promt">Видеоигры действительно оказывают плохое влияние на жизнь</edu>
  <edu id="e1" lang="ru" trans="google">Видеоигры оказывают плохое воздействие на жизнь</edu>
  <edu id="e1" lang="ru" trans="yandex">Видеоигры имеют плохое влияние на жизнь</edu>
  <edu id="e2" lang="en">because it takes away from the time you should be spending with family and going outside.</edu>
  <edu id="e2" lang="ru" trans="promt">потому что это отнимает у времени, Вы должны тратить с семьей и выходом наружу.</edu>
  <edu id="e2" lang="ru" trans="google">потому что он убирает с того времени, когда вы должны проводить с семьей и выходить на улицу.</edu>
  <edu id="e2" lang="ru" trans="yandex">потому что это отнимает время вы должны проводить с семьей и выходить на улицу.</edu>
  <edu id="e3" lang="en">Ultimately, in the end however if used responsibly video games can be fun for a recreation event.</edu>
  <edu id="e3" lang="ru" trans="promt">В конечном счете в конце однако, если используется ответственно видеоигры могут быть забавой для события отдыха.</edu>
  <edu id="e3" lang="ru" trans="google">В конечном счете, в конце концов, однако, если использовать ответственно, видеоигры могут быть забавными для мероприятия для отдыха.</edu>
  <edu id="e3" lang="ru" trans="yandex">В конечном счете, однако, в конце концов, если используется ответственно видеоигры может быть интересно для отдыха.</edu>
  <adu id="a1" type="pro"/>
  <adu id="a2" type="pro"/>
  <adu id="a3" type="opp"/>
  <edge id="c3" src="e1" trg="a1" type="seg"/>
  <edge id="c4" src="e2" trg="a2" type="seg"/>
  <edge id="c5" src="e3" trg="a3" type="seg"/>
  <edge id="c1" src="a2" trg="a1" type="sup"/>
  <edge id="c2" src="a3" trg="a1" type="reb"/>
</arggraph>
