<?xml version='1.0' encoding='UTF-8'?>
<arggraph id="micro_c075">
  <edu id="e1" lang="en">Violent video games do not cause people to act out violently.</edu>
  <edu id="e1" lang="ru" trans="promt">Жестокие видеоигры не заставляют людей разыгрывать яростно.</edu>
  <edu id="e1" lang="ru" trans="google">Насильственные видеоигры не заставляют людей действовать жестоко.</edu>
  <edu id="e1" lang="ru" trans="yandex">Жестокие видеоигры не заставит людей действовать жестоко.</edu>
  <edu id="e2" lang="en">There are those that say that violence in video games exposes children to hurting people which could cause them to act those things out in reality.</edu>
  <edu id="e2" lang="ru" trans="promt">Есть те, которые говорят, что насилие в видеоиграх подвергает детей страдающим людям, которые могли заставить их представлять те вещи в действительности.</edu>
  <edu id="e2" lang="ru" trans="google">Есть те, кто говорит, что насилие в видеоиграх подвергает детей вреду людям, которые могут заставить их действовать на самом деле.</edu>
  <edu id="e2" lang="ru" trans="yandex">Есть те, которые говорят, что насилие в видеоиграх подвергает детей обижать людей, которые могли бы заставить их действовать эти вещи в реальности.</edu>
  <edu id="e3" lang="en">I disagree.</edu>
  <edu id="e3" lang="ru" trans="promt">Я не соглашаюсь.</edu>
  <edu id="e3" lang="ru" trans="google">Я не согласен.</edu>
  <edu id="e3" lang="ru" trans="yandex">Я не согласен.</edu>
  <edu id="e4" lang="en">In fact, I believe the evidence shows that the opposite is the case.</edu>
  <edu id="e4" lang="ru" trans="promt">На самом деле я полагаю, что доказательства показывают, что противоположное имеет место.</edu>
  <edu id="e4" lang="ru" trans="google">На самом деле, я считаю, что доказательства показывают, что дело обстоит наоборот.</edu>
  <edu id="e4" lang="ru" trans="yandex">На самом деле, я считаю, что практика показывает, что наоборот.</edu>
  <edu id="e5" lang="en">Children, especially young boys who have an outlet for the expression that involves simulated events and not real ones helps them to learn about and work through important themes like violence.</edu>
  <edu id="e5" lang="ru" trans="promt">Дети, особенно маленькие мальчики, у которых есть выход для выражения, которое включает моделируемые события и не реальные, помогают им узнать об и работа через важные темы как насилие.</edu>
  <edu id="e5" lang="ru" trans="google">Дети, особенно молодые мальчики, у которых есть выход для выражения, которое включает в себя симулированные события, а не настоящие, помогают им учиться и работать через важные темы, такие как насилие.</edu>
  <edu id="e5" lang="ru" trans="yandex">Детей, особенно маленьких мальчиков, которые имеют выход на выражение, которое включает в моделируемых событий и не реальные, помогает им узнать и проработать важные темы, как насилие.</edu>
  <edu id="e6" lang="en">If there was not a medium for children to act out these situations in harmless ways they might experiment in reality.</edu>
  <edu id="e6" lang="ru" trans="promt">Если бы не было среды для детей, чтобы разыграть эти ситуации безопасными способами, то они могли бы экспериментировать в действительности.</edu>
  <edu id="e6" lang="ru" trans="google">Если бы не было среды для детей, чтобы действовать в таких ситуациях безвредным образом, они могли бы экспериментировать в реальности.</edu>
  <edu id="e6" lang="ru" trans="yandex">Если бы не было среды для детей, чтобы разыграть эти ситуации в безвредные способы они могут экспериментировать в реальности.</edu>
  <edu id="e7" lang="en">This would have even more disastrous consequences than a few hours gaming.</edu>
  <edu id="e7" lang="ru" trans="promt">У этого были бы еще более катастрофические последствия, чем несколько часов, играя.</edu>
  <edu id="e7" lang="ru" trans="google">Это будет иметь еще более катастрофические последствия, чем несколько часов игр.</edu>
  <edu id="e7" lang="ru" trans="yandex">Это будет иметь еще более катастрофические последствия, чем несколько часов игры.</edu>
  <adu id="a1" type="pro"/>
  <adu id="a2" type="opp"/>
  <adu id="a3" type="pro"/>
  <adu id="a4" type="pro"/>
  <adu id="a5" type="pro"/>
  <adu id="a6" type="pro"/>
  <adu id="a7" type="pro"/>
  <edge id="c7" src="e1" trg="a1" type="seg"/>
  <edge id="c8" src="e2" trg="a2" type="seg"/>
  <edge id="c9" src="e3" trg="a3" type="seg"/>
  <edge id="c10" src="e4" trg="a4" type="seg"/>
  <edge id="c11" src="e5" trg="a5" type="seg"/>
  <edge id="c12" src="e6" trg="a6" type="seg"/>
  <edge id="c13" src="e7" trg="a7" type="seg"/>
  <edge id="c1" src="a2" trg="a1" type="reb"/>
  <edge id="c2" src="a3" trg="a2" type="reb"/>
  <edge id="c3" src="a4" trg="a3" type="sup"/>
  <edge id="c4" src="a5" trg="a4" type="sup"/>
  <edge id="c5" src="a6" trg="a5" type="sup"/>
  <edge id="c6" src="a7" trg="c5" type="add"/>
</arggraph>
