<?xml version='1.0' encoding='UTF-8'?>
<arggraph id="micro_c018">
  <edu id="e1" lang="en">We live in the age of technology</edu>
  <edu id="e1" lang="ru" trans="promt">Мы живем в век технологии</edu>
  <edu id="e1" lang="ru" trans="google">Мы живем в эпоху технологий</edu>
  <edu id="e1" lang="ru" trans="yandex">Мы живем в век технологий</edu>
  <edu id="e2" lang="en">but the constant use of cell phones is definitely not bringing families closer together.</edu>
  <edu id="e2" lang="ru" trans="promt">но постоянное использование сотовых телефонов определенно не приближает семьи вместе.</edu>
  <edu id="e2" lang="ru" trans="google">но постоянное использование сотовых телефонов, безусловно, не сближает семьи.</edu>
  <edu id="e2" lang="ru" trans="yandex">но постоянное использование мобильных телефонов, безусловно, не принося семьям ближе друг к другу.</edu>
  <edu id="e3" lang="en">Family time used to be about spending quality time and actually talking to each other.</edu>
  <edu id="e3" lang="ru" trans="promt">Семейное время раньше было о проведении качественного времени и на самом деле говорящий друг с другом.</edu>
  <edu id="e3" lang="ru" trans="google">Семейное время обычно заключалось в том, чтобы проводить качественное время и фактически разговаривать друг с другом.</edu>
  <edu id="e3" lang="ru" trans="yandex">Семьи раньше по поводу качества проводить время и вообще говорить друг с другом.</edu>
  <edu id="e4" lang="en">Now, it's time that is largely spent staring at screens while occupying the same space.</edu>
  <edu id="e4" lang="ru" trans="promt">Теперь, пора, чтобы в основном потрачен, уставившись на экраны, занимая то же место.</edu>
  <edu id="e4" lang="ru" trans="google">Теперь настало время, в основном, смотреть на экраны, занимая одно и то же пространство.</edu>
  <edu id="e4" lang="ru" trans="yandex">Теперь, пришло время, что в значительной степени проводил, уставившись на экраны, занимая то же пространство.</edu>
  <edu id="e5" lang="en">This is driving a wedge between families</edu>
  <edu id="e5" lang="ru" trans="promt">Это вбивает клин между семьями</edu>
  <edu id="e5" lang="ru" trans="google">Это водит клин между семьями</edu>
  <edu id="e5" lang="ru" trans="yandex">Это вбивание клина между семьями</edu>
  <edu id="e6" lang="en">and it needs to be rectified.</edu>
  <edu id="e6" lang="ru" trans="promt">и это должно быть исправлено.</edu>
  <edu id="e6" lang="ru" trans="google">и его необходимо исправить.</edu>
  <edu id="e6" lang="ru" trans="yandex">и он должен быть устранен.</edu>
  <edu id="e7" lang="en">Family time needs to be a time where cell phones are put away and interaction with each other has everyone's full attention.</edu>
  <edu id="e7" lang="ru" trans="promt">Семейное время должно быть временем, где сотовые телефоны убраны, и у взаимодействия друг с другом есть общее полное внимание.</edu>
  <edu id="e7" lang="ru" trans="google">Семейное время должно быть временем, когда сотовые телефоны убираются, и взаимодействие друг с другом имеет все внимание.</edu>
  <edu id="e7" lang="ru" trans="yandex">Семьи должно быть время, когда сотовые телефоны убрать и взаимодействия друг с другом и полное всеобщее внимание.</edu>
  <edu id="e8" lang="en">If this doesn't change we could find that families become even more dysfunctional as a unit.</edu>
  <edu id="e8" lang="ru" trans="promt">Если это не изменяется, мы могли бы найти, что семьи становятся еще более неадекватными как единица.</edu>
  <edu id="e8" lang="ru" trans="google">Если это не изменится, мы можем обнаружить, что семьи становятся еще более неблагополучными как единое целое.</edu>
  <edu id="e8" lang="ru" trans="yandex">Если это не изменить, мы могли бы найти, что семьи становятся еще более дисфункциональной, как единое целое.</edu>
  <edu id="e9" lang="en">Though, there has been no scientific research to date that can confirm this outcome.</edu>
  <edu id="e9" lang="ru" trans="promt">Хотя, не было никакого научного исследования до настоящего времени, которое может подтвердить этот результат.</edu>
  <edu id="e9" lang="ru" trans="google">Хотя до настоящего времени не было научных исследований, которые могли бы подтвердить этот результат.</edu>
  <edu id="e9" lang="ru" trans="yandex">Правда, никаких научных исследований на сегодняшний день, что могут подтвердить этот результат.</edu>
  <adu id="a1" type="pro"/>
  <adu id="a2" type="opp"/>
  <adu id="a3" type="pro"/>
  <adu id="a4" type="pro"/>
  <adu id="a5" type="pro"/>
  <adu id="a6" type="pro"/>
  <adu id="a7" type="pro"/>
  <adu id="a8" type="pro"/>
  <adu id="a9" type="opp"/>
  <edge id="c9" src="e1" trg="a2" type="seg"/>
  <edge id="c10" src="e2" trg="a1" type="seg"/>
  <edge id="c11" src="e3" trg="a3" type="seg"/>
  <edge id="c12" src="e4" trg="a4" type="seg"/>
  <edge id="c13" src="e5" trg="a5" type="seg"/>
  <edge id="c14" src="e6" trg="a6" type="seg"/>
  <edge id="c15" src="e7" trg="a7" type="seg"/>
  <edge id="c16" src="e8" trg="a8" type="seg"/>
  <edge id="c17" src="e9" trg="a9" type="seg"/>
  <edge id="c1" src="a2" trg="a1" type="reb"/>
  <edge id="c2" src="a3" trg="a1" type="sup"/>
  <edge id="c3" src="a4" trg="c2" type="add"/>
  <edge id="c4" src="a5" trg="a1" type="sup"/>
  <edge id="c5" src="a6" trg="c4" type="add"/>
  <edge id="c6" src="a7" trg="a1" type="sup"/>
  <edge id="c7" src="a8" trg="a6" type="sup"/>
  <edge id="c8" src="a9" trg="a8" type="reb"/>
</arggraph>
