<?xml version='1.0' encoding='UTF-8'?>
<arggraph id="micro_c189">
  <edu id="e1" lang="en">Video games do not necessarily have a bad impact on family life as long as they are played within a reasonable time limit and if all members can enjoy the games together.</edu>
  <edu id="e1" lang="ru" trans="promt">Видеоигры не обязательно оказывают плохое влияние на семейную жизнь, пока они играются в пределе соответствующего времени и если все участники могут наслаждаться играми вместе.</edu>
  <edu id="e1" lang="ru" trans="google">Видеоигры не обязательно плохо влияют на семейную жизнь, пока они играют в течение разумного срока, и если все участники могут наслаждаться играми вместе.</edu>
  <edu id="e1" lang="ru" trans="yandex">Видео игры не обязательно иметь плохое влияние на семейную жизнь, как долго, как они играли в течение разумного срока и если все участники могут вместе наслаждаться играми.</edu>
  <edu id="e2" lang="en">If video games consume a good part of the day and are not enjoyed by all then yes, they could have an impact in that there will be no actual social interaction of those in the family unit.</edu>
  <edu id="e2" lang="ru" trans="promt">Если видеоигры потребляют хорошую часть дня и не обладаются всеми тогда да, они могли оказать влияние, в котором не будет никакого фактического социального взаимодействия тех в семейной единице.</edu>
  <edu id="e2" lang="ru" trans="google">Если видеоигры потребляют большую часть дня и не пользуются всеми, то да, они могут повлиять на то, что не будет реального социального взаимодействия тех, кто находится в семейном подразделении.</edu>
  <edu id="e2" lang="ru" trans="yandex">Если видеоигры потреблять большую часть дня и не пользовались то да, они могли бы иметь значение в том, что это не принесет никакого социального взаимодействия в семье.</edu>
  <edu id="e3" lang="en">If the entire family participates in the game then they are all enjoying themselves together and bonding. Thus there is no bad impact.</edu>
  <edu id="e3" lang="ru" trans="promt">Если вся семья участвует в игре тогда, они все наслаждаются вместе и сближаются. Таким образом нет никакого плохого воздействия.</edu>
  <edu id="e3" lang="ru" trans="google">Если вся семья участвует в игре, то все они наслаждаются собой и объединяются. Таким образом, никакого плохого воздействия нет.</edu>
  <edu id="e3" lang="ru" trans="yandex">Если вся семья участвует в игре, то они все гуляют вместе и склеивания. Таким образом, нет никакого плохого воздействия.</edu>
  <edu id="e4" lang="en">It is just like people playing board games.</edu>
  <edu id="e4" lang="ru" trans="promt">Это точно так же, как люди, играющие в настольные игры.</edu>
  <edu id="e4" lang="ru" trans="google">Это так же, как люди, играющие в настольные игры.</edu>
  <edu id="e4" lang="ru" trans="yandex">Это просто, как люди играют в настольные игры.</edu>
  <edu id="e5" lang="en">Monopoly can take many hours to play and there is no bad impact on family life because all are playing together.</edu>
  <edu id="e5" lang="ru" trans="promt">Монополия может занять много часов, чтобы играть и нет никакого плохого воздействия на семейную жизнь, потому что все играют вместе.</edu>
  <edu id="e5" lang="ru" trans="google">Монополия может занять много часов, и нет плохих последствий для семейной жизни, потому что все играют вместе.</edu>
  <edu id="e5" lang="ru" trans="yandex">Монополия может занять много часов, чтобы играть и нет плохо сказывается на семейной жизни, потому что все играют вместе.</edu>
  <adu id="a1" type="pro"/>
  <adu id="a2" type="opp"/>
  <adu id="a3" type="pro"/>
  <adu id="a4" type="pro"/>
  <adu id="a5" type="pro"/>
  <edge id="c5" src="e1" trg="a1" type="seg"/>
  <edge id="c6" src="e2" trg="a2" type="seg"/>
  <edge id="c7" src="e3" trg="a3" type="seg"/>
  <edge id="c8" src="e4" trg="a4" type="seg"/>
  <edge id="c9" src="e5" trg="a5" type="seg"/>
  <edge id="c1" src="a2" trg="a1" type="reb"/>
  <edge id="c2" src="a3" trg="c1" type="und"/>
  <edge id="c3" src="a4" trg="a1" type="sup"/>
  <edge id="c4" src="a5" trg="a4" type="exa"/>
</arggraph>
