<?xml version='1.0' encoding='UTF-8'?>
<arggraph id="micro_c111">
  <edu id="e1" lang="en">Smart watches have many benefits,</edu>
  <edu id="e1" lang="ru" trans="promt">Умные часы обладают многими преимуществами,</edu>
  <edu id="e1" lang="ru" trans="google">Смарт-часы имеют много преимуществ,</edu>
  <edu id="e1" lang="ru" trans="yandex">Умные часы имеют много преимуществ,</edu>
  <edu id="e2" lang="en">but they will never be able to do everything a smart phone can do.</edu>
  <edu id="e2" lang="ru" trans="promt">но они никогда не будут в состоянии сделать все, что смартфон может сделать.</edu>
  <edu id="e2" lang="ru" trans="google">но они никогда не смогут делать все, что может сделать смартфон.</edu>
  <edu id="e2" lang="ru" trans="yandex">но они никогда не будут в состоянии сделать все, что смартфон может сделать.</edu>
  <edu id="e3" lang="en">Specifically read and watch videos on the watch.</edu>
  <edu id="e3" lang="ru" trans="promt">Конкретно прочитайте и посмотрите ролики на часах.</edu>
  <edu id="e3" lang="ru" trans="google">В частности, читайте и смотрите видео на часах.</edu>
  <edu id="e3" lang="ru" trans="yandex">Конкретно читать и смотреть видео на часы.</edu>
  <edu id="e4" lang="en">I use my phone to read library books and watch shows because the screen is much bigger than a smart watch.</edu>
  <edu id="e4" lang="ru" trans="promt">Я использую свой телефон, чтобы прочитать библиотечные книги и смотреть шоу, потому что экран намного больше, чем умные часы.</edu>
  <edu id="e4" lang="ru" trans="google">Я использую свой телефон, чтобы читать библиотечные книги и смотреть шоу, потому что экран намного больше, чем умные часы.</edu>
  <edu id="e4" lang="ru" trans="yandex">Я использую мой телефон, чтобы читать книги из библиотеки и смотреть шоу, потому что экран намного больше, чем умные часы.</edu>
  <adu id="a1" type="pro"/>
  <adu id="a2" type="opp"/>
  <adu id="a3" type="pro"/>
  <adu id="a4" type="pro"/>
  <edge id="c4" src="e1" trg="a2" type="seg"/>
  <edge id="c5" src="e2" trg="a1" type="seg"/>
  <edge id="c6" src="e3" trg="a3" type="seg"/>
  <edge id="c7" src="e4" trg="a4" type="seg"/>
  <edge id="c1" src="a2" trg="a1" type="reb"/>
  <edge id="c2" src="a3" trg="a1" type="sup"/>
  <edge id="c3" src="a4" trg="a3" type="exa"/>
</arggraph>
