<?xml version='1.0' encoding='UTF-8'?>
<arggraph id="micro_c160">
  <edu id="e1" lang="en">No, teenage marriages are not a good idea.</edu>
  <edu id="e1" lang="ru" trans="promt">Нет, подростковые браки не хорошая идея.</edu>
  <edu id="e1" lang="ru" trans="google">Нет, подростковые браки - это не очень хорошая идея.</edu>
  <edu id="e1" lang="ru" trans="yandex">Нет, подростковые браки не очень хорошая идея.</edu>
  <edu id="e2" lang="en">People change personality-wise, goal-wise, and in many other ways after their teen years.</edu>
  <edu id="e2" lang="ru" trans="promt">Люди изменяются мудрый личностью, мудрый целью, и многими другими способами после их подростковых лет.</edu>
  <edu id="e2" lang="ru" trans="google">Люди меняются индивидуально, целеустремленно, и многими другими способами после их подростковых лет.</edu>
  <edu id="e2" lang="ru" trans="yandex">Люди меняют личность-мудрый, цель-мудры, и во многом другом после их подростковых лет.</edu>
  <edu id="e3" lang="en">Teens are not yet ready for all the responsibility that comes with marriage.</edu>
  <edu id="e3" lang="ru" trans="promt">Подростки еще не готовы ко всей ответственности, которая идет с браком.</edu>
  <edu id="e3" lang="ru" trans="google">Подростки еще не готовы ко всей ответственности, связанной с браком.</edu>
  <edu id="e3" lang="ru" trans="yandex">Подростки еще не готовы к всю ответственность, которая приходит с браком.</edu>
  <edu id="e4" lang="en">They need to focus on their personal goals and getting their lives in order before sharing their life with anyone else.</edu>
  <edu id="e4" lang="ru" trans="promt">Они должны сосредоточиться на своих личных целях и приведении в порядок их жизней прежде, чем разделить их жизнь с кем-либо еще.</edu>
  <edu id="e4" lang="ru" trans="google">Им нужно сосредоточиться на своих личных целях и добиться своей жизни, прежде чем делиться своей жизнью с кем-либо еще.</edu>
  <edu id="e4" lang="ru" trans="yandex">Они должны сосредоточиться на своих личных целей, и получаю свою жизнь в порядок, прежде чем делить свою жизнь с кем-то еще.</edu>
  <adu id="a1" type="pro"/>
  <adu id="a2" type="pro"/>
  <adu id="a3" type="pro"/>
  <adu id="a4" type="pro"/>
  <edge id="c4" src="e1" trg="a1" type="seg"/>
  <edge id="c5" src="e2" trg="a2" type="seg"/>
  <edge id="c6" src="e3" trg="a3" type="seg"/>
  <edge id="c7" src="e4" trg="a4" type="seg"/>
  <edge id="c1" src="a2" trg="a3" type="sup"/>
  <edge id="c2" src="a3" trg="a1" type="sup"/>
  <edge id="c3" src="a4" trg="a3" type="sup"/>
</arggraph>
