<?xml version='1.0' encoding='UTF-8'?>
<arggraph id="micro_c090">
  <edu id="e1" lang="en">Video games can definitely be used as a positive tool in schools to help teachers teach.</edu>
  <edu id="e1" lang="ru" trans="promt">Видеоигры могут определенно использоваться в качестве положительного инструмента в школах, чтобы помочь учителям преподавать.</edu>
  <edu id="e1" lang="ru" trans="google">Видеоигры могут определенно использоваться в качестве положительного инструмента в школах, чтобы помочь преподавателям учиться.</edu>
  <edu id="e1" lang="ru" trans="yandex">Видео игры может быть использована в качестве позитивного инструмента в школах, чтобы помочь учителям научить.</edu>
  <edu id="e2" lang="en">It gives students something they enjoy mixed with something they can learn.</edu>
  <edu id="e2" lang="ru" trans="promt">Это дает студентам что-то, чем они наслаждаются смешанный с чем-то, что они могут изучить.</edu>
  <edu id="e2" lang="ru" trans="google">Это дает студентам то, что им нравится, смешиваться с чем-то, чему они могут научиться.</edu>
  <edu id="e2" lang="ru" trans="yandex">Это дает студентам то, что они пользуются смешанное с чем-то они могут учиться.</edu>
  <edu id="e3" lang="en">Old fashioned learning is great</edu>
  <edu id="e3" lang="ru" trans="promt">Старомодное изучение большое</edu>
  <edu id="e3" lang="ru" trans="google">Старомодное обучение отлично</edu>
  <edu id="e3" lang="ru" trans="yandex">Старомодный обучения прекрасно</edu>
  <edu id="e4" lang="en">but kids sometimes tire of that quickly, and they need something to hold their attention.</edu>
  <edu id="e4" lang="ru" trans="promt">но дети иногда утомляются тем быстро, и им нужно что-то, чтобы поддержать их внимание.</edu>
  <edu id="e4" lang="ru" trans="google">но дети иногда устают от этого быстро, и им нужно что-то, чтобы привлечь их внимание.</edu>
  <edu id="e4" lang="ru" trans="yandex">но дети иногда устают быстро, и их нужно чем-то удерживать их внимание.</edu>
  <adu id="a1" type="pro"/>
  <adu id="a2" type="pro"/>
  <adu id="a3" type="opp"/>
  <adu id="a4" type="pro"/>
  <edge id="c4" src="e1" trg="a1" type="seg"/>
  <edge id="c5" src="e2" trg="a2" type="seg"/>
  <edge id="c6" src="e3" trg="a3" type="seg"/>
  <edge id="c7" src="e4" trg="a4" type="seg"/>
  <edge id="c1" src="a2" trg="a1" type="sup"/>
  <edge id="c2" src="a3" trg="a1" type="reb"/>
  <edge id="c3" src="a4" trg="c2" type="und"/>
</arggraph>
