<?xml version='1.0' encoding='UTF-8'?>
<arggraph id="micro_c060">
  <edu id="e1" lang="en">Social media has improved the lives of teenagers,</edu>
  <edu id="e1" lang="ru" trans="promt">Социальные медиа улучшили жизни подростков,</edu>
  <edu id="e1" lang="ru" trans="google">Социальные медиа улучшили жизнь подростков,</edu>
  <edu id="e1" lang="ru" trans="yandex">Социальные медиа способствуют улучшению жизни подростков,</edu>
  <edu id="e2" lang="en">because they have the world at their fingertips.</edu>
  <edu id="e2" lang="ru" trans="promt">потому что у них есть мир в их кончиках пальцев.</edu>
  <edu id="e2" lang="ru" trans="google">потому что у них есть мир под рукой.</edu>
  <edu id="e2" lang="ru" trans="yandex">потому что у них есть мир на кончиках пальцев.</edu>
  <edu id="e3" lang="en">They can use social media to gather important information from friends and families to enhance the academic abilities.</edu>
  <edu id="e3" lang="ru" trans="promt">Они могут использовать социальные сети, чтобы собрать важную информацию от друзей и семей, чтобы увеличить академические способности.</edu>
  <edu id="e3" lang="ru" trans="google">Они могут использовать социальные сети для сбора важной информации от друзей и семей для повышения академических способностей.</edu>
  <edu id="e3" lang="ru" trans="yandex">Они могут использовать социальные медиа, чтобы собрать важную информацию от друзей и семьи для повышения академических способностей.</edu>
  <edu id="e4" lang="en">Teenagers have the opportunity to engage with teachers, professors and leaders to gain great knowledge for their academic studies.</edu>
  <edu id="e4" lang="ru" trans="promt">У подростков есть возможность сотрудничать с учителями, преподавателями и лидерами, чтобы получить большое знание для их научных исследований.</edu>
  <edu id="e4" lang="ru" trans="google">Подростки имеют возможность общаться с учителями, профессорами и лидерами, чтобы получить отличные знания для своих академических исследований.</edu>
  <edu id="e4" lang="ru" trans="yandex">Подростки имеют возможность заниматься с учителями, преподавателями и лидерами, чтобы получить отличные знания за время учебы.</edu>
  <adu id="a1" type="pro"/>
  <adu id="a2" type="pro"/>
  <adu id="a3" type="pro"/>
  <adu id="a4" type="pro"/>
  <edge id="c4" src="e1" trg="a1" type="seg"/>
  <edge id="c5" src="e2" trg="a2" type="seg"/>
  <edge id="c6" src="e3" trg="a3" type="seg"/>
  <edge id="c7" src="e4" trg="a4" type="seg"/>
  <edge id="c1" src="a2" trg="a1" type="sup"/>
  <edge id="c2" src="a3" trg="a2" type="sup"/>
  <edge id="c3" src="a4" trg="a2" type="sup"/>
</arggraph>
