<?xml version='1.0' encoding='UTF-8'?>
<arggraph id="micro_c182">
  <edu id="e1" lang="en">Playing sports together allows the family to connect as a unit.</edu>
  <edu id="e1" lang="ru" trans="promt">Занятия спортом вместе позволяют семье соединяться как единица.</edu>
  <edu id="e1" lang="ru" trans="google">Играя в спортивные состязания, позволяет семье подключаться как единое целое.</edu>
  <edu id="e1" lang="ru" trans="yandex">Занятия спортом вместе позволяет семье, чтобы соединить как единое целое.</edu>
  <edu id="e2" lang="en">It encourages the family to undertake a healthier lifestyle.</edu>
  <edu id="e2" lang="ru" trans="promt">Это поощряет семью предпринимать более здоровый образ жизни.</edu>
  <edu id="e2" lang="ru" trans="google">Он поощряет семью к более здоровому образу жизни.</edu>
  <edu id="e2" lang="ru" trans="yandex">Он призывает семьи осуществлять здоровый образ жизни.</edu>
  <edu id="e3" lang="en">It also allows them to focus on one another instead of independent items.</edu>
  <edu id="e3" lang="ru" trans="promt">Это также позволяет им сосредотачиваться друг на друге вместо независимых пунктов.</edu>
  <edu id="e3" lang="ru" trans="google">Это также позволяет им сосредоточиться друг на друге, а не на независимых элементах.</edu>
  <edu id="e3" lang="ru" trans="yandex">Это также позволяет им сосредоточиться друг на друге вместо независимых элементов.</edu>
  <edu id="e4" lang="en">It fosters camaraderie with the family via shared interests and events.</edu>
  <edu id="e4" lang="ru" trans="promt">Это способствует духу товарищества с семьей через общие интересы и события.</edu>
  <edu id="e4" lang="ru" trans="google">Это способствует товариществу с семьей через общие интересы и события.</edu>
  <edu id="e4" lang="ru" trans="yandex">Он воспитывает товарищества с семьи через общие интересы и события.</edu>
  <edu id="e5" lang="en">It can also demonstrate the benefits of working together.</edu>
  <edu id="e5" lang="ru" trans="promt">Это может также продемонстрировать выгоду сотрудничества.</edu>
  <edu id="e5" lang="ru" trans="google">Он также может продемонстрировать преимущества совместной работы.</edu>
  <edu id="e5" lang="ru" trans="yandex">Он может также продемонстрировать преимущества совместной работы.</edu>
  <edu id="e6" implicit="true" lang="en">Doing sports together is a good thing for families.</edu>
  <edu id="e6" lang="ru" trans="promt">Занимание спортом вместе является хорошей вещью для семей.</edu>
  <edu id="e6" lang="ru" trans="google">Занятия спортом вместе - это хорошо для семей.</edu>
  <edu id="e6" lang="ru" trans="yandex">Заниматься спортом вместе-это хорошо для семьи.</edu>
  <adu id="a1" type="pro"/>
  <adu id="a2" type="pro"/>
  <adu id="a3" type="pro"/>
  <adu id="a4" type="pro"/>
  <adu id="a5" type="pro"/>
  <adu id="a6" type="pro"/>
  <edge id="c6" src="e1" trg="a2" type="seg"/>
  <edge id="c7" src="e2" trg="a3" type="seg"/>
  <edge id="c8" src="e3" trg="a4" type="seg"/>
  <edge id="c9" src="e4" trg="a5" type="seg"/>
  <edge id="c10" src="e5" trg="a6" type="seg"/>
  <edge id="c11" src="e6" trg="a1" type="seg"/>
  <edge id="c1" src="a2" trg="a1" type="sup"/>
  <edge id="c2" src="a3" trg="a1" type="sup"/>
  <edge id="c3" src="a4" trg="a1" type="sup"/>
  <edge id="c4" src="a5" trg="a1" type="sup"/>
  <edge id="c5" src="a6" trg="a1" type="sup"/>
</arggraph>
