<?xml version='1.0' encoding='UTF-8'?>
<arggraph id="micro_c051">
  <edu id="e1" lang="en">Anyone who operating a vehicle should be strictly prohibited to use a cell phone in any capacity, unless its hands-free; which mean no phone calls, making or receiving, no texting, messaging, no surfing the web, viewing videos or photos and no playing games.</edu>
  <edu id="e1" lang="ru" trans="promt">Любой, который, управление транспортным средством должно быть строго запрещено использовать сотовый телефон в любой способности, если его оставляющее руки свободными; которые не означают телефонных звонков, делая или получая, никакой отправки SMS, передачи сообщений, никакой работы в сети, смотря видео или фотографии и никакие играющие игры.</edu>
  <edu id="e1" lang="ru" trans="google">Любому, кто эксплуатирует транспортное средство, строго запрещается использовать мобильный телефон в любой емкости, если только его громкая связь; что означает отсутствие телефонных звонков, создание или получение, отсутствие текстовых сообщений, обмен сообщениями, просмотр серфинга в Интернете, просмотр видео или фотографий и отсутствие игр.</edu>
  <edu id="e1" lang="ru" trans="yandex">Всем, кто управляя транспортным средством должно быть строго запрещено использовать мобильный телефон в любую емкость, если ее громкой; что значит никаких звонков, исходящих и входящих, никаких смс, чат, без веб-серфинга, просмотра видео или фотографий, а не играть в игры.</edu>
  <edu id="e2" lang="en">Being distracting by one's cell phone can significantly increase the chances of getting into a major car accident, cause harm to the driver, their passengers and other motorists on the road.</edu>
  <edu id="e2" lang="ru" trans="promt">Быть недовольным по сотовому телефону может значительно увеличить возможности вхождения в основную автокатастрофу, нанести ущерб водителю, их пассажирам и другим автомобилистам на дороге.</edu>
  <edu id="e2" lang="ru" trans="google">Отвлечение сотового телефона может значительно увеличить шансы попасть в крупную автомобильную аварию, причинить вред водителю, их пассажирам и другим автолюбителям на дороге.</edu>
  <edu id="e2" lang="ru" trans="yandex">Отвлекает от своего мобильного телефона может существенно увеличить шансы на попадание в крупном дорожно-транспортного происшествия, причинить вред водителю, пассажирам и другим автолюбителям на дороге.</edu>
  <edu id="e3" lang="en">No matter who good a driver you might think you are, and you may feel that your paying attention well enough,</edu>
  <edu id="e3" lang="ru" trans="promt">Неважно, кто хороший водитель Вы могли бы думать, что Вы, и Вы можете чувствовать что Ваша оплата внимания достаточно хорошо,</edu>
  <edu id="e3" lang="ru" trans="google">Независимо от того, какой хороший водитель вы можете себе представить, и вы можете почувствовать, что ваше внимание уделяется достаточно хорошо,</edu>
  <edu id="e3" lang="ru" trans="yandex">Неважно, кто хороший водитель, вы думаете вы, и вы, возможно, чувствуете, что ваша обращая внимание достаточно хорошо,</edu>
  <edu id="e4" lang="en">but the truth of the matter is, driving needs the driver's full attention.</edu>
  <edu id="e4" lang="ru" trans="promt">но правда вопроса, ведя потребности полным вниманием водителя.</edu>
  <edu id="e4" lang="ru" trans="google">но правда в том, что вождение требует полного внимания водителя.</edu>
  <edu id="e4" lang="ru" trans="yandex">но правда в том, что вождение требует полного внимания водителя.</edu>
  <edu id="e5" lang="en">Any caught driving while operating a cell phone should be punished with steep fines.</edu>
  <edu id="e5" lang="ru" trans="promt">Любое пойманное вождение, управляя сотовым телефоном должно быть наказано с крутыми штрафами.</edu>
  <edu id="e5" lang="ru" trans="google">Любые пойманные вождения при работе сотового телефона должны быть наказаны крутыми штрафами.</edu>
  <edu id="e5" lang="ru" trans="yandex">Любой, пойманных за рулем во время работы сотового телефона, должны быть наказаны с крутыми штрафами.</edu>
  <adu id="a1" type="pro"/>
  <adu id="a2" type="pro"/>
  <adu id="a3" type="pro"/>
  <adu id="a4" type="opp"/>
  <edge id="c4" src="e1" trg="a1" type="seg"/>
  <edge id="c5" src="e2" trg="a2" type="seg"/>
  <edge id="c6" src="e3" trg="a4" type="seg"/>
  <edge id="c7" src="e4" trg="a3" type="seg"/>
  <edge id="c8" src="e5" trg="a1" type="seg"/>
  <edge id="c1" src="a2" trg="a1" type="sup"/>
  <edge id="c2" src="a3" trg="a4" type="reb"/>
  <edge id="c3" src="a4" trg="a2" type="reb"/>
</arggraph>
