<?xml version='1.0' encoding='UTF-8'?>
<arggraph id="micro_c155">
  <edu id="e1" lang="en">Teenage marriage often ends in divorce.</edu>
  <edu id="e1" lang="ru" trans="promt">Подростковый брак часто заканчивается в разводе.</edu>
  <edu id="e1" lang="ru" trans="google">Подростковый брак часто заканчивается разводом.</edu>
  <edu id="e1" lang="ru" trans="yandex">Подростковый брак часто заканчивается разводом.</edu>
  <edu id="e2" lang="en">Among other things it also causes stress for the children of the couple</edu>
  <edu id="e2" lang="ru" trans="promt">Среди прочего это также вызывает напряжение для детей пары</edu>
  <edu id="e2" lang="ru" trans="google">Среди прочего это также вызывает стресс у детей пары</edu>
  <edu id="e2" lang="ru" trans="yandex">Среди прочего оно также вызывает стресс для детей на пару</edu>
  <edu id="e3" lang="en">as there is often conflict due to not taking proper time to ensure compatibility</edu>
  <edu id="e3" lang="ru" trans="promt">как часто есть конфликт из-за не занимания время, чтобы гарантировать совместимость</edu>
  <edu id="e3" lang="ru" trans="google">поскольку часто возникают конфликты из-за отсутствия времени для обеспечения совместимости</edu>
  <edu id="e3" lang="ru" trans="yandex">как часто конфликты из-за не принимая время на то, чтобы обеспечить совместимость</edu>
  <edu id="e4" lang="en">and it creates a lower economic living too</edu>
  <edu id="e4" lang="ru" trans="promt">и это создает более низкое экономическое проживание также</edu>
  <edu id="e4" lang="ru" trans="google">и это создает более низкую экономическую жизнь</edu>
  <edu id="e4" lang="ru" trans="yandex">и это создает слишком низкую экономической жизни </edu>
  <edu id="e5" lang="en">as on average they are not college educated.</edu>
  <edu id="e5" lang="ru" trans="promt">поскольку в среднем они не образованный колледж.</edu>
  <edu id="e5" lang="ru" trans="google">так как в среднем они не образованы в колледже.</edu>
  <edu id="e5" lang="ru" trans="yandex">в среднем они не высшее образование.</edu>
  <edu id="e6" lang="en">So in short no it is not a good idea</edu>
  <edu id="e6" lang="ru" trans="promt">Таким образом, короче говоря не это не хорошая идея</edu>
  <edu id="e6" lang="ru" trans="google">Короче говоря, это не очень хорошая идея</edu>
  <edu id="e6" lang="ru" trans="yandex">Короче говоря, никакая это не хорошая идея</edu>
  <adu id="a1" type="pro"/>
  <adu id="a2" type="pro"/>
  <adu id="a3" type="pro"/>
  <adu id="a4" type="pro"/>
  <adu id="a5" type="pro"/>
  <adu id="a6" type="pro"/>
  <edge id="c6" src="e1" trg="a6" type="seg"/>
  <edge id="c7" src="e2" trg="a4" type="seg"/>
  <edge id="c8" src="e3" trg="a5" type="seg"/>
  <edge id="c9" src="e4" trg="a2" type="seg"/>
  <edge id="c10" src="e5" trg="a3" type="seg"/>
  <edge id="c11" src="e6" trg="a1" type="seg"/>
  <edge id="c1" src="a2" trg="a1" type="sup"/>
  <edge id="c2" src="a3" trg="a2" type="sup"/>
  <edge id="c3" src="a4" trg="a1" type="sup"/>
  <edge id="c4" src="a5" trg="a4" type="sup"/>
  <edge id="c5" src="a6" trg="a1" type="sup"/>
</arggraph>
