<?xml version='1.0' encoding='UTF-8'?>
<arggraph id="micro_c110">
  <edu id="e1" lang="en">I do not believe smart watches will replace cell phones,</edu>
  <edu id="e1" lang="ru" trans="promt">Я не полагаю, что умные часы заменят сотовые телефоны,</edu>
  <edu id="e1" lang="ru" trans="google">Я не верю, что смарт-часы заменят сотовые телефоны,</edu>
  <edu id="e1" lang="ru" trans="yandex">Я не верю, что умные часы смогут заменить мобильные телефоны,</edu>
  <edu id="e2" lang="en">there is so much smart watches cannot do.</edu>
  <edu id="e2" lang="ru" trans="promt">есть так умные часы, не может сделать.</edu>
  <edu id="e2" lang="ru" trans="google">так много умных часов не может сделать.</edu>
  <edu id="e2" lang="ru" trans="yandex">есть так много умных часов не обойтись.</edu>
  <edu id="e3" lang="en">The limits can have an effect on the devises compatibility with other objects.</edu>
  <edu id="e3" lang="ru" trans="promt">Пределы могут иметь эффект на совместимость завещаний с другими объектами.</edu>
  <edu id="e3" lang="ru" trans="google">Пределы могут влиять на совместимость с другими объектами.</edu>
  <edu id="e3" lang="ru" trans="yandex">Ограничения могут повлиять на совместимость устройства с другими объектами.</edu>
  <edu id="e4" lang="en">I do not think people will give up their phones for an object that fits on their arm.</edu>
  <edu id="e4" lang="ru" trans="promt">Я не думаю, что люди бросят свои телефоны для объекта, который соответствует на их руке.</edu>
  <edu id="e4" lang="ru" trans="google">Я не думаю, что люди откажутся от своих телефонов за объект, который подходит им на руку.</edu>
  <edu id="e4" lang="ru" trans="yandex">Я не думаю, что люди отдадут свои телефоны для объекта, который вписывается в их объятиях.</edu>
  <adu id="a1" type="pro"/>
  <adu id="a2" type="pro"/>
  <adu id="a3" type="pro"/>
  <adu id="a4" type="pro"/>
  <edge id="c4" src="e1" trg="a1" type="seg"/>
  <edge id="c5" src="e2" trg="a2" type="seg"/>
  <edge id="c6" src="e3" trg="a3" type="seg"/>
  <edge id="c7" src="e4" trg="a4" type="seg"/>
  <edge id="c1" src="a2" trg="a1" type="sup"/>
  <edge id="c2" src="a3" trg="a1" type="sup"/>
  <edge id="c3" src="a4" trg="a1" type="sup"/>
</arggraph>
