<?xml version='1.0' encoding='UTF-8'?>
<arggraph id="micro_c174">
  <edu id="e1" lang="en">Helicopter parenting has proven to be detrimental to the success of children.</edu>
  <edu id="e1" lang="ru" trans="promt">Вертолетное воспитание, оказалось, было вредно для успеха детей.</edu>
  <edu id="e1" lang="ru" trans="google">Вертолетное воспитание оказалось вредным для успеха детей.</edu>
  <edu id="e1" lang="ru" trans="yandex">Вертолет родительство оказалась разрушительной для детей.</edu>
  <edu id="e2" lang="en">Over involvement in the work, production, and affairs of children impact the child's ability to face consequences and experiences good and bad decisions.</edu>
  <edu id="e2" lang="ru" trans="promt">По участию в работе производство и дела детей влияют на способность ребенка стоять перед последствиями, и испытывает хорошие и плохие решения.</edu>
  <edu id="e2" lang="ru" trans="google">Более активное участие в работе, производстве и делах детей влияет на способность ребенка сталкиваться с последствиями и принимать хорошие и плохие решения.</edu>
  <edu id="e2" lang="ru" trans="yandex">За участие в работе, производства, и по делам детей влияет на способность ребенка к лицу последствия и опытом хороших и плохих решений.</edu>
  <edu id="e3" lang="en">While one can argue that this type of parenting style benefits a child due to the active involvement and guidance by a parent</edu>
  <edu id="e3" lang="ru" trans="promt">В то время как можно утверждать, что этот тип стиля воспитания приносит пользу ребенку из-за активного участия и руководства родителем</edu>
  <edu id="e3" lang="ru" trans="google">Хотя можно утверждать, что этот тип стиля воспитания приносит пользу ребенку из-за активного участия и руководства родителями</edu>
  <edu id="e3" lang="ru" trans="yandex">В то время как можно утверждать, что этот тип стиля воспитания льгот ребенку в связи с активном участии и руководстве родителей</edu>
  <edu id="e4" lang="en">there are few arguments to support.</edu>
  <edu id="e4" lang="ru" trans="promt">есть немного аргументов поддержке.</edu>
  <edu id="e4" lang="ru" trans="google">есть несколько аргументов в поддержку.</edu>
  <edu id="e4" lang="ru" trans="yandex">есть несколько доводов в поддержку.</edu>
  <edu id="e5" lang="en">Children need to learn, make their own choices, and live with the consequences of their actions in order to grow and development.</edu>
  <edu id="e5" lang="ru" trans="promt">Дети должны изучить, сделать свой собственный выбор, и живой с последствиями их действий, чтобы вырасти и развитие.</edu>
  <edu id="e5" lang="ru" trans="google">Дети должны учиться, делать свой выбор и жить с последствиями своих действий, чтобы расти и развиваться.</edu>
  <edu id="e5" lang="ru" trans="yandex">Дети должны учиться, делать свой собственный выбор и жить с последствиями своих действий для роста и развития.</edu>
  <adu id="a1" type="pro"/>
  <adu id="a2" type="pro"/>
  <adu id="a3" type="opp"/>
  <adu id="a4" type="pro"/>
  <adu id="a5" type="pro"/>
  <edge id="c5" src="e1" trg="a1" type="seg"/>
  <edge id="c6" src="e2" trg="a2" type="seg"/>
  <edge id="c7" src="e3" trg="a3" type="seg"/>
  <edge id="c8" src="e4" trg="a4" type="seg"/>
  <edge id="c9" src="e5" trg="a5" type="seg"/>
  <edge id="c1" src="a2" trg="a1" type="sup"/>
  <edge id="c2" src="a3" trg="a1" type="reb"/>
  <edge id="c3" src="a4" trg="c2" type="und"/>
  <edge id="c4" src="a5" trg="a1" type="sup"/>
</arggraph>
