<?xml version='1.0' encoding='UTF-8'?>
<arggraph id="micro_c004">
  <edu id="e1" lang="en">In the absence of wolves and other large predators, humans become the deer population control to keep to deer from over-grazing regional flora.</edu>
  <edu id="e1" lang="ru" trans="promt">В отсутствие волков и других больших хищников, люди становятся ограничением рождаемости оленя, чтобы придерживаться оленя от выбивания пастбища региональная флора.</edu>
  <edu id="e1" lang="ru" trans="google">В отсутствие волков и других крупных хищников, люди становятся контроль над населением оленей, чтобы держаться оленей от чрезмерной пастбищной региональной флоры.</edu>
  <edu id="e1" lang="ru" trans="yandex">При отсутствии Волков и других крупных хищников, люди становятся олени контролировать население, чтобы держать оленей от чрезмерного выпаса региональной флоры.</edu>
  <edu id="e2" lang="en">The ecosystem needs this delicate balance,</edu>
  <edu id="e2" lang="ru" trans="promt">Экосистеме нужно это неустойчивое равновесие,</edu>
  <edu id="e2" lang="ru" trans="google">Экосистема нуждается в этом тонком балансе,</edu>
  <edu id="e2" lang="ru" trans="yandex">Экосистемы нужен этот хрупкий баланс,</edu>
  <edu id="e3" lang="en">so it is also important not to over-hunt.</edu>
  <edu id="e3" lang="ru" trans="promt">таким образом, также важно не сверхохотиться.</edu>
  <edu id="e3" lang="ru" trans="google">поэтому важно не переусердствовать.</edu>
  <edu id="e3" lang="ru" trans="yandex">поэтому важно не охотиться.</edu>
  <edu id="e4" lang="en">As long as restraint and practicality are applied to hunting, the environment will not suffer.</edu>
  <edu id="e4" lang="ru" trans="promt">Пока сдержанность и практичность применены к охоте, окружающая среда не пострадает.</edu>
  <edu id="e4" lang="ru" trans="google">Пока сдержанность и практичность применяются к охоте, окружающая среда не пострадает.</edu>
  <edu id="e4" lang="ru" trans="yandex">Пока сдержанность и практичность применяются для охоты, окружающая среда не пострадает.</edu>
  <edu id="e5" lang="en">Hunting is good.</edu>
  <edu id="e5" lang="ru" trans="promt">Охота хороша.</edu>
  <edu id="e5" lang="ru" trans="google">Охота хорошая.</edu>
  <edu id="e5" lang="ru" trans="yandex">Охота-это хорошо.</edu>
  <adu id="a1" type="pro"/>
  <adu id="a2" type="pro"/>
  <adu id="a3" type="pro"/>
  <adu id="a4" type="pro"/>
  <adu id="a5" type="pro"/>
  <edge id="c5" src="e1" trg="a2" type="seg"/>
  <edge id="c6" src="e2" trg="a3" type="seg"/>
  <edge id="c7" src="e3" trg="a4" type="seg"/>
  <edge id="c8" src="e4" trg="a5" type="seg"/>
  <edge id="c9" src="e5" trg="a1" type="seg"/>
  <edge id="c1" src="a2" trg="a4" type="sup"/>
  <edge id="c2" src="a3" trg="c1" type="add"/>
  <edge id="c3" src="a4" trg="a5" type="sup"/>
  <edge id="c4" src="a5" trg="a1" type="sup"/>
</arggraph>
