<?xml version='1.0' encoding='UTF-8'?>
<arggraph id="micro_c168">
  <edu id="e1" lang="en">Helicopter parents, in spite of their good intentions, often suffocate their children with too much attention.</edu>
  <edu id="e1" lang="ru" trans="promt">Родители-вертолеты, несмотря на их благие намерения, часто душат своих детей со слишком большим вниманием.</edu>
  <edu id="e1" lang="ru" trans="google">Родители вертолетов, несмотря на их добрые намерения, часто задыхаются от своих детей со слишком большим вниманием.</edu>
  <edu id="e1" lang="ru" trans="yandex">Вертолет родителей, несмотря на их благие намерения, часто душим своим детям слишком много внимания.</edu>
  <edu id="e2" lang="en">Kids need to have some freedom to have some of their time for themselves.</edu>
  <edu id="e2" lang="ru" trans="promt">У детей должна быть некоторая свобода иметь часть их времени для себя.</edu>
  <edu id="e2" lang="ru" trans="google">Дети должны иметь некоторую свободу, чтобы иметь часть своего времени для себя.</edu>
  <edu id="e2" lang="ru" trans="yandex">Дети должны иметь некоторую свободу, чтобы иметь некоторую часть своего времени для себя.</edu>
  <edu id="e3" lang="en">If they aren't allowed the freedom to make some of their own decision, and mistakes, they have an unreasonable expectation that everything will always be laid out in a straight, structured line.</edu>
  <edu id="e3" lang="ru" trans="promt">Если им не позволяют свободу принять часть их собственном решении, и ошибки, у них есть неблагоразумное ожидание, что все будет всегда выкладываться в прямой, структурированной линии.</edu>
  <edu id="e3" lang="ru" trans="google">Если им не разрешена свобода принятия своего собственного решения и ошибок, у них есть необоснованное ожидание того, что все будет всегда выложено по прямой, структурированной линии.</edu>
  <edu id="e3" lang="ru" trans="yandex">Если они не допускаются свободу, чтобы сделать свои собственные решения и ошибки, они имеют необоснованные ожидания, что все всегда будет разложено по прямой структурными линиями.</edu>
  <edu id="e4" lang="en">However, the helicopter children do perform better in school and have an opportunity to do much more extracurricular activities.</edu>
  <edu id="e4" lang="ru" trans="promt">Однако вертолетные дети действительно выступают лучше в школе и имеют возможность сделать намного больше внеучебных действий.</edu>
  <edu id="e4" lang="ru" trans="google">Тем не менее, дети вертолета действительно лучше учатся в школе и имеют возможность делать гораздо больше внеклассных занятий.</edu>
  <edu id="e4" lang="ru" trans="yandex">Однако, дети вертолет делать лучше учатся в школе и имеют возможность сделать гораздо больше, внеурочной деятельности.</edu>
  <edu id="e5" lang="en">In summary, kids need to be able to be kids.</edu>
  <edu id="e5" lang="ru" trans="promt">Таким образом, дети должны быть в состоянии быть детьми.</edu>
  <edu id="e5" lang="ru" trans="google">Таким образом, дети должны быть детьми.</edu>
  <edu id="e5" lang="ru" trans="yandex">В общем, дети должны быть детьми.</edu>
  <edu id="e6" implicit="true" lang="en">Helicopter parents are bad for children.</edu>
  <edu id="e6" lang="ru" trans="promt">Родители-вертолеты плохи для детей.</edu>
  <edu id="e6" lang="ru" trans="google">Родители вертолетов плохо относятся к детям.</edu>
  <edu id="e6" lang="ru" trans="yandex">Вертолет родители плохо относятся к детям.</edu>
  <adu id="a1" type="pro"/>
  <adu id="a2" type="pro"/>
  <adu id="a3" type="pro"/>
  <adu id="a4" type="pro"/>
  <adu id="a5" type="opp"/>
  <adu id="a6" type="pro"/>
  <edge id="c6" src="e1" trg="a4" type="seg"/>
  <edge id="c7" src="e2" trg="a3" type="seg"/>
  <edge id="c8" src="e3" trg="a2" type="seg"/>
  <edge id="c9" src="e4" trg="a5" type="seg"/>
  <edge id="c10" src="e5" trg="a6" type="seg"/>
  <edge id="c11" src="e6" trg="a1" type="seg"/>
  <edge id="c1" src="a2" trg="a3" type="sup"/>
  <edge id="c2" src="a3" trg="a1" type="sup"/>
  <edge id="c3" src="a4" trg="a1" type="sup"/>
  <edge id="c4" src="a5" trg="a1" type="reb"/>
  <edge id="c5" src="a6" trg="a1" type="sup"/>
</arggraph>
