<?xml version='1.0' encoding='UTF-8'?>
<arggraph id="micro_c183">
  <edu id="e1" lang="en">Spending time together as a family engaged in sports together is a good thing.</edu>
  <edu id="e1" lang="ru" trans="promt">Проводя время вместе, поскольку семья участвовала в спорте, вместе хорошая вещь.</edu>
  <edu id="e1" lang="ru" trans="google">Хорошо проводить время вместе, как семья, занимающаяся спортом.</edu>
  <edu id="e1" lang="ru" trans="yandex">Проводить время вместе, как семья занимается спортом-это хорошо.</edu>
  <edu id="e2" lang="en">It increases a sense of family togetherness,</edu>
  <edu id="e2" lang="ru" trans="promt">Это увеличивает чувство семейного чувства локтя,</edu>
  <edu id="e2" lang="ru" trans="google">Это увеличивает чувство семейной близости,</edu>
  <edu id="e2" lang="ru" trans="yandex">Это увеличивает чувство семейного единения,</edu>
  <edu id="e3" lang="en">gets people outside and into the fresh air and sunshine,</edu>
  <edu id="e3" lang="ru" trans="promt">получает людей снаружи и в свежий воздух и солнечный свет,</edu>
  <edu id="e3" lang="ru" trans="google">получает людей снаружи и на свежий воздух и солнечный свет,</edu>
  <edu id="e3" lang="ru" trans="yandex">получает человек на улицу и на свежий воздух и солнечный свет,</edu>
  <edu id="e4" lang="en">and gets the heart rate going.</edu>
  <edu id="e4" lang="ru" trans="promt">и получает движение сердечного ритма.</edu>
  <edu id="e4" lang="ru" trans="google">и получает сердечный ритм.</edu>
  <edu id="e4" lang="ru" trans="yandex">и чуть инфаркт не случился.</edu>
  <edu id="e5" lang="en">This in turn helps to keep weight at a healthy level, and increases longevity.</edu>
  <edu id="e5" lang="ru" trans="promt">Это в свою очередь помогает держать вес на здоровом уровне и долговечность увеличений.</edu>
  <edu id="e5" lang="ru" trans="google">Это, в свою очередь, помогает сохранить вес на здоровом уровне и увеличивает долговечность.</edu>
  <edu id="e5" lang="ru" trans="yandex">Это в свою очередь помогает держать вес на здоровом уровне, и увеличивает продолжительность жизни.</edu>
  <edu id="e6" lang="en">One might argue that it's dangerous for some people to engage in strenuous activity.</edu>
  <edu id="e6" lang="ru" trans="promt">Можно было бы утверждать, что опасно для некоторых людей участвовать в напряженной деятельности.</edu>
  <edu id="e6" lang="ru" trans="google">Можно утверждать, что для некоторых людей опасно заниматься напряженной деятельностью.</edu>
  <edu id="e6" lang="ru" trans="yandex">Можно утверждать, что это опасно для некоторых людей, чтобы участвовать в напряженной деятельности.</edu>
  <edu id="e7" lang="en">However, many sports can be ""toned down"" for novices or those who are just starting out,</edu>
  <edu id="e7" lang="ru" trans="promt">Однако много спортивных состязаний могут быть ""снижены"" для новичков или тех, кто только начинает,</edu>
  <edu id="e7" lang="ru" trans="google">Однако многие виды спорта могут быть «смягчены» для новичков или тех, кто только начинает,</edu>
  <edu id="e7" lang="ru" trans="yandex">Однако, многие виды спорта можно ""убойности"" для новичков или тех, кто только начинает,</edu>
  <edu id="e8" lang="en">and with the permission of your doctor, sports are always a good thing.</edu>
  <edu id="e8" lang="ru" trans="promt">и с разрешения Вашего доктора, спорт всегда - хорошая вещь.</edu>
  <edu id="e8" lang="ru" trans="google">и с разрешения вашего врача спорт всегда хорош.</edu>
  <edu id="e8" lang="ru" trans="yandex">и с разрешения вашего врача, спорт-это всегда хорошо.</edu>
  <adu id="a1" type="pro"/>
  <adu id="a2" type="pro"/>
  <adu id="a3" type="pro"/>
  <adu id="a4" type="pro"/>
  <adu id="a5" type="pro"/>
  <adu id="a6" type="opp"/>
  <adu id="a7" type="pro"/>
  <adu id="a8" type="pro"/>
  <edge id="c8" src="e1" trg="a1" type="seg"/>
  <edge id="c9" src="e2" trg="a2" type="seg"/>
  <edge id="c10" src="e3" trg="a3" type="seg"/>
  <edge id="c11" src="e4" trg="a4" type="seg"/>
  <edge id="c12" src="e5" trg="a5" type="seg"/>
  <edge id="c13" src="e6" trg="a6" type="seg"/>
  <edge id="c14" src="e7" trg="a7" type="seg"/>
  <edge id="c15" src="e8" trg="a8" type="seg"/>
  <edge id="c1" src="a2" trg="a1" type="sup"/>
  <edge id="c2" src="a3" trg="a1" type="sup"/>
  <edge id="c3" src="a4" trg="a1" type="sup"/>
  <edge id="c4" src="a5" trg="c3" type="add"/>
  <edge id="c5" src="a6" trg="c3" type="und"/>
  <edge id="c6" src="a7" trg="a6" type="reb"/>
  <edge id="c7" src="a8" trg="a6" type="reb"/>
</arggraph>
