<?xml version='1.0' encoding='UTF-8'?>
<arggraph id="micro_c034">
  <edu id="e1" lang="en">Fracking is unnecessary and unsafe.</edu>
  <edu id="e1" lang="ru" trans="promt">Гидроразрыв ненужный и небезопасный.</edu>
  <edu id="e1" lang="ru" trans="google">Fracking не нужен и небезопасен.</edu>
  <edu id="e1" lang="ru" trans="yandex">Fracking является ненужным и небезопасным.</edu>
  <edu id="e2" lang="en">Fracking causing environmental problems such as polluting the water supply.</edu>
  <edu id="e2" lang="ru" trans="promt">Гидроразрыв, вызывающий проблемы охраны окружающей среды, такие как загрязнение водоснабжения.</edu>
  <edu id="e2" lang="ru" trans="google">Fracking вызывает экологические проблемы, такие как загрязнение водоснабжения.</edu>
  <edu id="e2" lang="ru" trans="yandex">Фрекинг вызывает экологические проблемы, такие как загрязнение воды.</edu>
  <edu id="e3" lang="en">Also, fracking has been shown to destabilize the ground and cause earthquakes in the Midwest.</edu>
  <edu id="e3" lang="ru" trans="promt">Кроме того, гидроразрыв, как показывали, дестабилизировал землю и землетрясения причины на Среднем Западе.</edu>
  <edu id="e3" lang="ru" trans="google">Кроме того, было показано, что fracking дестабилизирует почву и вызывает землетрясения на Среднем Западе.</edu>
  <edu id="e3" lang="ru" trans="yandex">Кроме того, гидроразрыв было показано, что для дестабилизации земли и вызывают землетрясения на Среднем Западе.</edu>
  <edu id="e4" lang="en">There are other sources of energy that are safer than using fracking.</edu>
  <edu id="e4" lang="ru" trans="promt">Есть другие источники энергии, которые более безопасны, чем использование гидроразрыва.</edu>
  <edu id="e4" lang="ru" trans="google">Есть другие источники энергии, которые безопаснее, чем использование fracking.</edu>
  <edu id="e4" lang="ru" trans="yandex">Есть и другие источники энергии, которые являются более безопасными, чем использование фрекинга.</edu>
  <edu id="e5" lang="en">The chemicals used to get the gas out of the ground are not proven safe.</edu>
  <edu id="e5" lang="ru" trans="promt">Химикаты, используемые, чтобы вытащить газ из земли, не доказаны безопасными.</edu>
  <edu id="e5" lang="ru" trans="google">Химикаты, используемые для получения газа из земли, не являются безопасными.</edu>
  <edu id="e5" lang="ru" trans="yandex">Химические вещества, используемые для получения газа из земли не доказана его безопасность.</edu>
  <edu id="e6" lang="en">Some may say that fracking is needed</edu>
  <edu id="e6" lang="ru" trans="promt">Некоторые могут сказать, что гидроразрыв необходим</edu>
  <edu id="e6" lang="ru" trans="google">Некоторые могут сказать, что требуется fracking</edu>
  <edu id="e6" lang="ru" trans="yandex">Некоторые могут сказать, что бурение необходимо</edu>
  <edu id="e7" lang="en">because we need more energy,</edu>
  <edu id="e7" lang="ru" trans="promt">потому что нам нужно больше энергии,</edu>
  <edu id="e7" lang="ru" trans="google">потому что нам нужно больше энергии,</edu>
  <edu id="e7" lang="ru" trans="yandex">потому что нам нужно больше энергии,</edu>
  <edu id="e8" lang="en">but this argument ignored alternative energy sources</edu>
  <edu id="e8" lang="ru" trans="promt">но этот аргумент проигнорировал альтернативные источники энергии</edu>
  <edu id="e8" lang="ru" trans="google">но этот аргумент игнорировал альтернативные источники энергии</edu>
  <edu id="e8" lang="ru" trans="yandex">но этот аргумент игнорирует альтернативные источники энергии </edu>
  <edu id="e9" lang="en">and the questionable safety of fracking.</edu>
  <edu id="e9" lang="ru" trans="promt">и сомнительная безопасность гидроразрыва.</edu>
  <edu id="e9" lang="ru" trans="google">и сомнительная безопасность fracking.</edu>
  <edu id="e9" lang="ru" trans="yandex">и сомнительная безопасность ректификаторы.</edu>
  <adu id="a1" type="pro"/>
  <adu id="a2" type="pro"/>
  <adu id="a3" type="pro"/>
  <adu id="a4" type="pro"/>
  <adu id="a5" type="pro"/>
  <adu id="a6" type="opp"/>
  <adu id="a7" type="opp"/>
  <adu id="a8" type="pro"/>
  <adu id="a9" type="pro"/>
  <edge id="c9" src="e1" trg="a1" type="seg"/>
  <edge id="c10" src="e2" trg="a2" type="seg"/>
  <edge id="c11" src="e3" trg="a3" type="seg"/>
  <edge id="c12" src="e4" trg="a4" type="seg"/>
  <edge id="c13" src="e5" trg="a5" type="seg"/>
  <edge id="c14" src="e6" trg="a6" type="seg"/>
  <edge id="c15" src="e7" trg="a7" type="seg"/>
  <edge id="c16" src="e8" trg="a8" type="seg"/>
  <edge id="c17" src="e9" trg="a9" type="seg"/>
  <edge id="c1" src="a2" trg="a1" type="sup"/>
  <edge id="c2" src="a3" trg="a1" type="sup"/>
  <edge id="c3" src="a4" trg="a1" type="sup"/>
  <edge id="c4" src="a5" trg="a4" type="sup"/>
  <edge id="c5" src="a6" trg="a1" type="reb"/>
  <edge id="c6" src="a7" trg="a6" type="sup"/>
  <edge id="c7" src="a8" trg="a6" type="reb"/>
  <edge id="c8" src="a9" trg="a6" type="reb"/>
</arggraph>
