<?xml version='1.0' encoding='UTF-8'?>
<arggraph id="micro_c197">
  <edu id="e1" lang="en">It is not normal behavior to treat you dog as an equal to your family.</edu>
  <edu id="e1" lang="ru" trans="promt">Это не нормальное поведение, чтобы рассматривать Вас собака как равное Вашей семье.</edu>
  <edu id="e1" lang="ru" trans="google">Это не нормальное поведение, когда вы относитесь к своей собаке как к вашей семье.</edu>
  <edu id="e1" lang="ru" trans="yandex">Это не нормальное поведение лечить собаку как равноправного для вашей семьи.</edu>
  <edu id="e2" lang="en">In some ways it is good for the heart to have a fur friend in your home.</edu>
  <edu id="e2" lang="ru" trans="promt">До некоторой степени для сердца хорошо иметь друга меха в Вашем доме.</edu>
  <edu id="e2" lang="ru" trans="google">В некотором смысле это хорошо для сердца иметь мехового друга в вашем доме.</edu>
  <edu id="e2" lang="ru" trans="yandex">В некотором смысле это хорошо для сердца есть друг, меха в вашем доме.</edu>
  <edu id="e3" lang="en">The supplies for dogs can be somewhat expensive.</edu>
  <edu id="e3" lang="ru" trans="promt">Поставки для собак могут быть несколько дорогими.</edu>
  <edu id="e3" lang="ru" trans="google">Поставки для собак могут быть несколько дорогими.</edu>
  <edu id="e3" lang="ru" trans="yandex">Поставки для собак может быть несколько дороже.</edu>
  <edu id="e4" lang="en">If a person loses their source of income then their dogs may suffer and not receive adequate care.</edu>
  <edu id="e4" lang="ru" trans="promt">Если человек теряет их источник дохода тогда, их собаки могут перенести и не получить соответствующий уход.</edu>
  <edu id="e4" lang="ru" trans="google">Если человек теряет источник дохода, их собаки могут страдать и не получать адекватную помощь.</edu>
  <edu id="e4" lang="ru" trans="yandex">Если человек теряет источник дохода, то их собаки могут страдать и не получать надлежащего ухода.</edu>
  <edu id="e5" lang="en">Treating a dog on par with family members is a very unwise choice</edu>
  <edu id="e5" lang="ru" trans="promt">Рассмотрение собаки наравне с членами семьи является очень неблагоразумным выбором</edu>
  <edu id="e5" lang="ru" trans="google">Лечение собаки наравне с членами семьи - очень неразумный выбор</edu>
  <edu id="e5" lang="ru" trans="yandex">Лечить собаку на равне с членами семьи является очень неразумно выбор</edu>
  <edu id="e6" lang="en">because we never know what will happen in the future.</edu>
  <edu id="e6" lang="ru" trans="promt">потому что мы никогда не знаем то, что произойдет в будущем.</edu>
  <edu id="e6" lang="ru" trans="google">потому что мы никогда не знаем, что произойдет в будущем.</edu>
  <edu id="e6" lang="ru" trans="yandex">потому что мы никогда не знаем, что произойдет в будущем.</edu>
  <adu id="a1" type="pro"/>
  <adu id="a2" type="pro"/>
  <adu id="a3" type="pro"/>
  <adu id="a4" type="pro"/>
  <adu id="a5" type="pro"/>
  <adu id="a6" type="pro"/>
  <edge id="c6" src="e1" trg="a1" type="seg"/>
  <edge id="c7" src="e2" trg="a2" type="seg"/>
  <edge id="c8" src="e3" trg="a6" type="seg"/>
  <edge id="c9" src="e4" trg="a5" type="seg"/>
  <edge id="c10" src="e5" trg="a3" type="seg"/>
  <edge id="c11" src="e6" trg="a4" type="seg"/>
  <edge id="c1" src="a1" trg="a3" type="sup"/>
  <edge id="c2" src="a2" trg="a3" type="sup"/>
  <edge id="c3" src="a4" trg="a3" type="sup"/>
  <edge id="c4" src="a5" trg="a3" type="sup"/>
  <edge id="c5" src="a6" trg="a5" type="sup"/>
</arggraph>
