<?xml version='1.0' encoding='UTF-8'?>
<arggraph id="micro_c204">
  <edu id="e1" lang="en">Large families provide a wonderful life for children,</edu>
  <edu id="e1" lang="ru" trans="promt">Большие семьи предоставляют замечательную жизнь детям,</edu>
  <edu id="e1" lang="ru" trans="google">Большие семьи обеспечивают прекрасную жизнь для детей,</edu>
  <edu id="e1" lang="ru" trans="yandex">Многодетным семьям предоставляют прекрасную жизнь для детей,</edu>
  <edu id="e2" lang="en">because it usually means they have lots of brothers and sisters to play with.</edu>
  <edu id="e2" lang="ru" trans="promt">потому что это обычно означает, что у них есть много братьев и сестер, чтобы играть с.</edu>
  <edu id="e2" lang="ru" trans="google">потому что обычно это означает, что у них есть много братьев и сестер.</edu>
  <edu id="e2" lang="ru" trans="yandex">потому что это обычно означает, что у них много братьев и сестер, чтобы играть.</edu>
  <edu id="e3" lang="en">Parents don't live forever, and it can be very comforting to know you will have siblings that can still form a family with you.</edu>
  <edu id="e3" lang="ru" trans="promt">Родители не живут навсегда, и может быть очень утешительно знать, что у Вас будут родные братья, которые могут все еще сформировать семью с Вами.</edu>
  <edu id="e3" lang="ru" trans="google">Родители не живут вечно, и может быть очень приятно узнать, что у вас будут братья и сестры, которые все еще могут образовать семью с вами.</edu>
  <edu id="e3" lang="ru" trans="yandex">Родители не живут вечно, и это может быть очень приятно знать, что вы будете иметь братьев и сестер, которые все-таки могут образовать семью.</edu>
  <edu id="e4" lang="en">IF you don't get along as well with one or more siblings, you don't feel isolated because there are undoubtedly other siblings you can interact with.</edu>
  <edu id="e4" lang="ru" trans="promt">ЕСЛИ Вы не ладите также с одним или несколькими родными братьями, Вы не чувствуете себя изолированными, потому что есть, несомненно, другие родные братья, с которыми Вы можете взаимодействовать.</edu>
  <edu id="e4" lang="ru" trans="google">ЕСЛИ вы не ладите с одним или несколькими братьями и сестрами, вы не чувствуете себя изолированными, потому что есть, несомненно, другие братья и сестры, с которыми вы можете взаимодействовать.</edu>
  <edu id="e4" lang="ru" trans="yandex">Если вы не ладите с одним или более братьев и сестер, вы не чувствовали себя в изоляции, потому что есть несомненно другие братья и сестры вы можете взаимодействовать.</edu>
  <edu id="e5" lang="en">You could argue that children in large families don't receive as much one-on-one attention from their parents.</edu>
  <edu id="e5" lang="ru" trans="promt">Вы могли утверждать, что дети в больших семьях не получают столько же внимания один на один от своих родителей.</edu>
  <edu id="e5" lang="ru" trans="google">Вы можете утверждать, что дети в многодетных семьях не получают столько внимания от своих родителей, сколько внимания.</edu>
  <edu id="e5" lang="ru" trans="yandex">Вы можете возразить, что дети в многодетных семьях не получают столько один-на-один внимание от своих родителей.</edu>
  <edu id="e6" lang="en">However, many children who go to day care all day or just don't have very active parents have similar experiences,</edu>
  <edu id="e6" lang="ru" trans="promt">Однако многие дети, которые идут в дневной уход весь день или просто не сделали, чтобы у очень активных родителей были подобные события,</edu>
  <edu id="e6" lang="ru" trans="google">Тем не менее, многие дети, которые ходят в дневной уход весь день или просто не имеют очень активных родителей, имеют аналогичный опыт,</edu>
  <edu id="e6" lang="ru" trans="yandex">Однако, многие дети, которые ходят в ясли на весь день или просто не очень активные родители есть подобный опыт,</edu>
  <edu id="e7" lang="en">and with a larger family love could come from other sources than just the parents.</edu>
  <edu id="e7" lang="ru" trans="promt">и с более многочисленной семьей любовь могла прибыть из других источников, чем просто родители.</edu>
  <edu id="e7" lang="ru" trans="google">и с большой семейной любовью могут исходить из других источников, нежели от родителей.</edu>
  <edu id="e7" lang="ru" trans="yandex">и с большой семьи любовь может прийти из других источников, чем просто родители.</edu>
  <adu id="a1" type="pro"/>
  <adu id="a2" type="pro"/>
  <adu id="a3" type="pro"/>
  <adu id="a4" type="pro"/>
  <adu id="a5" type="opp"/>
  <adu id="a6" type="pro"/>
  <adu id="a7" type="pro"/>
  <edge id="c7" src="e1" trg="a1" type="seg"/>
  <edge id="c8" src="e2" trg="a2" type="seg"/>
  <edge id="c9" src="e3" trg="a3" type="seg"/>
  <edge id="c10" src="e4" trg="a4" type="seg"/>
  <edge id="c11" src="e5" trg="a5" type="seg"/>
  <edge id="c12" src="e6" trg="a6" type="seg"/>
  <edge id="c13" src="e7" trg="a7" type="seg"/>
  <edge id="c1" src="a2" trg="a1" type="sup"/>
  <edge id="c2" src="a3" trg="a1" type="sup"/>
  <edge id="c3" src="a4" trg="a1" type="sup"/>
  <edge id="c4" src="a5" trg="a1" type="reb"/>
  <edge id="c5" src="a6" trg="c4" type="und"/>
  <edge id="c6" src="a7" trg="c4" type="und"/>
</arggraph>
