<?xml version='1.0' encoding='UTF-8'?>
<arggraph id="micro_c124">
  <edu id="e1" lang="en">There is no way to handle nuclear waste responsibly.</edu>
  <edu id="e1" lang="ru" trans="promt">Нет никакого способа обращаться с ядерными отходами ответственно.</edu>
  <edu id="e1" lang="ru" trans="google">Невозможно обращаться с ядерными отходами ответственно.</edu>
  <edu id="e1" lang="ru" trans="yandex">Нет никакого способа, чтобы справиться ответственно ядерных отходов.</edu>
  <edu id="e2" lang="en">It is toxic</edu>
  <edu id="e2" lang="ru" trans="promt">Это токсично</edu>
  <edu id="e2" lang="ru" trans="google">Он токсичен</edu>
  <edu id="e2" lang="ru" trans="yandex">Он является токсичным</edu>
  <edu id="e3" lang="en">and no matter what care is taken, there is a risk.</edu>
  <edu id="e3" lang="ru" trans="promt">и неважно какую заботу соблюдают, есть риск.</edu>
  <edu id="e3" lang="ru" trans="google">и независимо от того, какая осторожность принимается, существует риск.</edu>
  <edu id="e3" lang="ru" trans="yandex">и неважно, что будут приняты меры, существует риск.</edu>
  <edu id="e4" lang="en">No matter where the waste ends up it will still effect the earth and its resources for years to come</edu>
  <edu id="e4" lang="ru" trans="promt">Неважно, где отходы заканчиваются, они все еще произведут землю и ее ресурсы в течение многих последующих лет</edu>
  <edu id="e4" lang="ru" trans="google">Независимо от того, где закончится эта трата, она все равно будет воздействовать на землю и ее ресурсы на долгие годы</edu>
  <edu id="e4" lang="ru" trans="yandex">Независимо от того, где отход заканчивается она по-прежнему влияние Земли и ее ресурсов на долгие годы</edu>
  <adu id="a1" type="pro"/>
  <adu id="a2" type="pro"/>
  <adu id="a3" type="pro"/>
  <adu id="a4" type="pro"/>
  <edge id="c4" src="e1" trg="a1" type="seg"/>
  <edge id="c5" src="e2" trg="a2" type="seg"/>
  <edge id="c6" src="e3" trg="a3" type="seg"/>
  <edge id="c7" src="e4" trg="a4" type="seg"/>
  <edge id="c1" src="a2" trg="a3" type="sup"/>
  <edge id="c2" src="a3" trg="a1" type="sup"/>
  <edge id="c3" src="a4" trg="a1" type="sup"/>
</arggraph>
