<?xml version='1.0' encoding='UTF-8'?>
<arggraph id="micro_c038">
  <edu id="e1" lang="en">When you spend your time watching unrealistic romantic movies, you start thinking it's reality.</edu>
  <edu id="e1" lang="ru" trans="promt">Когда Вы проводите свое время, смотря нереалистичные романтичные кино, Вы начинаете думать, что это - действительность.</edu>
  <edu id="e1" lang="ru" trans="google">Когда вы тратите свое время на просмотр нереалистичных романтических фильмов, вы начинаете думать, что это реальность.</edu>
  <edu id="e1" lang="ru" trans="yandex">Когда вы проводите свое время, наблюдая за нереальные романтические фильмы, начинаешь думать, что реальность это.</edu>
  <edu id="e2" lang="en">You begin to resent your partner for not behaving the way they do in the movies. Women are especially prone to this.</edu>
  <edu id="e2" lang="ru" trans="promt">Вы начинаете негодовать на своего партнера за то, что он не вел себя способ, которым они делают в фильмах. Женщины особенно подвержены этому.</edu>
  <edu id="e2" lang="ru" trans="google">Вы начинаете возмущаться своим партнером, чтобы не вести себя так, как в кино. Женщины особенно склонны к этому.</edu>
  <edu id="e2" lang="ru" trans="yandex">Ты начинаешь возмущаться ваш партнер не ведет себя так, как они делают в кино. Женщины особенно склонны к этому.</edu>
  <edu id="e3" lang="en">One could argue that it's just a movie and you shouldn't let it affect your life.</edu>
  <edu id="e3" lang="ru" trans="promt">Можно было утверждать, что это - просто фильм, и Вы не должны позволять ему затронуть Вашу жизнь.</edu>
  <edu id="e3" lang="ru" trans="google">Можно утверждать, что это просто фильм, и вы не должны позволять ему влиять на вашу жизнь.</edu>
  <edu id="e3" lang="ru" trans="yandex">Можно утверждать, что это просто фильм и вы не должны позволить этому повлиять на вашу жизнь.</edu>
  <edu id="e4" lang="en">However, people can't always distinguish between the two.</edu>
  <edu id="e4" lang="ru" trans="promt">Однако люди не могут всегда различать два.</edu>
  <edu id="e4" lang="ru" trans="google">Однако люди не всегда могут различать их.</edu>
  <edu id="e4" lang="ru" trans="yandex">Тем не менее, люди не всегда могут отличить одно от другого.</edu>
  <edu id="e5" implicit="true" lang="en">Yes, the expectations raised by romantic movies are damaging to real relationships.</edu>
  <edu id="e5" lang="ru" trans="promt">Да, ожидания, повышенные романтичными фильмами, наносят ущерб реальным отношениям.</edu>
  <edu id="e5" lang="ru" trans="google">Да, ожидания, связанные с романтическими фильмами, наносят ущерб реальным отношениям.</edu>
  <edu id="e5" lang="ru" trans="yandex">Да, ожидания, порожденные романтические фильмы вредны для реальных отношений.</edu>
  <adu id="a1" type="pro"/>
  <adu id="a2" type="opp"/>
  <adu id="a3" type="pro"/>
  <adu id="a4" type="pro"/>
  <adu id="a5" type="pro"/>
  <edge id="c5" src="e1" trg="a3" type="seg"/>
  <edge id="c6" src="e2" trg="a4" type="seg"/>
  <edge id="c7" src="e3" trg="a2" type="seg"/>
  <edge id="c8" src="e4" trg="a5" type="seg"/>
  <edge id="c9" src="e5" trg="a1" type="seg"/>
  <edge id="c1" src="a2" trg="c3" type="und"/>
  <edge id="c2" src="a3" trg="a4" type="sup"/>
  <edge id="c3" src="a4" trg="a1" type="sup"/>
  <edge id="c4" src="a5" trg="c1" type="und"/>
</arggraph>
