<?xml version='1.0' encoding='UTF-8'?>
<arggraph id="micro_c081">
  <edu id="e1" lang="en">Being a vegetarian or vegan helps the environment</edu>
  <edu id="e1" lang="ru" trans="promt">Быть вегетарианцем или веганом помогает окружающей среде</edu>
  <edu id="e1" lang="ru" trans="google">Быть вегетарианцем или веганом помогает окружающей среде</edu>
  <edu id="e1" lang="ru" trans="yandex">Будучи вегетарианцем или веганом помогает окружающей среде</edu>
  <edu id="e2" lang="en">by using less resources.</edu>
  <edu id="e2" lang="ru" trans="promt">при помощи меньшего количества ресурсов.</edu>
  <edu id="e2" lang="ru" trans="google">используя меньше ресурсов.</edu>
  <edu id="e2" lang="ru" trans="yandex">используя меньше ресурсов.</edu>
  <edu id="e3" lang="en">For example, the production of meat use more resources in terms of cattle feed, energy, and human labor.</edu>
  <edu id="e3" lang="ru" trans="promt">Например, производство мяса используют больше ресурсов с точки зрения корма для коров, энергии и человеческого труда.</edu>
  <edu id="e3" lang="ru" trans="google">Например, производство мяса использует больше ресурсов с точки зрения скота, энергии и человеческого труда.</edu>
  <edu id="e3" lang="ru" trans="yandex">Например, производство мяса использовать больше ресурсов в плане корма для скота, энергии и человеческого труда.</edu>
  <edu id="e4" lang="en">Harvesting  vegetables will reduce waste.</edu>
  <edu id="e4" lang="ru" trans="promt">Сбор урожая овощей уменьшит отходы.</edu>
  <edu id="e4" lang="ru" trans="google">Уборка овощей сократит количество отходов.</edu>
  <edu id="e4" lang="ru" trans="yandex">Уборка урожая овощей позволит сократить отходы.</edu>
  <edu id="e5" lang="en">The proper crops will also feed more people.</edu>
  <edu id="e5" lang="ru" trans="promt">Надлежащие зерновые культуры также накормят больше людей.</edu>
  <edu id="e5" lang="ru" trans="google">Надлежащие посевы будут также кормить больше людей.</edu>
  <edu id="e5" lang="ru" trans="yandex">Правильное культур также будет кормить больше людей.</edu>
  <edu id="e6" lang="en">However, being vegetarian requires more vigilance in terms of sufficient vitamins, which meat eaters need not concern.</edu>
  <edu id="e6" lang="ru" trans="promt">Однако быть вегетарианским требует большей бдительности с точки зрения достаточных витаминов, которых не должны касаться едоки мяса.</edu>
  <edu id="e6" lang="ru" trans="google">Тем не менее, вегетарианец требует большей бдительности с точки зрения достаточных витаминов, которые не должны беспокоить мясные едоки.</edu>
  <edu id="e6" lang="ru" trans="yandex">Тем не менее, быть вегетарианцем требует больше бдительности в условиях достаточного количества витаминов, которые мясоедов не должна волновать.</edu>
  <edu id="e7" lang="en">Overall, being vegetarian is easier on the environment</edu>
  <edu id="e7" lang="ru" trans="promt">В целом, быть вегетарианским легче на окружающей среде</edu>
  <edu id="e7" lang="ru" trans="google">В целом, вегетарианство проще в окружающей среде</edu>
  <edu id="e7" lang="ru" trans="yandex">В целом, быть вегетарианцем легче на окружающую среду</edu>
  <edu id="e8" lang="en">because production of fruit, vegetables and grain relieve strain on resources</edu>
  <edu id="e8" lang="ru" trans="promt">потому что производство фруктов, овощей и зерна уменьшает напряжение на ресурсы</edu>
  <edu id="e8" lang="ru" trans="google">потому что производство фруктов, овощей и зерна снимает нагрузку на ресурсы</edu>
  <edu id="e8" lang="ru" trans="yandex">потому что производство фруктов, овощей и зерна облегчить нагрузку на ресурсы</edu>
  <edu id="e9" lang="en">and is a healthier life style.</edu>
  <edu id="e9" lang="ru" trans="promt">и более здоровый образ жизни.</edu>
  <edu id="e9" lang="ru" trans="google">и это более здоровый образ жизни.</edu>
  <edu id="e9" lang="ru" trans="yandex">и это здоровый образ жизни.</edu>
  <adu id="a1" type="pro"/>
  <adu id="a2" type="pro"/>
  <adu id="a3" type="pro"/>
  <adu id="a4" type="pro"/>
  <adu id="a5" type="pro"/>
  <adu id="a6" type="opp"/>
  <adu id="a7" type="pro"/>
  <edge id="c7" src="e1" trg="a1" type="seg"/>
  <edge id="c8" src="e2" trg="a2" type="seg"/>
  <edge id="c9" src="e3" trg="a3" type="seg"/>
  <edge id="c10" src="e4" trg="a4" type="seg"/>
  <edge id="c11" src="e5" trg="a5" type="seg"/>
  <edge id="c12" src="e6" trg="a6" type="seg"/>
  <edge id="c13" src="e7" trg="a1" type="seg"/>
  <edge id="c14" src="e8" trg="a2" type="seg"/>
  <edge id="c15" src="e9" trg="a7" type="seg"/>
  <edge id="c1" src="a2" trg="a1" type="sup"/>
  <edge id="c2" src="a3" trg="a2" type="exa"/>
  <edge id="c3" src="a4" trg="a1" type="sup"/>
  <edge id="c4" src="a5" trg="a1" type="sup"/>
  <edge id="c5" src="a6" trg="a1" type="reb"/>
  <edge id="c6" src="a7" trg="a1" type="sup"/>
</arggraph>
