<?xml version='1.0' encoding='UTF-8'?>
<arggraph id="micro_c037">
  <edu id="e1" lang="en">I do not believe movies have any effect on relationships.</edu>
  <edu id="e1" lang="ru" trans="promt">Я не полагаю, что фильмы имеют любой эффект на отношения.</edu>
  <edu id="e1" lang="ru" trans="google">Я не думаю, что фильмы влияют на отношения.</edu>
  <edu id="e1" lang="ru" trans="yandex">Я не верю, что фильмы влияют на отношения.</edu>
  <edu id="e2" lang="en">If one blamed a movie for their relationship problems, they are in denial about issues that are already there.</edu>
  <edu id="e2" lang="ru" trans="promt">Если Вы обвинили фильм в их проблемах в отношениях, они находятся в опровержении о проблемах, которые уже являются там.</edu>
  <edu id="e2" lang="ru" trans="google">Если кто-то обвинил фильм в проблемах отношений, они отрицают проблемы, которые уже существуют.</edu>
  <edu id="e2" lang="ru" trans="yandex">Если кого обвинят в кино за свои проблемы в отношениях, они идут в отказ о проблемах, которые уже есть.</edu>
  <edu id="e3" lang="en">Movies are an escape</edu>
  <edu id="e3" lang="ru" trans="promt">Фильмы - спасение</edu>
  <edu id="e3" lang="ru" trans="google">Фильмы - побег</edu>
  <edu id="e3" lang="ru" trans="yandex">Фильмы Побег</edu>
  <edu id="e4" lang="en">and most people know things are sugar coated and not like real life in most cases.</edu>
  <edu id="e4" lang="ru" trans="promt">и большинство людей знает, что вещи - покрытый сахар и не как реальная жизнь в большинстве случаев.</edu>
  <edu id="e4" lang="ru" trans="google">и большинство людей знают, что в большинстве случаев вещи покрыты сахаром, а не как реальная жизнь.</edu>
  <edu id="e4" lang="ru" trans="yandex">и большинство людей знают, вещи покрыты сахаром, а не как в реальной жизни в большинстве случаев.</edu>
  <adu id="a1" type="pro"/>
  <adu id="a2" type="pro"/>
  <adu id="a3" type="pro"/>
  <adu id="a4" type="pro"/>
  <edge id="c4" src="e1" trg="a1" type="seg"/>
  <edge id="c5" src="e2" trg="a2" type="seg"/>
  <edge id="c6" src="e3" trg="a3" type="seg"/>
  <edge id="c7" src="e4" trg="a4" type="seg"/>
  <edge id="c1" src="a2" trg="a1" type="sup"/>
  <edge id="c2" src="a3" trg="a1" type="sup"/>
  <edge id="c3" src="a4" trg="c2" type="add"/>
</arggraph>
