<?xml version='1.0' encoding='UTF-8'?>
<arggraph id="micro_c001">
  <edu id="e1" lang="en">Hunting is good for the environment</edu>
  <edu id="e1" lang="ru" trans="promt">Охота хороша для окружающей среды</edu>
  <edu id="e1" lang="ru" trans="google">Охота хороша для окружающей среды</edu>
  <edu id="e1" lang="ru" trans="yandex">Охота это хорошо для окружающей среды</edu>
  <edu id="e2" lang="en">because overpopulated species can be thinned out.</edu>
  <edu id="e2" lang="ru" trans="promt">потому что перенаселенные разновидности могут быть сокращены.</edu>
  <edu id="e2" lang="ru" trans="google">потому что перенаселенные виды могут быть истощены.</edu>
  <edu id="e2" lang="ru" trans="yandex">потому что перенаселена видов может быть поредели.</edu>
  <edu id="e3" lang="en">Getting rid of an overpopulation enables the smaller animals in the food chain to grow.</edu>
  <edu id="e3" lang="ru" trans="promt">Избавление от перенаселенности позволяет меньшим животным в пищевой цепи вырасти.</edu>
  <edu id="e3" lang="ru" trans="google">Избавление от перенаселения позволяет меньшим животным в пищевой цепи расти.</edu>
  <edu id="e3" lang="ru" trans="yandex">Избавление от перенаселения позволяет более мелких животных в пищевой цепи, чтобы расти.</edu>
  <edu id="e4" lang="en">It also allows for nature to take back the woods and grasslands, which will also enable other wildlife to grow.</edu>
  <edu id="e4" lang="ru" trans="promt">Это также позволяет, чтобы природа забрала леса и поля, которые также позволят другой дикой природе вырасти.</edu>
  <edu id="e4" lang="ru" trans="google">Это также позволяет природе забирать леса и луга, что также позволит другим животным животным расти.</edu>
  <edu id="e4" lang="ru" trans="yandex">Она также позволяет для природы вернуть в леса и степи, что также поможет и другим животным, вырастет.</edu>
  <edu id="e5" lang="en">Some people may object to hunting on the basis of humane treatment of animals.</edu>
  <edu id="e5" lang="ru" trans="promt">Некоторые люди могут возразить против охоты на основе гуманного обращения животных.</edu>
  <edu id="e5" lang="ru" trans="google">Некоторые люди могут возражать против охоты на основе гуманного обращения с животными.</edu>
  <edu id="e5" lang="ru" trans="yandex">Некоторые люди могут возражать против охоты на основе гуманного отношения к животным.</edu>
  <edu id="e6" lang="en">Animals do not necessarily feel pain as we do,</edu>
  <edu id="e6" lang="ru" trans="promt">Животные не обязательно чувствуют боль, как мы делаем,</edu>
  <edu id="e6" lang="ru" trans="google">Животные не обязательно чувствуют боль, как мы,</edu>
  <edu id="e6" lang="ru" trans="yandex">Животные не всегда чувствуют боль как и мы,</edu>
  <edu id="e7" lang="en">and if there are not enough resources to sustain an overpopulation, then a quick bullet or arrow is better than slow starvation.</edu>
  <edu id="e7" lang="ru" trans="promt">и если есть недостаточно ресурсов, чтобы выдержать перенаселенность, то быстрая пуля или стрела лучше, чем медленное голодание.</edu>
  <edu id="e7" lang="ru" trans="google">и если ресурсов недостаточно для поддержания перенаселения, то быстрый пуля или стрела лучше, чем медленное голодание.</edu>
  <edu id="e7" lang="ru" trans="yandex">и если у вас не хватает ресурсов для поддержания перенаселения, а затем быстрая пуля или Стрела лучше, чем медленная голодная смерть.</edu>
  <adu id="a1" type="pro"/>
  <adu id="a2" type="pro"/>
  <adu id="a3" type="pro"/>
  <adu id="a4" type="pro"/>
  <adu id="a5" type="opp"/>
  <adu id="a6" type="pro"/>
  <adu id="a7" type="pro"/>
  <edge id="c7" src="e1" trg="a1" type="seg"/>
  <edge id="c8" src="e2" trg="a2" type="seg"/>
  <edge id="c9" src="e3" trg="a3" type="seg"/>
  <edge id="c10" src="e4" trg="a4" type="seg"/>
  <edge id="c11" src="e5" trg="a5" type="seg"/>
  <edge id="c12" src="e6" trg="a6" type="seg"/>
  <edge id="c13" src="e7" trg="a7" type="seg"/>
  <edge id="c1" src="a2" trg="a1" type="sup"/>
  <edge id="c2" src="a3" trg="a2" type="sup"/>
  <edge id="c3" src="a4" trg="a2" type="sup"/>
  <edge id="c4" src="a5" trg="a1" type="reb"/>
  <edge id="c5" src="a6" trg="a5" type="reb"/>
  <edge id="c6" src="a7" trg="a5" type="reb"/>
</arggraph>
