<?xml version='1.0' encoding='UTF-8'?>
<arggraph id="micro_c129">
  <edu id="e1" lang="en">Yes there is a chance to handle nuclear waste responsibly.</edu>
  <edu id="e1" lang="ru" trans="promt">Да есть шанс обращаться с ядерными отходами ответственно.</edu>
  <edu id="e1" lang="ru" trans="google">Да, есть возможность ответственно обращаться с ядерными отходами.</edu>
  <edu id="e1" lang="ru" trans="yandex">Да есть шанс справиться ответственно ядерных отходов.</edu>
  <edu id="e2" lang="en">By storing the waste in carefully isolated facilities the danger can be minimized.</edu>
  <edu id="e2" lang="ru" trans="promt">Храня отходы в тщательно изолированных средствах опасность может быть минимизирована.</edu>
  <edu id="e2" lang="ru" trans="google">Сохраняя отходы в тщательно изолированных помещениях, опасность может быть сведена к минимуму.</edu>
  <edu id="e2" lang="ru" trans="yandex">Хранение отходов в тщательно изолированных объектов, опасность можно свести к минимуму.</edu>
  <edu id="e3" lang="en">Investing in reactors that can run on nuclear waste is also an option.</edu>
  <edu id="e3" lang="ru" trans="promt">Инвестирование в реакторы, которые могут работать на ядерных отходах, является также выбором.</edu>
  <edu id="e3" lang="ru" trans="google">Инвестирование в реакторы, которые могут работать на ядерных отходах, также является вариантом.</edu>
  <edu id="e3" lang="ru" trans="yandex">Инвестирование в реакторах, которые могут работать на ядерных отходах-это тоже вариант.</edu>
  <adu id="a1" type="pro"/>
  <adu id="a2" type="pro"/>
  <adu id="a3" type="pro"/>
  <edge id="c3" src="e1" trg="a1" type="seg"/>
  <edge id="c4" src="e2" trg="a2" type="seg"/>
  <edge id="c5" src="e3" trg="a3" type="seg"/>
  <edge id="c1" src="a2" trg="a1" type="sup"/>
  <edge id="c2" src="a3" trg="a1" type="sup"/>
</arggraph>
