<?xml version='1.0' encoding='UTF-8'?>
<arggraph id="micro_c113">
  <edu id="e1" lang="en">Smart watches won't replace cell phones.</edu>
  <edu id="e1" lang="ru" trans="promt">Умные часы не заменят сотовые телефоны.</edu>
  <edu id="e1" lang="ru" trans="google">Смарт-часы не заменят сотовые телефоны.</edu>
  <edu id="e1" lang="ru" trans="yandex">Умные часы не заменят мобильные телефоны.</edu>
  <edu id="e2" lang="en">I think they are a great component to pair with a smart phone.</edu>
  <edu id="e2" lang="ru" trans="promt">Я думаю, что они - большой компонент, чтобы соединиться со смартфоном.</edu>
  <edu id="e2" lang="ru" trans="google">Я думаю, что они отличный компонент для общения с смартфоном.</edu>
  <edu id="e2" lang="ru" trans="yandex">Я думаю, что они являются отличным компонентом в паре с Смарт-телефона.</edu>
  <edu id="e3" lang="en">But for someone like me who has really bad eye, you can't see the smaller text.</edu>
  <edu id="e3" lang="ru" trans="promt">Но для кого-то как я, у кого действительно больной глаз, Вы не видите меньший текст.</edu>
  <edu id="e3" lang="ru" trans="google">Но для кого-то вроде меня, у которого действительно плохое зрение, вы не можете видеть меньший текст.</edu>
  <edu id="e3" lang="ru" trans="yandex">Но для кого-то вроде меня, кто действительно плохой глаз, вы не можете видеть мелкий текст.</edu>
  <edu id="e4" lang="en">Or, for someone who is clumsy like myself and is always bumping into things, the watch is destined to break.</edu>
  <edu id="e4" lang="ru" trans="promt">Или, для кого-то, кто неуклюж как я и всегда врезается в вещи, часы предназначены, чтобы сломаться.</edu>
  <edu id="e4" lang="ru" trans="google">Или, для кого-то, кто неуклюжий, как я и всегда натыкается на вещи, часы суждено разбить.</edu>
  <edu id="e4" lang="ru" trans="yandex">Или, для кого-то неуклюжий, как я, и всегда натыкаясь на вещи, часы суждено разбиться.</edu>
  <adu id="a1" type="pro"/>
  <adu id="a2" type="opp"/>
  <adu id="a3" type="pro"/>
  <adu id="a4" type="pro"/>
  <edge id="c4" src="e1" trg="a1" type="seg"/>
  <edge id="c5" src="e2" trg="a2" type="seg"/>
  <edge id="c6" src="e3" trg="a3" type="seg"/>
  <edge id="c7" src="e4" trg="a4" type="seg"/>
  <edge id="c1" src="a2" trg="a1" type="reb"/>
  <edge id="c2" src="a3" trg="c1" type="und"/>
  <edge id="c3" src="a4" trg="c1" type="und"/>
</arggraph>
