<?xml version='1.0' encoding='UTF-8'?>
<arggraph id="micro_c048">
  <edu id="e1" lang="en">Car drivers should be prohibited from using cell phones while driving</edu>
  <edu id="e1" lang="ru" trans="promt">Водителям нужно мешать использовать сотовые телефоны, ездя</edu>
  <edu id="e1" lang="ru" trans="google">Водителям следует запретить использование сотовых телефонов во время вождения</edu>
  <edu id="e1" lang="ru" trans="yandex">Водители, должно быть запрещено использование сотовых телефонов во время вождения</edu>
  <edu id="e2" lang="en">because their full attention should be on the road and any potential hazards.</edu>
  <edu id="e2" lang="ru" trans="promt">потому что их полное внимание должно быть на дороге и любых потенциальных опасностях.</edu>
  <edu id="e2" lang="ru" trans="google">потому что их полное внимание должно быть в дороге и любой потенциальной опасности.</edu>
  <edu id="e2" lang="ru" trans="yandex">потому что их внимание должно быть на дороге и возможных опасностях.</edu>
  <edu id="e3" lang="en">If people talk are holding onto a phone while steering, this limits their ability to control their vehicle.</edu>
  <edu id="e3" lang="ru" trans="promt">Если люди говорят, держатся на телефон, держась, это ограничивает их способность управлять их транспортным средством.</edu>
  <edu id="e3" lang="ru" trans="google">Если люди разговаривают, держатся за телефон во время рулевого управления, это ограничивает их способность контролировать свой автомобиль.</edu>
  <edu id="e3" lang="ru" trans="yandex">Если люди говорят, держат на ура, это ограничивает их способность контролировать свое транспортное средство.</edu>
  <edu id="e4" lang="en">A vehicle can be a lethal weapon if used carelessly.</edu>
  <edu id="e4" lang="ru" trans="promt">Транспортное средство может быть смертельным оружием, если используется небрежно.</edu>
  <edu id="e4" lang="ru" trans="google">Транспортное средство может быть смертельным оружием, если оно используется небрежно.</edu>
  <edu id="e4" lang="ru" trans="yandex">Транспортное средство может быть смертоносным оружием, если используются небрежно.</edu>
  <edu id="e5" lang="en">Some may say that just talking in a car while driving is a distraction, even without holding a cell phone;</edu>
  <edu id="e5" lang="ru" trans="promt">Некоторые могут сказать, что, просто говоря в автомобиле, в то время как вождение - отвлечение, даже не держа сотовый телефон;</edu>
  <edu id="e5" lang="ru" trans="google">Некоторые могут сказать, что просто разговаривать в машине во время вождения - это отвлечение, даже не удерживая мобильный телефон;</edu>
  <edu id="e5" lang="ru" trans="yandex">Некоторые могут сказать, что просто разговаривать в автомобиле во время вождения отвлекает, даже не держа мобильный телефон;</edu>
  <edu id="e6" lang="en">however, anything that helps keep a driver's attention on driving, is a positive.</edu>
  <edu id="e6" lang="ru" trans="promt">однако, что-либо, что помогает держать внимание водителя на вождение, является положительным.</edu>
  <edu id="e6" lang="ru" trans="google">однако все, что помогает держать водителя во внимание вождения, является положительным.</edu>
  <edu id="e6" lang="ru" trans="yandex">однако, все, что помогает удерживать внимание водителя на вождении, является позитивным.</edu>
  <edu id="e7" lang="en">Not allowing driver to talk on their cell phones will prevent many accidents and tragedies.</edu>
  <edu id="e7" lang="ru" trans="promt">Разрешение водителю говорить по их сотовым телефонам предотвратит много несчастных случаев и трагедий.</edu>
  <edu id="e7" lang="ru" trans="google">Не позволяя водителю разговаривать на своих сотовых телефонах, это предотвратит многие несчастные случаи и трагедии.</edu>
  <edu id="e7" lang="ru" trans="yandex">Не позволяет водителю разговаривать на их мобильные телефоны будет предотвратить много несчастных случаев и трагедий.</edu>
  <adu id="a1" type="pro"/>
  <adu id="a2" type="pro"/>
  <adu id="a3" type="pro"/>
  <adu id="a4" type="pro"/>
  <adu id="a5" type="opp"/>
  <adu id="a6" type="pro"/>
  <adu id="a7" type="pro"/>
  <edge id="c7" src="e1" trg="a1" type="seg"/>
  <edge id="c8" src="e2" trg="a3" type="seg"/>
  <edge id="c9" src="e3" trg="a4" type="seg"/>
  <edge id="c10" src="e4" trg="a2" type="seg"/>
  <edge id="c11" src="e5" trg="a5" type="seg"/>
  <edge id="c12" src="e6" trg="a6" type="seg"/>
  <edge id="c13" src="e7" trg="a7" type="seg"/>
  <edge id="c1" src="a2" trg="a1" type="sup"/>
  <edge id="c2" src="a3" trg="a2" type="sup"/>
  <edge id="c3" src="a4" trg="c2" type="add"/>
  <edge id="c4" src="a5" trg="a1" type="reb"/>
  <edge id="c5" src="a6" trg="c4" type="und"/>
  <edge id="c6" src="a7" trg="a1" type="sup"/>
</arggraph>
