<?xml version='1.0' encoding='UTF-8'?>
<arggraph id="micro_c044">
  <edu id="e1" lang="en">I believe that recycling does indeed make a big difference.</edu>
  <edu id="e1" lang="ru" trans="promt">Я полагаю, что переработка действительно имеет большое значение.</edu>
  <edu id="e1" lang="ru" trans="google">Я считаю, что переработка действительно имеет большое значение.</edu>
  <edu id="e1" lang="ru" trans="yandex">Я считаю, что обработка действительно делает большой разницы.</edu>
  <edu id="e2" lang="en">When we recycle we are making less trash that winds up in our landfills.</edu>
  <edu id="e2" lang="ru" trans="promt">Когда мы перерабатываем, мы делаем меньше мусора, который заканчивается в нашем закапывании мусора.</edu>
  <edu id="e2" lang="ru" trans="google">Когда мы перерабатываем, мы делаем меньше мусора, который заканчивается на наших полигонах.</edu>
  <edu id="e2" lang="ru" trans="yandex">Когда мы перерабатываем мы делаем меньше мусора, что попадает в наши свалки.</edu>
  <edu id="e3" lang="en">There are many benefits to recycling,</edu>
  <edu id="e3" lang="ru" trans="promt">Есть много выгод для переработки,</edu>
  <edu id="e3" lang="ru" trans="google">Есть много преимуществ для переработки,</edu>
  <edu id="e3" lang="ru" trans="yandex">Есть много преимуществ для переработки,</edu>
  <edu id="e4" lang="en">one being we are using less energy by recycling then we use by producing new items.</edu>
  <edu id="e4" lang="ru" trans="promt">один являющийся мы используем меньше энергии, перерабатывая тогда, мы используем, производя новые пункты.</edu>
  <edu id="e4" lang="ru" trans="google">один из которых мы используем меньше энергии за счет рециркуляции, а затем используем новые продукты.</edu>
  <edu id="e4" lang="ru" trans="yandex">один из которых мы используем меньше энергии путем переработки мы используем при изготовлении нового изделия.</edu>
  <edu id="e5" lang="en">It also makes people feel like they are really making an impact on the environment by doing something that is very easy and doesn't take much time to do.</edu>
  <edu id="e5" lang="ru" trans="promt">Это также заставляет людей чувствовать, что они действительно оказывают влияние на окружающую среду, делая что-то, что очень легко и не занимает время, чтобы сделать.</edu>
  <edu id="e5" lang="ru" trans="google">Это также заставляет людей чувствовать, что они действительно влияют на окружающую среду, делая что-то очень простое и не занимает много времени.</edu>
  <edu id="e5" lang="ru" trans="yandex">Это также заставляет людей чувствовать, что они действительно делают воздействие на окружающую среду, делая что-то, что очень легко и не займет много времени, чтобы сделать.</edu>
  <edu id="e6" lang="en">I really don't see any downside to recycling.</edu>
  <edu id="e6" lang="ru" trans="promt">Я действительно не вижу оборотной стороны к переработке.</edu>
  <edu id="e6" lang="ru" trans="google">Я действительно не вижу недостатка в переработке.</edu>
  <edu id="e6" lang="ru" trans="yandex">Я действительно не вижу ни одного минуса для переработки.</edu>
  <edu id="e7" lang="en">One should always try to reuse, reduce and recycle anything that they can.</edu>
  <edu id="e7" lang="ru" trans="promt">Нужно всегда пытаться снова использовать, уменьшить и переработать что-либо, что они могут.</edu>
  <edu id="e7" lang="ru" trans="google">Всегда следует пытаться повторно использовать, сокращать и перерабатывать все, что может.</edu>
  <edu id="e7" lang="ru" trans="yandex">Один всегда должен пытаться повторно использовать, сокращать и перерабатывать все, что они могут.</edu>
  <adu id="a1" type="pro"/>
  <adu id="a2" type="pro"/>
  <adu id="a3" type="pro"/>
  <adu id="a4" type="pro"/>
  <adu id="a5" type="pro"/>
  <adu id="a6" type="pro"/>
  <edge id="c6" src="e1" trg="a1" type="seg"/>
  <edge id="c7" src="e2" trg="a2" type="seg"/>
  <edge id="c8" src="e3" trg="a3" type="seg"/>
  <edge id="c9" src="e4" trg="a6" type="seg"/>
  <edge id="c10" src="e5" trg="a4" type="seg"/>
  <edge id="c11" src="e6" trg="a5" type="seg"/>
  <edge id="c12" src="e7" trg="a1" type="seg"/>
  <edge id="c1" src="a2" trg="a1" type="sup"/>
  <edge id="c2" src="a3" trg="a1" type="sup"/>
  <edge id="c3" src="a4" trg="a3" type="exa"/>
  <edge id="c4" src="a5" trg="a1" type="sup"/>
  <edge id="c5" src="a6" trg="a3" type="exa"/>
</arggraph>
