<?xml version='1.0' encoding='UTF-8'?>
<arggraph id="micro_c096">
  <edu id="e1" lang="en">Most studies show that LED lights tend to consume less energy for the same amount of light emitted.</edu>
  <edu id="e1" lang="ru" trans="promt">Большинство исследований показывает, что светодиодные индикаторы имеют тенденцию расходовать меньше энергии для той же суммы излучаемого света.</edu>
  <edu id="e1" lang="ru" trans="google">Большинство исследований показывают, что светодиодные лампы имеют тенденцию потреблять меньше энергии для того же количества испускаемого света.</edu>
  <edu id="e1" lang="ru" trans="yandex">Большинство исследований показывают, что светодиодные фонари, как правило, потребляют меньше энергии при том же количестве излучаемого света.</edu>
  <edu id="e2" lang="en">They are generally considered to be much more efficient than incandescent light bulbs for example.</edu>
  <edu id="e2" lang="ru" trans="promt">Они обычно считаются намного более эффективными, чем лампы накаливания, например.</edu>
  <edu id="e2" lang="ru" trans="google">Например, они считаются гораздо более эффективными, чем лампы накаливания, например.</edu>
  <edu id="e2" lang="ru" trans="yandex">Они считаются гораздо более эффективными, чем лампы накаливания, например.</edu>
  <edu id="e3" lang="en">So it seems logical to think that LED lights would indeed make a difference, that is they would decrease, our energy consumption.</edu>
  <edu id="e3" lang="ru" trans="promt">Таким образом, кажется логичным думать, что светодиодные индикаторы действительно имели бы значение, которое является, они уменьшились бы, наше потребление энергии.</edu>
  <edu id="e3" lang="ru" trans="google">Поэтому логично думать, что светодиодные индикаторы действительно будут иметь значение, то есть они уменьшатся, наше потребление энергии.</edu>
  <edu id="e3" lang="ru" trans="yandex">Так что вполне логично думать, что светодиодные лампы действительно хотели изменить ситуацию, они могли бы уменьшить наше потребление энергии.</edu>
  <edu id="e4" lang="en">It might be argued that some people could end up using LED lights more heavily because knowing that they are less expensive to operate,</edu>
  <edu id="e4" lang="ru" trans="promt">Можно было бы утверждать, что некоторые люди могли закончить тем, что использовали светодиодные индикаторы в большей степени, потому что знание, что они менее дорогие работать,</edu>
  <edu id="e4" lang="ru" trans="google">Можно утверждать, что некоторые люди могут в большей степени использовать светодиодные индикаторы, зная, что они дешевле в эксплуатации,</edu>
  <edu id="e4" lang="ru" trans="yandex">Можно утверждать, что некоторые люди могли бы в конечном итоге с помощью более крупной светодиодные фонари, потому что зная, что они являются менее дорогостоящими в эксплуатации,</edu>
  <edu id="e5" lang="en">but it's generally understood that people don't necessarily increase their lighting uses easily, it's something that tends to remain stable.</edu>
  <edu id="e5" lang="ru" trans="promt">но обычно подразумевается, что люди не обязательно увеличивают свое использование освещения легко, это - что-то, что имеет тенденцию оставаться стабильным.</edu>
  <edu id="e5" lang="ru" trans="google">но в целом понимается, что люди не обязательно увеличивают свое освещение, используя его легко, это то, что имеет тенденцию оставаться стабильным.</edu>
  <edu id="e5" lang="ru" trans="yandex">но это понятно, что люди не обязательно увеличить освещение легко использует, это то, что, как правило, остается стабильным.</edu>
  <adu id="a1" type="pro"/>
  <adu id="a2" type="pro"/>
  <adu id="a3" type="pro"/>
  <adu id="a4" type="opp"/>
  <adu id="a5" type="pro"/>
  <edge id="c5" src="e1" trg="a2" type="seg"/>
  <edge id="c6" src="e2" trg="a3" type="seg"/>
  <edge id="c7" src="e3" trg="a1" type="seg"/>
  <edge id="c8" src="e4" trg="a4" type="seg"/>
  <edge id="c9" src="e5" trg="a5" type="seg"/>
  <edge id="c1" src="a2" trg="a1" type="sup"/>
  <edge id="c2" src="a3" trg="a2" type="exa"/>
  <edge id="c3" src="a4" trg="a1" type="reb"/>
  <edge id="c4" src="a5" trg="a4" type="reb"/>
</arggraph>
