<?xml version='1.0' encoding='UTF-8'?>
<arggraph id="micro_c192">
  <edu id="e1" lang="en">People who own dogs should show them respect,</edu>
  <edu id="e1" lang="ru" trans="promt">Люди, которые владеют собаками, должны проявить им уважение,</edu>
  <edu id="e1" lang="ru" trans="google">Люди, которые владеют собаками, должны проявлять уважение,</edu>
  <edu id="e1" lang="ru" trans="yandex">Люди, которые владеют собаки, должен проявить к ним уважение,</edu>
  <edu id="e2" lang="en">but they should not treat them like a family member.</edu>
  <edu id="e2" lang="ru" trans="promt">но они не должны рассматривать их как член семьи.</edu>
  <edu id="e2" lang="ru" trans="google">но они не должны относиться к ним как к члену семьи.</edu>
  <edu id="e2" lang="ru" trans="yandex">но они не должны обращаться с ними как член семьи.</edu>
  <edu id="e3" lang="en">To treat a dog the same as a family member is disrespectful to the rest of the family.</edu>
  <edu id="e3" lang="ru" trans="promt">Чтобы рассматривать собаку то же как, член семьи непочтителен к остальной части семьи.</edu>
  <edu id="e3" lang="ru" trans="google">Лечить собаку так же, как член семьи, неуважительно относится к остальной семье.</edu>
  <edu id="e3" lang="ru" trans="yandex">Лечить собаку как члена семьи-это неуважение к остальной части семьи.</edu>
  <edu id="e4" lang="en">A dog has no idea what a birthday is or feels the need to wear clothes. While you can have a party for your pet and dress it up in a party outfit, that doesn't make it human, only looks silly, and makes the dog uncomfortable.</edu>
  <edu id="e4" lang="ru" trans="promt">Собака понятия не имеет, что день рождения - или чувствует потребность носить одежду. В то время как Вы можете устроить вечеринку для своего домашнего животного и нарядить его в партийном оборудовании, которое не делает его человеком, только выглядит глупым, и делает собаку неудобно.</edu>
  <edu id="e4" lang="ru" trans="google">Собака понятия не имеет, что такое день рождения или ощущается необходимость носить одежду. В то время как вы можете устроить вечеринку для своего питомца и нарядить его в партийный костюм, это не делает его человеком, только выглядит глупо и делает собаку неудобной.</edu>
  <edu id="e4" lang="ru" trans="yandex">Собака не знает, что такое День рождения или чувствует необходимость носить одежду. В то время как вы можете устроить вечеринку для вашего питомца и одевать его на вечеринки наряд, это не делает ее человеком, только выглядит глупо, и делает собаку неудобно.</edu>
  <adu id="a1" type="opp"/>
  <adu id="a2" type="pro"/>
  <adu id="a3" type="pro"/>
  <adu id="a4" type="pro"/>
  <edge id="c4" src="e1" trg="a1" type="seg"/>
  <edge id="c5" src="e2" trg="a2" type="seg"/>
  <edge id="c6" src="e3" trg="a3" type="seg"/>
  <edge id="c7" src="e4" trg="a4" type="seg"/>
  <edge id="c1" src="a1" trg="a2" type="reb"/>
  <edge id="c2" src="a3" trg="a2" type="sup"/>
  <edge id="c3" src="a4" trg="a2" type="sup"/>
</arggraph>
