<?xml version='1.0' encoding='UTF-8'?>
<arggraph id="micro_c171">
  <edu id="e1" lang="en">Helicopter parents are driven by their need to protect and help their children.</edu>
  <edu id="e1" lang="ru" trans="promt">Родителей-вертолетов ведет их потребность защитить и помочь их детям.</edu>
  <edu id="e1" lang="ru" trans="google">Родители вертолетов руководствуются своей необходимостью защищать и помогать своим детям.</edu>
  <edu id="e1" lang="ru" trans="yandex">Вертолет родители везут их нужно защищать и помогать своим детям.</edu>
  <edu id="e2" lang="en">They want to make sure that their child is safe and be there when their child is in need.</edu>
  <edu id="e2" lang="ru" trans="promt">Они хотят удостовериться, что их ребенок в безопасности и быть там, когда их ребенок нуждается.</edu>
  <edu id="e2" lang="ru" trans="google">Они хотят, чтобы их ребенок был в безопасности и был там, когда их ребенок нуждается.</edu>
  <edu id="e2" lang="ru" trans="yandex">Они хотят убедиться, что их ребенок находится в безопасности и быть там, когда их ребенок нуждается.</edu>
  <edu id="e3" lang="en">Although this behavior may seem to hinder the child's independence and self reliance,</edu>
  <edu id="e3" lang="ru" trans="promt">Хотя это поведение, может казаться, препятствует независимости ребенка и Объединению «Самопомощь»,</edu>
  <edu id="e3" lang="ru" trans="google">Хотя такое поведение, по-видимому, может препятствовать независимости и самостоятельности ребенка,</edu>
  <edu id="e3" lang="ru" trans="yandex">Хотя такое поведение может показаться препятствовать независимости ребенка и его уверенности в себе,</edu>
  <edu id="e4" lang="en">the child also has the knowledge that their parent will always be there for them.</edu>
  <edu id="e4" lang="ru" trans="promt">у ребенка также есть знание, что их родитель всегда будет там для них.</edu>
  <edu id="e4" lang="ru" trans="google">ребенок также знает, что их родитель всегда будет там для них.</edu>
  <edu id="e4" lang="ru" trans="yandex">у ребенка тоже есть, зная, что их родитель всегда будет там для них.</edu>
  <edu id="e5" lang="en">The child will know that if there is something that he strives to do or comprehend, his helicopter parent will be there to help him out.</edu>
  <edu id="e5" lang="ru" trans="promt">Ребенок будет знать, что, если есть что-то, что он стремится сделать или постигать, его родитель-вертолет будет там, чтобы выручить его.</edu>
  <edu id="e5" lang="ru" trans="google">Ребенок будет знать, что если есть что-то, что он стремится сделать или понять, его родитель вертолета будет там, чтобы помочь ему.</edu>
  <edu id="e5" lang="ru" trans="yandex">Ребенок будет знать, что если есть что-то, что он стремится сделать или понять, его вертолет родитель будет там, чтобы помочь ему.</edu>
  <edu id="e6" implicit="true" lang="en">Helicopter parents are good for their children.</edu>
  <edu id="e6" lang="ru" trans="promt">Родители-вертолеты хороши для своих детей.</edu>
  <edu id="e6" lang="ru" trans="google">Родители вертолетов хороши для своих детей.</edu>
  <edu id="e6" lang="ru" trans="yandex">Родители-вертолеты хороши для своих детей.</edu>
  <adu id="a1" type="pro"/>
  <adu id="a2" type="pro"/>
  <adu id="a3" type="opp"/>
  <adu id="a4" type="pro"/>
  <adu id="a5" type="pro"/>
  <edge id="c5" src="e1" trg="a2" type="seg"/>
  <edge id="c6" src="e2" trg="a2" type="seg"/>
  <edge id="c7" src="e3" trg="a3" type="seg"/>
  <edge id="c8" src="e4" trg="a5" type="seg"/>
  <edge id="c9" src="e5" trg="a4" type="seg"/>
  <edge id="c10" src="e6" trg="a1" type="seg"/>
  <edge id="c1" src="a2" trg="a1" type="sup"/>
  <edge id="c2" src="a3" trg="c1" type="und"/>
  <edge id="c3" src="a4" trg="a1" type="sup"/>
  <edge id="c4" src="a5" trg="c2" type="und"/>
</arggraph>
