<?xml version='1.0' encoding='UTF-8'?>
<arggraph id="micro_c199">
  <edu id="e1" lang="en">A larger family will create a better atmosphere for a child.</edu>
  <edu id="e1" lang="ru" trans="promt">Более многочисленная семья создаст лучшую атмосферу для ребенка.</edu>
  <edu id="e1" lang="ru" trans="google">Большая семья создаст лучшую атмосферу для ребенка.</edu>
  <edu id="e1" lang="ru" trans="yandex">Большой семьи создадут лучшую атмосферу для ребенка.</edu>
  <edu id="e2" lang="en">They will be more outgoing, more playful,</edu>
  <edu id="e2" lang="ru" trans="promt">Они более отбудут, будут более игривыми,</edu>
  <edu id="e2" lang="ru" trans="google">Они будут более общительными, более игривыми,</edu>
  <edu id="e2" lang="ru" trans="yandex">Они будут более общительны, более игривым,</edu>
  <edu id="e3" lang="en">because of not being around just adults all the time.</edu>
  <edu id="e3" lang="ru" trans="promt">из-за того, чтобы не быть вокруг просто взрослых все время.</edu>
  <edu id="e3" lang="ru" trans="google">из-за того, что все время не просто вокруг взрослых.</edu>
  <edu id="e3" lang="ru" trans="yandex">ведь не только взрослые все время.</edu>
  <edu id="e4" lang="en">In my experience, being an only child you are more serious.</edu>
  <edu id="e4" lang="ru" trans="promt">По моему опыту, будучи единственным ребенком Вы более серьезны.</edu>
  <edu id="e4" lang="ru" trans="google">По моему опыту, будучи единственным ребенком, вы более серьезны.</edu>
  <edu id="e4" lang="ru" trans="yandex">По моему опыту, будучи единственным ребенком у вас более серьезные.</edu>
  <edu id="e5" lang="en">On the negative, a larger family costs a whole lot more.</edu>
  <edu id="e5" lang="ru" trans="promt">На отрицании более многочисленная семья стоит намного больше.</edu>
  <edu id="e5" lang="ru" trans="google">На негативе большая семья стоит намного дороже.</edu>
  <edu id="e5" lang="ru" trans="yandex">На отрицательной, большой семьи стоит намного больше.</edu>
  <edu id="e6" lang="en">In the long run, yes a larger family is better for children,</edu>
  <edu id="e6" lang="ru" trans="promt">В конечном счете да более многочисленная семья лучше для детей,</edu>
  <edu id="e6" lang="ru" trans="google">В конечном счете, да, большая семья лучше для детей,</edu>
  <edu id="e6" lang="ru" trans="yandex">В долгосрочной перспективе, да большой семьи лучше для детей,</edu>
  <edu id="e7" lang="en">because they will learn so much more.</edu>
  <edu id="e7" lang="ru" trans="promt">потому что они будут учиться настолько больше.</edu>
  <edu id="e7" lang="ru" trans="google">потому что они узнают гораздо больше.</edu>
  <edu id="e7" lang="ru" trans="yandex">потому что они будут узнать намного больше.</edu>
  <adu id="a1" type="pro"/>
  <adu id="a2" type="opp"/>
  <adu id="a3" type="pro"/>
  <adu id="a4" type="pro"/>
  <adu id="a5" type="pro"/>
  <adu id="a6" type="pro"/>
  <adu id="a7" type="pro"/>
  <edge id="c7" src="e1" trg="a4" type="seg"/>
  <edge id="c8" src="e2" trg="a5" type="seg"/>
  <edge id="c9" src="e3" trg="a6" type="seg"/>
  <edge id="c10" src="e4" trg="a7" type="seg"/>
  <edge id="c11" src="e5" trg="a2" type="seg"/>
  <edge id="c12" src="e6" trg="a1" type="seg"/>
  <edge id="c13" src="e7" trg="a3" type="seg"/>
  <edge id="c1" src="a2" trg="a1" type="reb"/>
  <edge id="c2" src="a3" trg="a1" type="sup"/>
  <edge id="c3" src="a4" trg="a3" type="sup"/>
  <edge id="c4" src="a5" trg="a4" type="sup"/>
  <edge id="c5" src="a6" trg="a5" type="sup"/>
  <edge id="c6" src="a7" trg="a4" type="sup"/>
</arggraph>
