<?xml version='1.0' encoding='UTF-8'?>
<arggraph id="micro_c024">
  <edu id="e1" lang="en">Cell phones and social media are really useful for society.</edu>
  <edu id="e1" lang="ru" trans="promt">Сотовые телефоны и социальные сети действительно полезны для общества.</edu>
  <edu id="e1" lang="ru" trans="google">Сотовые телефоны и социальные сети действительно полезны для общества.</edu>
  <edu id="e1" lang="ru" trans="yandex">Сотовые телефоны и социальные медиа являются очень полезными для общества.</edu>
  <edu id="e2" lang="en">Because it consumes very less time as a communication channel.</edu>
  <edu id="e2" lang="ru" trans="promt">Поскольку это потребляет очень меньше времени как канал связи.</edu>
  <edu id="e2" lang="ru" trans="google">Потому что он потребляет очень мало времени в качестве канала связи.</edu>
  <edu id="e2" lang="ru" trans="yandex">Потому что он потребляет очень меньше времени в качестве канала связи.</edu>
  <edu id="e3" lang="en">We can share all of our thought instantly.</edu>
  <edu id="e3" lang="ru" trans="promt">Мы можем разделить всю нашу мысль немедленно.</edu>
  <edu id="e3" lang="ru" trans="google">Мы можем мгновенно поделиться всей нашей мыслью.</edu>
  <edu id="e3" lang="ru" trans="yandex">Мы можем разделить все наши мысли мгновенно.</edu>
  <edu id="e4" lang="en">We can improve our day to day life a lot.</edu>
  <edu id="e4" lang="ru" trans="promt">Мы можем улучшить нашу повседневную жизнь много.</edu>
  <edu id="e4" lang="ru" trans="google">Мы можем улучшить нашу повседневную жизнь.</edu>
  <edu id="e4" lang="ru" trans="yandex">Мы можем улучшить нашу повседневную жизнь.</edu>
  <edu id="e5" implicit="true" lang="en">Yes, cell phones and social media have made families closer.</edu>
  <edu id="e5" lang="ru" trans="promt">Да, сотовые телефоны и социальные сети сделали семьи ближе.</edu>
  <edu id="e5" lang="ru" trans="google">Да, сотовые телефоны и социальные сети сделали семьи ближе.</edu>
  <edu id="e5" lang="ru" trans="yandex">Да, сотовые телефоны и социальные медиа сделали семьи ближе.</edu>
  <adu id="a1" type="pro"/>
  <adu id="a2" type="pro"/>
  <adu id="a3" type="pro"/>
  <adu id="a4" type="pro"/>
  <adu id="a5" type="pro"/>
  <edge id="c5" src="e1" trg="a4" type="seg"/>
  <edge id="c6" src="e2" trg="a3" type="seg"/>
  <edge id="c7" src="e3" trg="a5" type="seg"/>
  <edge id="c8" src="e4" trg="a2" type="seg"/>
  <edge id="c9" src="e5" trg="a1" type="seg"/>
  <edge id="c1" src="a2" trg="a1" type="sup"/>
  <edge id="c2" src="a3" trg="a5" type="sup"/>
  <edge id="c3" src="a4" trg="a2" type="sup"/>
  <edge id="c4" src="a5" trg="a4" type="sup"/>
</arggraph>
