<?xml version='1.0' encoding='UTF-8'?>
<arggraph id="micro_c074">
  <edu id="e1" lang="en">Violent video games do increase violent behavior, especially in young children.</edu>
  <edu id="e1" lang="ru" trans="promt">Жестокие видеоигры действительно увеличивают агрессивное поведение, особенно в маленьких детях.</edu>
  <edu id="e1" lang="ru" trans="google">Насильственные видеоигры усиливают насилие, особенно у маленьких детей.</edu>
  <edu id="e1" lang="ru" trans="yandex">Жестокие видеоигры увеличивают агрессивное поведение, особенно у маленьких детей.</edu>
  <edu id="e2" lang="en">Young children play violent games and assume this behavior is normal,</edu>
  <edu id="e2" lang="ru" trans="promt">Маленькие дети играют в сильные игры и предполагают, что это поведение нормально,</edu>
  <edu id="e2" lang="ru" trans="google">Маленькие дети играют в жестокие игры и предполагают, что это обычное поведение,</edu>
  <edu id="e2" lang="ru" trans="yandex">Маленькие дети играют в жестокие игры и считать, что это поведение является нормальным,</edu>
  <edu id="e3" lang="en">and carry it out into the real world.</edu>
  <edu id="e3" lang="ru" trans="promt">и выполните его в реальный мир.</edu>
  <edu id="e3" lang="ru" trans="google">и осуществить его в реальном мире.</edu>
  <edu id="e3" lang="ru" trans="yandex">и носить его в реальный мир.</edu>
  <edu id="e4" lang="en">The proof is the increase in violent crimes</edu>
  <edu id="e4" lang="ru" trans="promt">Доказательство - увеличение тяжких преступлений</edu>
  <edu id="e4" lang="ru" trans="google">Доказательством является увеличение числа насильственных преступлений</edu>
  <edu id="e4" lang="ru" trans="yandex">Доказательством является рост числа насильственных преступлений</edu>
  <edu id="e5" lang="en">and increase in school shootings.</edu>
  <edu id="e5" lang="ru" trans="promt">и увеличение стрельбы в школе.</edu>
  <edu id="e5" lang="ru" trans="google">и увеличение школьных расстрелов.</edu>
  <edu id="e5" lang="ru" trans="yandex">и увеличение школьных перестрелок.</edu>
  <adu id="a1" type="pro"/>
  <adu id="a2" type="pro"/>
  <adu id="a3" type="pro"/>
  <adu id="a4" type="pro"/>
  <adu id="a5" type="pro"/>
  <edge id="c5" src="e1" trg="a1" type="seg"/>
  <edge id="c6" src="e2" trg="a2" type="seg"/>
  <edge id="c7" src="e3" trg="a3" type="seg"/>
  <edge id="c8" src="e4" trg="a4" type="seg"/>
  <edge id="c9" src="e5" trg="a5" type="seg"/>
  <edge id="c1" src="a2" trg="a1" type="sup"/>
  <edge id="c2" src="a3" trg="c1" type="add"/>
  <edge id="c3" src="a4" trg="a3" type="sup"/>
  <edge id="c4" src="a5" trg="a3" type="sup"/>
</arggraph>
