<?xml version='1.0' encoding='UTF-8'?>
<arggraph id="micro_c013">
  <edu id="e1" lang="en">On one hand, yes I think removing rhinos' horns would be a good idea.</edu>
  <edu id="e1" lang="ru" trans="promt">С одной стороны да я думаю, удаляя рога носорогов, была бы хорошая идея.</edu>
  <edu id="e1" lang="ru" trans="google">С одной стороны, да, я думаю, что удаление рогов носорогов было бы хорошей идеей.</edu>
  <edu id="e1" lang="ru" trans="yandex">С одной стороны, да я думаю, что удаление рогов носорогов будет хорошей идеей.</edu>
  <edu id="e2" lang="en">If a rhino doesn't have it's horn, then there is no benefit for someone killing it other than to just be cruel.</edu>
  <edu id="e2" lang="ru" trans="promt">Если носорог не имеет, это - рог, то нет никакой льготы для кого-то убивающего его кроме просто быть жестокой.</edu>
  <edu id="e2" lang="ru" trans="google">Если у носорога нет рога, тогда нет выгоды для кого-то, убивающего его, кроме как быть жестоким.</edu>
  <edu id="e2" lang="ru" trans="yandex">Если у носорога нет рога, то нет никакой пользы для кого-то убийство это другое, чем просто быть жестоким.</edu>
  <edu id="e3" lang="en">But at the same time, I think just going ahead and removing it's horns is kind of cruel.</edu>
  <edu id="e3" lang="ru" trans="promt">Но в то же время я думаю, просто идя вперед, и удаляя это - рога, довольно жестоко.</edu>
  <edu id="e3" lang="ru" trans="google">Но в то же время, я думаю, что просто вперед и удаление его рогов - это жестокость.</edu>
  <edu id="e3" lang="ru" trans="yandex">Но в то же время, я думаю, что просто идти вперед и удаление рога-это слишком жестоко.</edu>
  <edu id="e4" lang="en">Don't they need them for survival?</edu>
  <edu id="e4" lang="ru" trans="promt">Разве им не нужны они для выживания?</edu>
  <edu id="e4" lang="ru" trans="google">Разве они не нужны им для выживания?</edu>
  <edu id="e4" lang="ru" trans="yandex">Не они им нужны для выживания?</edu>
  <edu id="e5" implicit="true" lang="en">No, the horn of wild rhinos should not be removed to prevent them from being poached.</edu>
  <edu id="e5" lang="ru" trans="promt">Нет, рог диких носорогов не должен быть удален, чтобы препятствовать тому, чтобы они незаконно охотились.</edu>
  <edu id="e5" lang="ru" trans="google">Нет, рог диких носорогов не следует удалять, чтобы предотвратить их браконьерство.</edu>
  <edu id="e5" lang="ru" trans="yandex">Нет, рога диких носорогов не должны быть удалены, чтобы предотвратить их от пашот.</edu>
  <adu id="a1" type="pro"/>
  <adu id="a2" type="opp"/>
  <adu id="a3" type="opp"/>
  <adu id="a4" type="pro"/>
  <adu id="a5" type="pro"/>
  <edge id="c5" src="e1" trg="a2" type="seg"/>
  <edge id="c6" src="e2" trg="a3" type="seg"/>
  <edge id="c7" src="e3" trg="a4" type="seg"/>
  <edge id="c8" src="e4" trg="a5" type="seg"/>
  <edge id="c9" src="e5" trg="a1" type="seg"/>
  <edge id="c1" src="a2" trg="a1" type="reb"/>
  <edge id="c2" src="a3" trg="a2" type="sup"/>
  <edge id="c3" src="a4" trg="a1" type="sup"/>
  <edge id="c4" src="a5" trg="a4" type="sup"/>
</arggraph>
