<?xml version='1.0' encoding='UTF-8'?>
<arggraph id="micro_c086">
  <edu id="e1" lang="en">Excessive use of video games damages children's ability to interact in real life situations.</edu>
  <edu id="e1" lang="ru" trans="promt">Чрезмерное использование видеоигр повреждает детскую способность взаимодействовать в реальных ситуациях.</edu>
  <edu id="e1" lang="ru" trans="google">Чрезмерное использование видеоигр нарушает способность детей взаимодействовать в реальных жизненных ситуациях.</edu>
  <edu id="e1" lang="ru" trans="yandex">Чрезмерное использование видеоигр ущерба умения детей взаимодействовать в реальных жизненных ситуациях.</edu>
  <edu id="e2" lang="en">Not only do kids lose the ability to socialize face to face,</edu>
  <edu id="e2" lang="ru" trans="promt">Мало того, что дети теряют способность социализировать лицом к лицу,</edu>
  <edu id="e2" lang="ru" trans="google">Дети не только теряют способность общаться друг с другом,</edu>
  <edu id="e2" lang="ru" trans="yandex">Не только дети теряют возможность общаться лицом к лицу,</edu>
  <edu id="e3" lang="en">but they also have the tendency to become addicted to these video games.</edu>
  <edu id="e3" lang="ru" trans="promt">но у них также есть тенденция стать увлекшимися этими видеоиграми.</edu>
  <edu id="e3" lang="ru" trans="google">но у них также есть склонность к пристрастию к этим видеоиграм.</edu>
  <edu id="e3" lang="ru" trans="yandex">но они также имеют тенденцию стать зависимым от этих видеоигр.</edu>
  <edu id="e4" lang="en">Such addiction to video games can open the door to other, more damaging addictions, such as drugs, alcohol, tobacco, and pornography.</edu>
  <edu id="e4" lang="ru" trans="promt">Такая склонность к видеоиграм может открыть дверь в другой, более разрушительную склонность, такую как наркотики, алкоголь, табак и порнография.</edu>
  <edu id="e4" lang="ru" trans="google">Такое пристрастие к видеоиграм может открыть двери для других, более вредных пристрастий, таких как наркотики, алкоголь, табак, и порнография.</edu>
  <edu id="e4" lang="ru" trans="yandex">Такое пристрастие к видеоиграм может открыть двери для других, более разрушительных пристрастий, таких как наркотики, алкоголь, табак и порнография.</edu>
  <edu id="e5" lang="en">Although they can be an interesting and captivating teaching tool when used in moderation,</edu>
  <edu id="e5" lang="ru" trans="promt">Хотя они могут быть интересным и очаровательным обучающим инструментом, когда используется умеренно,</edu>
  <edu id="e5" lang="ru" trans="google">Хотя они могут быть интересным и увлекательным учебным инструментом, когда его используют в умеренных количествах,</edu>
  <edu id="e5" lang="ru" trans="yandex">Хотя они могут быть интересные и увлекательные средства обучения при использовании в умеренности,</edu>
  <edu id="e6" lang="en">if video games are too heavily relied on in the classroom, it can ultimately be damaging to our society.</edu>
  <edu id="e6" lang="ru" trans="promt">если на видеоигры слишком в большой степени полагаются в классе, он может в конечном счете нанести ущерб нашему обществу.</edu>
  <edu id="e6" lang="ru" trans="google">если видеоигры слишком сильно полагаются в классе, это может в конечном итоге повредить нашему обществу.</edu>
  <edu id="e6" lang="ru" trans="yandex">если видео игры слишком сильно полагались на уроке, он может в конечном итоге нанести ущерб нашему обществу.</edu>
  <adu id="a1" type="pro"/>
  <adu id="a2" type="opp"/>
  <adu id="a3" type="pro"/>
  <adu id="a4" type="pro"/>
  <adu id="a5" type="pro"/>
  <adu id="a6" type="pro"/>
  <edge id="c6" src="e1" trg="a3" type="seg"/>
  <edge id="c7" src="e2" trg="a4" type="seg"/>
  <edge id="c8" src="e3" trg="a5" type="seg"/>
  <edge id="c9" src="e4" trg="a6" type="seg"/>
  <edge id="c10" src="e5" trg="a2" type="seg"/>
  <edge id="c11" src="e6" trg="a1" type="seg"/>
  <edge id="c1" src="a2" trg="a1" type="reb"/>
  <edge id="c2" src="a3" trg="a1" type="sup"/>
  <edge id="c3" src="a4" trg="a1" type="sup"/>
  <edge id="c4" src="a5" trg="a1" type="sup"/>
  <edge id="c5" src="a6" trg="a5" type="sup"/>
</arggraph>
