<?xml version='1.0' encoding='UTF-8'?>
<arggraph id="micro_c159">
  <edu id="e1" lang="en">Teenage marriages are not a good idea.</edu>
  <edu id="e1" lang="ru" trans="promt">Подростковые браки не хорошая идея.</edu>
  <edu id="e1" lang="ru" trans="google">Подростковые браки не являются хорошей идеей.</edu>
  <edu id="e1" lang="ru" trans="yandex">Подростковые браки не очень хорошая идея.</edu>
  <edu id="e2" lang="en">People in their teens are still developing and figuring out what they want in life.</edu>
  <edu id="e2" lang="ru" trans="promt">Люди в их подростковом возрасте все еще развивают и выясняют то, что они хотят в жизни.</edu>
  <edu id="e2" lang="ru" trans="google">Люди в подростковом возрасте все еще развиваются и выясняют, чего хотят в жизни.</edu>
  <edu id="e2" lang="ru" trans="yandex">Люди в подростковом возрасте продолжают развиваться и выяснить, чего они хотят в жизни.</edu>
  <edu id="e3" lang="en">The influence of another can make things seem like that is what they want,</edu>
  <edu id="e3" lang="ru" trans="promt">Влияние другого может заставить вещи походить на то, именно это они хотят,</edu>
  <edu id="e3" lang="ru" trans="google">Влияние другого может заставить вещи выглядеть так, как они хотят,</edu>
  <edu id="e3" lang="ru" trans="yandex">Влияние другой может сделать что-то кажется, что то, что они хотят,</edu>
  <edu id="e4" lang="en">but they might be putting off personal desires because of that person.</edu>
  <edu id="e4" lang="ru" trans="promt">но они могли бы откладывать личные желания из-за того человека.</edu>
  <edu id="e4" lang="ru" trans="google">но из-за этого они могут откладывать личные желания.</edu>
  <edu id="e4" lang="ru" trans="yandex">но они могут откладывать личные желания из-за этого человека.</edu>
  <edu id="e5" lang="en">Also, it takes time to work and save enough money to live independently, so getting married may pave the way for kids,</edu>
  <edu id="e5" lang="ru" trans="promt">Кроме того, это занимает время, чтобы работать и сэкономить достаточно денег, чтобы жить независимо, таким образом жениться может проложить путь к детям,</edu>
  <edu id="e5" lang="ru" trans="google">Кроме того, требуется время на работу и экономить достаточно денег, чтобы жить самостоятельно, поэтому женитьба может проложить путь для детей,</edu>
  <edu id="e5" lang="ru" trans="yandex">Кроме того, это занимает время, чтобы работать и накопить достаточно денег, чтобы жить самостоятельно, поэтому выйти замуж может проложить путь для детей,</edu>
  <edu id="e6" lang="en">but it can be a lot harder to support children when you are young.</edu>
  <edu id="e6" lang="ru" trans="promt">но может быть намного более трудно поддержать детей, когда Вы молоды.</edu>
  <edu id="e6" lang="ru" trans="google">но может быть намного сложнее поддерживать детей, когда вы молоды.</edu>
  <edu id="e6" lang="ru" trans="yandex">но это может быть намного тяжелее, чтобы поддержать детей, когда вы молоды.</edu>
  <adu id="a1" type="pro"/>
  <adu id="a2" type="pro"/>
  <adu id="a3" type="pro"/>
  <adu id="a4" type="pro"/>
  <adu id="a5" type="opp"/>
  <adu id="a6" type="pro"/>
  <edge id="c6" src="e1" trg="a1" type="seg"/>
  <edge id="c7" src="e2" trg="a4" type="seg"/>
  <edge id="c8" src="e3" trg="a5" type="seg"/>
  <edge id="c9" src="e4" trg="a6" type="seg"/>
  <edge id="c10" src="e5" trg="a3" type="seg"/>
  <edge id="c11" src="e6" trg="a2" type="seg"/>
  <edge id="c1" src="a2" trg="a1" type="sup"/>
  <edge id="c2" src="a3" trg="a2" type="sup"/>
  <edge id="c3" src="a4" trg="a1" type="sup"/>
  <edge id="c4" src="a5" trg="a1" type="reb"/>
  <edge id="c5" src="a6" trg="a5" type="reb"/>
</arggraph>
