<?xml version='1.0' encoding='UTF-8'?>
<arggraph id="micro_c012">
  <edu id="e1" lang="en">The horns of wild rhinos should not be removed to prevent them from being poached.</edu>
  <edu id="e1" lang="ru" trans="promt">Рога диких носорогов не должны быть удалены, чтобы препятствовать тому, чтобы они незаконно охотились.</edu>
  <edu id="e1" lang="ru" trans="google">Рога диких носорогов не должны удаляться, чтобы предотвратить их браконьерство.</edu>
  <edu id="e1" lang="ru" trans="yandex">Рога диких носорогов не должны быть удалены, чтобы предотвратить их пашот.</edu>
  <edu id="e2" lang="en">Removing the rhino horns is the crime, not just removing the rhino's horns for money.</edu>
  <edu id="e2" lang="ru" trans="promt">Удаление рогов носорога является преступлением, не просто удалив рога носорога за деньги.</edu>
  <edu id="e2" lang="ru" trans="google">Исключение рогов носорога - это преступление, а не просто удаление рогов носорога за деньги.</edu>
  <edu id="e2" lang="ru" trans="yandex">Удаление рогов носорога-это преступление, а не просто удаления рогов носорога за деньги.</edu>
  <edu id="e3" lang="en">When you mutilate an animal, you are the problem.</edu>
  <edu id="e3" lang="ru" trans="promt">Когда Вы калечите животное, Вы - проблема.</edu>
  <edu id="e3" lang="ru" trans="google">Когда вы калеете животное, вы проблема.</edu>
  <edu id="e3" lang="ru" trans="yandex">Когда вы изувечить животное, вы не проблема.</edu>
  <edu id="e4" lang="en">Saying that you are mutilating the animal to protect people from mutilation poaching is absurd</edu>
  <edu id="e4" lang="ru" trans="promt">Высказывание, что Вы калечите животное, чтобы защитить людей от вмешательства искажения, абсурдно</edu>
  <edu id="e4" lang="ru" trans="google">Говорить, что вы калечите животное, чтобы защитить людей от калечения, браконьерство абсурдно</edu>
  <edu id="e4" lang="ru" trans="yandex">Сказав, что вы не калечат животных, чтобы защитить людей от увечий браконьерство-это абсурд</edu>
  <edu id="e5" lang="en">because either way the rhino is mutilated.</edu>
  <edu id="e5" lang="ru" trans="promt">потому что так или иначе носорог искалечен.</edu>
  <edu id="e5" lang="ru" trans="google">потому что в любом случае носорог изуродован.</edu>
  <edu id="e5" lang="ru" trans="yandex">потому что в любом случае носорог изуродовано.</edu>
  <edu id="e6" lang="en">It's an attack on the animal.</edu>
  <edu id="e6" lang="ru" trans="promt">Это - нападение на животное.</edu>
  <edu id="e6" lang="ru" trans="google">Это нападение на животное.</edu>
  <edu id="e6" lang="ru" trans="yandex">Это нападение на животных.</edu>
  <edu id="e7" lang="en">It doesn't help conservation,</edu>
  <edu id="e7" lang="ru" trans="promt">Это не помогает сохранению,</edu>
  <edu id="e7" lang="ru" trans="google">Это не способствует сохранению,</edu>
  <edu id="e7" lang="ru" trans="yandex">Она не поможет сохранению,</edu>
  <edu id="e8" lang="en">it just tries to take out the monetary component of the slaughter.</edu>
  <edu id="e8" lang="ru" trans="promt">это просто пытается вынуть денежный компонент резни.</edu>
  <edu id="e8" lang="ru" trans="google">он просто пытается вынуть денежную составляющую резни.</edu>
  <edu id="e8" lang="ru" trans="yandex">он просто пытается убрать денежную составляющую убой.</edu>
  <edu id="e9" lang="en">Bad way to go.</edu>
  <edu id="e9" lang="ru" trans="promt">Плохой способ пойти.</edu>
  <edu id="e9" lang="ru" trans="google">Плохой путь.</edu>
  <edu id="e9" lang="ru" trans="yandex">Плохой способ пойти.</edu>
  <adu id="a1" type="pro"/>
  <adu id="a2" type="pro"/>
  <adu id="a3" type="pro"/>
  <adu id="a4" type="pro"/>
  <adu id="a5" type="pro"/>
  <adu id="a6" type="pro"/>
  <adu id="a7" type="pro"/>
  <adu id="a8" type="pro"/>
  <adu id="a9" type="pro"/>
  <edge id="c9" src="e1" trg="a1" type="seg"/>
  <edge id="c10" src="e2" trg="a4" type="seg"/>
  <edge id="c11" src="e3" trg="a3" type="seg"/>
  <edge id="c12" src="e4" trg="a5" type="seg"/>
  <edge id="c13" src="e5" trg="a6" type="seg"/>
  <edge id="c14" src="e6" trg="a7" type="seg"/>
  <edge id="c15" src="e7" trg="a8" type="seg"/>
  <edge id="c16" src="e8" trg="a9" type="seg"/>
  <edge id="c17" src="e9" trg="a2" type="seg"/>
  <edge id="c1" src="a2" trg="a1" type="sup"/>
  <edge id="c2" src="a3" trg="a2" type="sup"/>
  <edge id="c3" src="a4" trg="a3" type="sup"/>
  <edge id="c4" src="a5" trg="a2" type="sup"/>
  <edge id="c5" src="a6" trg="a5" type="sup"/>
  <edge id="c6" src="a7" trg="a2" type="sup"/>
  <edge id="c7" src="a8" trg="c6" type="add"/>
  <edge id="c8" src="a9" trg="c6" type="add"/>
</arggraph>
