<?xml version='1.0' encoding='UTF-8'?>
<arggraph id="micro_c121">
  <edu id="e1" lang="en">Nuclear energy has been proven time and time again to be safe.</edu>
  <edu id="e1" lang="ru" trans="promt">Ядерная энергия, как доказывали, снова и снова была безопасна.</edu>
  <edu id="e1" lang="ru" trans="google">Ядерная энергия была доказана снова и снова, чтобы быть в безопасности.</edu>
  <edu id="e1" lang="ru" trans="yandex">Ядерной энергии было доказано снова и снова, чтобы быть безопасным.</edu>
  <edu id="e2" lang="en">It has been proven, over six decades, to have a minimal impact on the environment,</edu>
  <edu id="e2" lang="ru" trans="promt">Это было доказано, более чем шесть десятилетий, чтобы оказать минимальное влияние на окружающую среду,</edu>
  <edu id="e2" lang="ru" trans="google">Было доказано, что более шести десятилетий было минимальным воздействием на окружающую среду,</edu>
  <edu id="e2" lang="ru" trans="yandex">Было доказано, более шести десятилетий, чтобы иметь минимальное воздействие на окружающую среду,</edu>
  <edu id="e3" lang="en">as they emit almost no greenhouse gases.</edu>
  <edu id="e3" lang="ru" trans="promt">поскольку они не выделяют почти парниковых газов.</edu>
  <edu id="e3" lang="ru" trans="google">поскольку они почти не выделяют парниковых газов.</edu>
  <edu id="e3" lang="ru" trans="yandex">как они издают почти никаких парниковых газов.</edu>
  <edu id="e4" lang="en">The chances of anything untoward happening to a nuclear facility are also slim.</edu>
  <edu id="e4" lang="ru" trans="promt">Возможности чего-либо неблагоприятный случай с ядерной установкой также тонкие.</edu>
  <edu id="e4" lang="ru" trans="google">Шансы на что-либо неблагоприятное, происходящее на ядерном объекте, также незначительны.</edu>
  <edu id="e4" lang="ru" trans="yandex">Шансы на то, что плохого происходит на ядерном объекте не менее стройные.</edu>
  <edu id="e5" lang="en">There have been a few nuclear events since Chernobyl,</edu>
  <edu id="e5" lang="ru" trans="promt">Было несколько ядерных событий начиная с Чернобыля,</edu>
  <edu id="e5" lang="ru" trans="google">С момента Чернобыля произошло несколько ядерных событий,</edu>
  <edu id="e5" lang="ru" trans="yandex">Там было несколько ядерных событий после Чернобыльской катастрофы</edu>
  <edu id="e6" lang="en">but there have been relatively few fatalities associated with it.</edu>
  <edu id="e6" lang="ru" trans="promt">но было относительно немного смертельных случаев, связанных с ним.</edu>
  <edu id="e6" lang="ru" trans="google">но с этим связано относительно небольшое количество смертельных исходов.</edu>
  <edu id="e6" lang="ru" trans="yandex">но там было сравнительно немного смертей, связанных с ним.</edu>
  <adu id="a1" type="pro"/>
  <adu id="a2" type="pro"/>
  <adu id="a3" type="pro"/>
  <adu id="a4" type="pro"/>
  <adu id="a5" type="opp"/>
  <adu id="a6" type="pro"/>
  <edge id="c6" src="e1" trg="a1" type="seg"/>
  <edge id="c7" src="e2" trg="a2" type="seg"/>
  <edge id="c8" src="e3" trg="a3" type="seg"/>
  <edge id="c9" src="e4" trg="a4" type="seg"/>
  <edge id="c10" src="e5" trg="a5" type="seg"/>
  <edge id="c11" src="e6" trg="a6" type="seg"/>
  <edge id="c1" src="a2" trg="a1" type="sup"/>
  <edge id="c2" src="a3" trg="a2" type="sup"/>
  <edge id="c3" src="a4" trg="a1" type="sup"/>
  <edge id="c4" src="a5" trg="a1" type="reb"/>
  <edge id="c5" src="a6" trg="c4" type="und"/>
</arggraph>
