<?xml version='1.0' encoding='UTF-8'?>
<arggraph id="micro_c201">
  <edu id="e1" lang="en">Yes, large families are good for children</edu>
  <edu id="e1" lang="ru" trans="promt">Да, большие семьи хороши для детей</edu>
  <edu id="e1" lang="ru" trans="google">Да, многодетные семьи хороши для детей</edu>
  <edu id="e1" lang="ru" trans="yandex">Да, многодетным семьям хорошие для детей</edu>
  <edu id="e2" lang="en">because it teaches them about sticking together.</edu>
  <edu id="e2" lang="ru" trans="promt">потому что это преподает их склеиванию.</edu>
  <edu id="e2" lang="ru" trans="google">потому что он учит их слипанию.</edu>
  <edu id="e2" lang="ru" trans="yandex">потому что он учит их о склеился.</edu>
  <edu id="e3" lang="en">Children learn how to share items and time with their family.</edu>
  <edu id="e3" lang="ru" trans="promt">Дети изучают, как разделить пункты и время с их семьей.</edu>
  <edu id="e3" lang="ru" trans="google">Дети учатся делиться с семьей предметами и временем.</edu>
  <edu id="e3" lang="ru" trans="yandex">Дети учатся делить предметы и время со своей семьей.</edu>
  <edu id="e4" lang="en">Large families will help children feel more secure in the world.</edu>
  <edu id="e4" lang="ru" trans="promt">Большие семьи помогут детям больше чувствовать себя в безопасности в мире.</edu>
  <edu id="e4" lang="ru" trans="google">Большие семьи помогут детям чувствовать себя более безопасными в мире.</edu>
  <edu id="e4" lang="ru" trans="yandex">Многодетным семьям помогут детям чувствовать себя более защищенными в мире.</edu>
  <adu id="a1" type="pro"/>
  <adu id="a2" type="pro"/>
  <adu id="a3" type="pro"/>
  <adu id="a4" type="pro"/>
  <edge id="c4" src="e1" trg="a1" type="seg"/>
  <edge id="c5" src="e2" trg="a2" type="seg"/>
  <edge id="c6" src="e3" trg="a3" type="seg"/>
  <edge id="c7" src="e4" trg="a4" type="seg"/>
  <edge id="c1" src="a2" trg="a1" type="sup"/>
  <edge id="c2" src="a3" trg="a1" type="sup"/>
  <edge id="c3" src="a4" trg="a1" type="sup"/>
</arggraph>
