<?xml version='1.0' encoding='UTF-8'?>
<arggraph id="micro_c039">
  <edu id="e1" lang="en">The romantic expectations by romantic movies are damaging to relationships in a number of ways.</edu>
  <edu id="e1" lang="ru" trans="promt">Романтичные ожидания романтичными фильмами наносят ущерб отношениям различными способами.</edu>
  <edu id="e1" lang="ru" trans="google">Романтические ожидания романтических фильмов наносят ущерб отношениям несколькими способами.</edu>
  <edu id="e1" lang="ru" trans="yandex">Романтические надежды на романтические фильмы вредны для связи различными способами.</edu>
  <edu id="e2" lang="en">In movies, every situation is dramatic and overblown, unlike real life.</edu>
  <edu id="e2" lang="ru" trans="promt">В фильмах каждая ситуация существенная и раздута, в отличие от реальной жизни.</edu>
  <edu id="e2" lang="ru" trans="google">В фильмах каждая ситуация драматична и раздута, в отличие от реальной жизни.</edu>
  <edu id="e2" lang="ru" trans="yandex">В кино, каждая ситуация драматична и раздуты, в отличие от реальной жизни.</edu>
  <edu id="e3" lang="en">Every situation has a resolution within 2 hours, unlike real life.</edu>
  <edu id="e3" lang="ru" trans="promt">У каждой ситуации есть резолюция в течение 2 часов, в отличие от реальной жизни.</edu>
  <edu id="e3" lang="ru" trans="google">Каждая ситуация имеет разрешение в течение 2 часов, в отличие от реальной жизни.</edu>
  <edu id="e3" lang="ru" trans="yandex">Каждая ситуация имеет свое решение в течение 2 часов, в отличие от реальной жизни.</edu>
  <edu id="e4" lang="en">These unrealistic expectations are generally only recognized by one side of the relationship,</edu>
  <edu id="e4" lang="ru" trans="promt">Эти нереалистичные ожидания вообще только признаны одной стороной отношений,</edu>
  <edu id="e4" lang="ru" trans="google">Эти нереалистичные ожидания обычно признаются только одной стороной отношений,</edu>
  <edu id="e4" lang="ru" trans="yandex">Эти нереалистичные ожидания, как правило, признается только одной стороной отношений,</edu>
  <edu id="e5" lang="en">which causes a damaging imbalance in real relationships.</edu>
  <edu id="e5" lang="ru" trans="promt">который вызывает разрушительную неустойчивость в реальных отношениях.</edu>
  <edu id="e5" lang="ru" trans="google">что вызывает разрушительный дисбаланс в реальных отношениях.</edu>
  <edu id="e5" lang="ru" trans="yandex">что вызывает повреждения дисбаланс в реальные отношения.</edu>
  <adu id="a1" type="pro"/>
  <adu id="a2" type="pro"/>
  <adu id="a3" type="pro"/>
  <adu id="a4" type="pro"/>
  <edge id="c4" src="e1" trg="a1" type="seg"/>
  <edge id="c5" src="e2" trg="a2" type="seg"/>
  <edge id="c6" src="e3" trg="a3" type="seg"/>
  <edge id="c7" src="e4" trg="a4" type="seg"/>
  <edge id="c8" src="e5" trg="a1" type="seg"/>
  <edge id="c1" src="a2" trg="a1" type="sup"/>
  <edge id="c2" src="a3" trg="c1" type="add"/>
  <edge id="c3" src="a4" trg="c1" type="add"/>
</arggraph>
