<?xml version='1.0' encoding='UTF-8'?>
<arggraph id="micro_c149">
  <edu id="e1" lang="en">Divorce is something that kids can recover from.</edu>
  <edu id="e1" lang="ru" trans="promt">Развод - что-то, после чего могут оправиться дети.</edu>
  <edu id="e1" lang="ru" trans="google">Развод - это то, от чего дети могут оправиться.</edu>
  <edu id="e1" lang="ru" trans="yandex">Развод-это то, что дети могут восстановиться.</edu>
  <edu id="e2" lang="en">There are many adults who live fully functional lives even though their parents were divorced.</edu>
  <edu id="e2" lang="ru" trans="promt">Есть многие взрослые, которые живут полностью функциональными жизнями даже при том, что их родители были разведены.</edu>
  <edu id="e2" lang="ru" trans="google">Есть много взрослых, которые живут полностью функциональными жизнями, даже если их родители развелись.</edu>
  <edu id="e2" lang="ru" trans="yandex">Есть много взрослых, которые живут полностью функциональной жизни, даже если их родители развелись.</edu>
  <edu id="e3" lang="en">It is better for children to be in a loving environment than in one where parents are constantly arguing and fighting with each other.</edu>
  <edu id="e3" lang="ru" trans="promt">Для детей лучше быть в любящей окружающей среде, чем в той, где родители постоянно спорят и борются друг с другом.</edu>
  <edu id="e3" lang="ru" trans="google">Детям лучше быть в любящей среде, чем в той, где родители постоянно спорят и борются друг с другом.</edu>
  <edu id="e3" lang="ru" trans="yandex">Это лучше для детей, чтобы быть в любви, чем в той, где родители постоянно спорят и дерутся друг с другом.</edu>
  <edu id="e4" lang="en">Of course everyone wants to stay together for their children,</edu>
  <edu id="e4" lang="ru" trans="promt">Конечно, все хотят остаться вместе для их детей,</edu>
  <edu id="e4" lang="ru" trans="google">Конечно, каждый хочет остаться вместе для своих детей,</edu>
  <edu id="e4" lang="ru" trans="yandex">Конечно, каждый хочет, чтобы остаться вместе для детей,</edu>
  <edu id="e5" lang="en">but many people are better off just co-parenting instead of staying married.</edu>
  <edu id="e5" lang="ru" trans="promt">но многие люди - более обеспеченное справедливое co-воспитание вместо того, чтобы остаться женатыми.</edu>
  <edu id="e5" lang="ru" trans="google">но многие люди предпочитают только совместное воспитание вместо того, чтобы жениться.</edu>
  <edu id="e5" lang="ru" trans="yandex">но многие люди живут лучше, просто родители вместо того, чтобы остаться замужем.</edu>
  <adu id="a1" type="pro"/>
  <adu id="a2" type="pro"/>
  <adu id="a3" type="pro"/>
  <adu id="a4" type="opp"/>
  <adu id="a5" type="pro"/>
  <edge id="c5" src="e1" trg="a1" type="seg"/>
  <edge id="c6" src="e2" trg="a2" type="seg"/>
  <edge id="c7" src="e3" trg="a3" type="seg"/>
  <edge id="c8" src="e4" trg="a4" type="seg"/>
  <edge id="c9" src="e5" trg="a5" type="seg"/>
  <edge id="c1" src="a2" trg="a1" type="sup"/>
  <edge id="c2" src="a3" trg="a1" type="sup"/>
  <edge id="c3" src="a4" trg="a1" type="reb"/>
  <edge id="c4" src="a5" trg="c3" type="und"/>
</arggraph>
