<?xml version='1.0' encoding='UTF-8'?>
<arggraph id="micro_c029">
  <edu id="e1" lang="en">There should be no upper or lower limit on how long people date before becoming engaged.</edu>
  <edu id="e1" lang="ru" trans="promt">Там должно быть не верхним или нижний предел на том, сколько времени люди дата прежде, чем стать участвовали.</edu>
  <edu id="e1" lang="ru" trans="google">Не должно быть верхнего или нижнего предела времени, в течение которого люди могут начать заниматься.</edu>
  <edu id="e1" lang="ru" trans="yandex">Не должно быть никакого верхнего или нижнего предела, как долго люди встречаются, прежде чем стал заниматься.</edu>
  <edu id="e2" lang="en">Everyone has their own circumstances.</edu>
  <edu id="e2" lang="ru" trans="promt">У всех есть их собственные обстоятельства.</edu>
  <edu id="e2" lang="ru" trans="google">У каждого свои обстоятельства.</edu>
  <edu id="e2" lang="ru" trans="yandex">У каждого свои обстоятельства.</edu>
  <edu id="e3" lang="en">Some people may be more comfortable with extended dating.</edu>
  <edu id="e3" lang="ru" trans="promt">Некоторые люди могут быть более довольны расширенным датированием.</edu>
  <edu id="e3" lang="ru" trans="google">Некоторые люди могут быть более комфортно с расширенными знакомствами.</edu>
  <edu id="e3" lang="ru" trans="yandex">Некоторые люди могут быть более удобный с расширенными знакомств.</edu>
  <edu id="e4" lang="en">Others may prefer the custom of arranged marriages, where no dating takes place.</edu>
  <edu id="e4" lang="ru" trans="promt">Другие могут предпочесть обычай устроенных браков, где никакое датирование не происходит.</edu>
  <edu id="e4" lang="ru" trans="google">Другие могут предпочесть обычай организованных браков, где ни одна встреча не имеет места.</edu>
  <edu id="e4" lang="ru" trans="yandex">Другие могут предпочесть обычаю браки, где нет знакомств происходит.</edu>
  <edu id="e5" lang="en">Therefore there's no simple hard and fast rule that suffices for this question.</edu>
  <edu id="e5" lang="ru" trans="promt">Поэтому нет никакого простого надежного правила, которое достаточно для этого вопроса.</edu>
  <edu id="e5" lang="ru" trans="google">Поэтому для этого вопроса достаточно простого и быстрого правила.</edu>
  <edu id="e5" lang="ru" trans="yandex">Поэтому нет простого жесткий и быстрый правило, хватает на этот вопрос.</edu>
  <adu id="a1" type="pro"/>
  <adu id="a2" type="pro"/>
  <adu id="a3" type="pro"/>
  <adu id="a4" type="pro"/>
  <edge id="c4" src="e1" trg="a1" type="seg"/>
  <edge id="c5" src="e2" trg="a2" type="seg"/>
  <edge id="c6" src="e3" trg="a3" type="seg"/>
  <edge id="c7" src="e4" trg="a4" type="seg"/>
  <edge id="c8" src="e5" trg="a1" type="seg"/>
  <edge id="c1" src="a2" trg="a1" type="sup"/>
  <edge id="c2" src="a3" trg="a2" type="sup"/>
  <edge id="c3" src="a4" trg="c2" type="add"/>
</arggraph>
