<?xml version='1.0' encoding='UTF-8'?>
<arggraph id="micro_c115">
  <edu id="e1" lang="en">I would consider living in a city like Beijing if offered a job there.</edu>
  <edu id="e1" lang="ru" trans="promt">Я считал бы проживание в городе как Пекин, если предлагается работой там.</edu>
  <edu id="e1" lang="ru" trans="google">Я бы подумал о том, чтобы жить в таком городе, как Пекин, если там будет работать.</edu>
  <edu id="e1" lang="ru" trans="yandex">Я бы живя в таком городе, как Пекин, если бы предложили там работу.</edu>
  <edu id="e2" lang="en">After doing some research on the matter I would be concerned with the high levels of pollution that the residents are breathing in everyday.</edu>
  <edu id="e2" lang="ru" trans="promt">После проведения некоторого исследования по вопросу я был бы обеспокоен в высоком уровне загрязнения, что жители делают вдох каждый день.</edu>
  <edu id="e2" lang="ru" trans="google">После некоторых исследований по этому вопросу я был бы обеспокоен высоким уровнем загрязнения, которое жители ежедневно вдыхают.</edu>
  <edu id="e2" lang="ru" trans="yandex">После делать некоторые исследования по этому вопросу я хотел быть связана с высоким уровнем загрязнения, что жители дышат в повседневной.</edu>
  <edu id="e3" lang="en">In order to combat this I purchased a mask in order to remain healthier in these situations.</edu>
  <edu id="e3" lang="ru" trans="promt">Чтобы сражаться с этим, я купил маску, чтобы остаться более здоровым в этих ситуациях.</edu>
  <edu id="e3" lang="ru" trans="google">Чтобы бороться с этим, я приобрел маску, чтобы оставаться здоровой в этих ситуациях.</edu>
  <edu id="e3" lang="ru" trans="yandex">В целях борьбы с этим я приобрела маску для того, чтобы оставаться здоровым в таких ситуациях.</edu>
  <adu id="a1" type="pro"/>
  <adu id="a2" type="opp"/>
  <adu id="a3" type="pro"/>
  <edge id="c3" src="e1" trg="a1" type="seg"/>
  <edge id="c4" src="e2" trg="a2" type="seg"/>
  <edge id="c5" src="e3" trg="a3" type="seg"/>
  <edge id="c1" src="a2" trg="a1" type="reb"/>
  <edge id="c2" src="a3" trg="c1" type="und"/>
</arggraph>
