<?xml version='1.0' encoding='UTF-8'?>
<arggraph id="micro_c064">
  <edu id="e1" lang="en">Social media has not improved the lives of teenagers.</edu>
  <edu id="e1" lang="ru" trans="promt">Социальные медиа не улучшили жизни подростков.</edu>
  <edu id="e1" lang="ru" trans="google">Социальные медиа не улучшили жизнь подростков.</edu>
  <edu id="e1" lang="ru" trans="yandex">Социальные медиа, не привела к улучшению жизни подростков.</edu>
  <edu id="e2" lang="en">There is so much negativity on social media.</edu>
  <edu id="e2" lang="ru" trans="promt">В социальных сетях есть так много отрицательности.</edu>
  <edu id="e2" lang="ru" trans="google">В социальных сетях так много негатива.</edu>
  <edu id="e2" lang="ru" trans="yandex">Там столько негатива в социальных сетях.</edu>
  <edu id="e3" lang="en">Too many people believe that they can say whatever they want without any consequences.</edu>
  <edu id="e3" lang="ru" trans="promt">Слишком много людей полагают, что могут сказать, что они хотят без любых последствий.</edu>
  <edu id="e3" lang="ru" trans="google">Слишком много людей считают, что они могут сказать все, что хотят, без каких-либо последствий.</edu>
  <edu id="e3" lang="ru" trans="yandex">Слишком много людей считают, что они могут говорить все что хотят без каких-либо последствий.</edu>
  <edu id="e4" lang="en">People say things on social media that they would not say in person.</edu>
  <edu id="e4" lang="ru" trans="promt">Люди говорят вещи относительно социальных сетей, что не сказали бы лично.</edu>
  <edu id="e4" lang="ru" trans="google">Люди говорят о вещах в социальных сетях, что они не будут говорить лично.</edu>
  <edu id="e4" lang="ru" trans="yandex">Люди говорят о социальных медиа, что они не сказали бы в лицо.</edu>
  <adu id="a1" type="pro"/>
  <adu id="a2" type="pro"/>
  <adu id="a3" type="pro"/>
  <adu id="a4" type="pro"/>
  <edge id="c4" src="e1" trg="a1" type="seg"/>
  <edge id="c5" src="e2" trg="a2" type="seg"/>
  <edge id="c6" src="e3" trg="a3" type="seg"/>
  <edge id="c7" src="e4" trg="a4" type="seg"/>
  <edge id="c1" src="a2" trg="a1" type="sup"/>
  <edge id="c2" src="a3" trg="a1" type="sup"/>
  <edge id="c3" src="a4" trg="a1" type="sup"/>
</arggraph>
