<?xml version='1.0' encoding='UTF-8'?>
<arggraph id="micro_c062">
  <edu id="e1" lang="en">Social media has improved the lives of teenagers.</edu>
  <edu id="e1" lang="ru" trans="promt">Социальные медиа улучшили жизни подростков.</edu>
  <edu id="e1" lang="ru" trans="google">Социальные медиа улучшили жизнь подростков.</edu>
  <edu id="e1" lang="ru" trans="yandex">Социальные медиа способствуют улучшению жизни подростков.</edu>
  <edu id="e2" lang="en">As an umbrella term, its impact can be nebulous,</edu>
  <edu id="e2" lang="ru" trans="promt">Как обобщающее понятие, его воздействие может быть туманным,</edu>
  <edu id="e2" lang="ru" trans="google">В качестве зонтичного термина его воздействие может быть туманным,</edu>
  <edu id="e2" lang="ru" trans="yandex">В качестве обобщающего термина, его воздействие может быть туманной,</edu>
  <edu id="e3" lang="en">but the simple fact remains that young people today can find it easier to find like-minded others and new friends who share even uncommon interests.</edu>
  <edu id="e3" lang="ru" trans="promt">но очевидный факт остается, что молодые люди сегодня могут найти легче найти аналогично мыслящих других и новых друзей, которые разделяют даже необычные интересы.</edu>
  <edu id="e3" lang="ru" trans="google">но остается простой факт, что молодые люди сегодня могут легко найти единомышленников и новых друзей, которые разделяют даже необычные интересы.</edu>
  <edu id="e3" lang="ru" trans="yandex">но просто факт остается фактом, что сегодня молодые люди могут найти его легче найти единомышленников, других и новых друзей, которые разделяют даже необычные интересы.</edu>
  <edu id="e4" lang="en">They can reach out for support or camaraderie at pretty much any time rather than being limited to time spent physically with others their own age.</edu>
  <edu id="e4" lang="ru" trans="promt">Они могут протянуться для поддержки или духа товарищества в в значительной степени любое время вместо того, чтобы быть ограниченными временем, проведенным физически с другими их собственный возраст.</edu>
  <edu id="e4" lang="ru" trans="google">Они могут достичь поддержки или товарищества в значительной степени в любое время, а не ограничиваться временем, проведенным физически с другими людьми своего возраста.</edu>
  <edu id="e4" lang="ru" trans="yandex">Они могут обратиться за помощью или товарищества в значительной степени любое время, а не ограничивается время, проведенное физически со своими сверстниками.</edu>
  <edu id="e5" lang="en">They can share what matters to them and feel validation that adolescents in the past may have been unable to find.</edu>
  <edu id="e5" lang="ru" trans="promt">Они могут разделить, какие вопросы им и чувствуют проверку, которую подростки в прошлом, возможно, были неспособны найти.</edu>
  <edu id="e5" lang="ru" trans="google">Они могут делиться тем, что для них важно, и чувствовать уверенность в том, что подростки в прошлом, возможно, не смогли найти.</edu>
  <edu id="e5" lang="ru" trans="yandex">Они могут поделиться тем, что важно для них и чувствовать себя проверки, что подростки в прошлом, возможно, не удалось найти.</edu>
  <edu id="e6" lang="en">Though many point out the dangers of online bullying or even adult predators,</edu>
  <edu id="e6" lang="ru" trans="promt">Хотя многие указывают на опасности запугивания онлайн или даже взрослых хищников,</edu>
  <edu id="e6" lang="ru" trans="google">Хотя многие указывают на опасность онлайн-издевательств или даже взрослых хищников,</edu>
  <edu id="e6" lang="ru" trans="yandex">Хотя многие указывают на опасность онлайн издевательства или даже взрослых хищников,</edu>
  <edu id="e7" lang="en">the overarching truth is that social media afford teenagers the opportunity for meaningful interaction impossible before its advent.</edu>
  <edu id="e7" lang="ru" trans="promt">всеобъемлющая правда - то, что социальные сети предоставляют подросткам возможность для значащего взаимодействия, невозможного перед его появлением.</edu>
  <edu id="e7" lang="ru" trans="google">общая истина заключается в том, что социальные медиа предоставляют подросткам возможность для значимого взаимодействия невозможным до его появления.</edu>
  <edu id="e7" lang="ru" trans="yandex">главная истина заключается в том, что социальные медиа позволять подросткам возможность для конструктивного взаимодействия невозможно до его появления.</edu>
  <adu id="a1" type="pro"/>
  <adu id="a2" type="opp"/>
  <adu id="a3" type="pro"/>
  <adu id="a4" type="pro"/>
  <adu id="a5" type="pro"/>
  <adu id="a6" type="opp"/>
  <adu id="a7" type="pro"/>
  <edge id="c7" src="e1" trg="a1" type="seg"/>
  <edge id="c8" src="e2" trg="a2" type="seg"/>
  <edge id="c9" src="e3" trg="a3" type="seg"/>
  <edge id="c10" src="e4" trg="a4" type="seg"/>
  <edge id="c11" src="e5" trg="a5" type="seg"/>
  <edge id="c12" src="e6" trg="a6" type="seg"/>
  <edge id="c13" src="e7" trg="a7" type="seg"/>
  <edge id="c1" src="a2" trg="a1" type="reb"/>
  <edge id="c2" src="a3" trg="c1" type="und"/>
  <edge id="c3" src="a4" trg="a1" type="sup"/>
  <edge id="c4" src="a5" trg="a1" type="sup"/>
  <edge id="c5" src="a6" trg="a1" type="reb"/>
  <edge id="c6" src="a7" trg="c5" type="und"/>
</arggraph>
