<?xml version='1.0' encoding='UTF-8'?>
<arggraph id="micro_c177">
  <edu id="e1" lang="en">If you do not have any siblings, you have all the attention of your parents and do not have to share.</edu>
  <edu id="e1" lang="ru" trans="promt">Если у Вас нет родных братьев, Вы имеете все внимание своих родителей и не должны разделять.</edu>
  <edu id="e1" lang="ru" trans="google">Если у вас нет братьев и сестер, у вас есть все внимание ваших родителей и не нужно делиться ими.</edu>
  <edu id="e1" lang="ru" trans="yandex">Если у вас нет ни братьев, ни сестер, у вас все внимание ваших родителей и не придется делить.</edu>
  <edu id="e2" lang="en">Furthermore, you don't have any sibling rivalry.</edu>
  <edu id="e2" lang="ru" trans="promt">Кроме того, у Вас нет конкуренции родного брата.</edu>
  <edu id="e2" lang="ru" trans="google">Кроме того, у вас нет соперничества между братьями и сестрами.</edu>
  <edu id="e2" lang="ru" trans="yandex">Кроме того, вы не имеют каких-либо соперничество.</edu>
  <edu id="e3" lang="en">You don't have to argue about which TV show to watch.</edu>
  <edu id="e3" lang="ru" trans="promt">Вы не должны спорить о который сериал смотреть.</edu>
  <edu id="e3" lang="ru" trans="google">Вам не нужно спорить о том, какое телешоу смотреть.</edu>
  <edu id="e3" lang="ru" trans="yandex">Вам не придется спорить о том, что ТВ-шоу смотреть.</edu>
  <edu id="e4" lang="en">There is no pressure to do better than some one else.</edu>
  <edu id="e4" lang="ru" trans="promt">Нет никакого давления еще, чтобы добиться большего успеха, чем кто-то.</edu>
  <edu id="e4" lang="ru" trans="google">Нет никакого давления, чтобы сделать лучше, чем кто-либо другой.</edu>
  <edu id="e4" lang="ru" trans="yandex">Нет никакого давления, чтобы сделать лучше, чем кто-то другой.</edu>
  <edu id="e5" lang="en">Furthermore you do not have to be a role model for them.</edu>
  <edu id="e5" lang="ru" trans="promt">Кроме того, Вы не должны быть образцом для подражания для них.</edu>
  <edu id="e5" lang="ru" trans="google">Кроме того, вам не обязательно быть образцом для подражания для них.</edu>
  <edu id="e5" lang="ru" trans="yandex">Кроме того, вы не должны быть образцом для подражания для них.</edu>
  <edu id="e6" implicit="true" lang="en">It is good to be the only child.</edu>
  <edu id="e6" lang="ru" trans="promt">Хорошо быть единственным ребенком.</edu>
  <edu id="e6" lang="ru" trans="google">Хорошо быть единственным ребенком.</edu>
  <edu id="e6" lang="ru" trans="yandex">Это хорошо, чтобы быть единственным ребенком.</edu>
  <adu id="a1" type="pro"/>
  <adu id="a2" type="pro"/>
  <adu id="a3" type="pro"/>
  <adu id="a4" type="pro"/>
  <adu id="a5" type="pro"/>
  <adu id="a6" type="pro"/>
  <edge id="c6" src="e1" trg="a1" type="seg"/>
  <edge id="c7" src="e2" trg="a2" type="seg"/>
  <edge id="c8" src="e3" trg="a3" type="seg"/>
  <edge id="c9" src="e4" trg="a4" type="seg"/>
  <edge id="c10" src="e5" trg="a5" type="seg"/>
  <edge id="c11" src="e6" trg="a6" type="seg"/>
  <edge id="c1" src="a1" trg="a6" type="sup"/>
  <edge id="c2" src="a2" trg="a6" type="sup"/>
  <edge id="c3" src="a3" trg="a2" type="exa"/>
  <edge id="c4" src="a4" trg="a6" type="sup"/>
  <edge id="c5" src="a5" trg="a6" type="sup"/>
</arggraph>
