<?xml version='1.0' encoding='UTF-8'?>
<arggraph id="micro_c175">
  <edu id="e1" lang="en">Helicopter parents, because they are overly protective,</edu>
  <edu id="e1" lang="ru" trans="promt">Родители-вертолеты, потому что они чрезмерно защитные,</edu>
  <edu id="e1" lang="ru" trans="google">Родители вертолетов, потому что они чрезмерно защитные,</edu>
  <edu id="e1" lang="ru" trans="yandex">Вертолет родителей, потому что они чрезмерно защитный,</edu>
  <edu id="e2" lang="en">tend not to allow their children to develop the ability to effectively cope with adversity on their own.</edu>
  <edu id="e2" lang="ru" trans="promt">будьте склонны не позволять их детям развивать способность эффективно справиться с бедственной ситуацией самостоятельно.</edu>
  <edu id="e2" lang="ru" trans="google">как правило, не позволяют своим детям развивать способность эффективно справляться с невзгодами самостоятельно.</edu>
  <edu id="e2" lang="ru" trans="yandex">как правило, не позволяют своим детям развить способность эффективно справляться с невзгодами самостоятельно.</edu>
  <edu id="e3" lang="en">Further, such parents' constant hovering prevents their children from really experiencing independence or fully appreciating the benefits (and perils) of risk taking.</edu>
  <edu id="e3" lang="ru" trans="promt">Далее, постоянное парение таких родителей предотвращает их детей от реального преодоления независимости или осознавания преимуществ (и опасности) принятия риска.</edu>
  <edu id="e3" lang="ru" trans="google">Кроме того, постоянное зависание таких родителей мешает их детям действительно испытывать независимость или полностью оценивать преимущества (и риски) риска.</edu>
  <edu id="e3" lang="ru" trans="yandex">Кроме того, такие родители постоянно витает лишает детей действительно переживает независимости или в полной мере оценить преимущества (и недостатки) принятия риска.</edu>
  <edu id="e4" lang="en">There are, of course, real safety concerns from which children need to be protected.</edu>
  <edu id="e4" lang="ru" trans="promt">Есть, конечно, реальные проблемы безопасности, от которых должны быть защищены дети.</edu>
  <edu id="e4" lang="ru" trans="google">Разумеется, существуют реальные проблемы безопасности, с которыми дети нуждаются в защите.</edu>
  <edu id="e4" lang="ru" trans="yandex">Есть, конечно, касается реальной безопасности, из которых детей нужно защитить.</edu>
  <edu id="e5" lang="en">However, excessive parental caution is likely to result in children who grow into adults less capable than otherwise in dealing with a complex, sometimes unfriendly, world.</edu>
  <edu id="e5" lang="ru" trans="promt">Однако чрезмерная родительская осторожность, вероятно, приведет к детям, которые превращаются во взрослых, менее способных, чем иначе имея дело с комплексом, иногда недружелюбным, мир.</edu>
  <edu id="e5" lang="ru" trans="google">Однако чрезмерная родительская осторожность может привести к тому, что дети, которые превратятся в взрослых, менее способных, чем другие, справятся со сложным, иногда недружественным миром.</edu>
  <edu id="e5" lang="ru" trans="yandex">Однако, чрезмерная родительская осторожность может привести в детях, которые превращаются во взрослых людей, менее способных, чем в противном случае в работе со сложным, порой недружелюбны, мир.</edu>
  <edu id="e6" implicit="true" lang="en">Helicopter parents are bad for their children.</edu>
  <edu id="e6" lang="ru" trans="promt">Родители-вертолеты плохи для своих детей.</edu>
  <edu id="e6" lang="ru" trans="google">Родители вертолетов плохо для своих детей.</edu>
  <edu id="e6" lang="ru" trans="yandex">Вертолет родители плохо относятся к своим детям.</edu>
  <adu id="a1" type="pro"/>
  <adu id="a2" type="pro"/>
  <adu id="a3" type="pro"/>
  <adu id="a4" type="pro"/>
  <adu id="a5" type="opp"/>
  <adu id="a6" type="pro"/>
  <edge id="c6" src="e1" trg="a2" type="seg"/>
  <edge id="c7" src="e2" trg="a3" type="seg"/>
  <edge id="c8" src="e3" trg="a4" type="seg"/>
  <edge id="c9" src="e4" trg="a5" type="seg"/>
  <edge id="c10" src="e5" trg="a6" type="seg"/>
  <edge id="c11" src="e6" trg="a1" type="seg"/>
  <edge id="c1" src="a2" trg="a3" type="sup"/>
  <edge id="c2" src="a3" trg="a1" type="sup"/>
  <edge id="c3" src="a4" trg="a1" type="sup"/>
  <edge id="c4" src="a5" trg="c3" type="und"/>
  <edge id="c5" src="a6" trg="c4" type="und"/>
</arggraph>
