<?xml version='1.0' encoding='UTF-8'?>
<arggraph id="micro_c147">
  <edu id="e1" lang="en">Long distance relationships test the strength of any relationship.</edu>
  <edu id="e1" lang="ru" trans="promt">Отношения большого расстояния проверяют силу любых отношений.</edu>
  <edu id="e1" lang="ru" trans="google">Длительные отношения проверяют силу любых отношений.</edu>
  <edu id="e1" lang="ru" trans="yandex">Отношения на расстоянии-испытание на прочность любых отношений.</edu>
  <edu id="e2" lang="en">Each person involved must want the relationship to work for it to actually happen.</edu>
  <edu id="e2" lang="ru" trans="promt">Каждое заинтересованное лицо должно хотеть, чтобы отношения работали на него, чтобы на самом деле произойти.</edu>
  <edu id="e2" lang="ru" trans="google">Каждый вовлеченный человек должен хотеть, чтобы отношения работали для него, чтобы на самом деле произойти.</edu>
  <edu id="e2" lang="ru" trans="yandex">Каждый человек должен хотеть, чтобы отношения к работе для того, чтобы на самом деле произошло.</edu>
  <edu id="e3" lang="en">They would also need to understand that there is going to be a lack of any physical contact for a long period of time.</edu>
  <edu id="e3" lang="ru" trans="promt">Они должны были бы также понять, что там будет отсутствием любого физического контакта в течение длительного периода времени.</edu>
  <edu id="e3" lang="ru" trans="google">Им также необходимо будет понять, что в течение длительного периода времени будет отсутствовать какой-либо физический контакт.</edu>
  <edu id="e3" lang="ru" trans="yandex">Они также должны понимать, что там будет отсутствие какого-либо физического контакта в течение длительного периода времени.</edu>
  <edu id="e4" lang="en">I feel that in humanity there is a need for physical intimacy for anyone</edu>
  <edu id="e4" lang="ru" trans="promt">Я чувствую, что в человечестве есть потребность в физической близости для любого</edu>
  <edu id="e4" lang="ru" trans="google">Я чувствую, что в человечестве существует потребность в физической близости для всех</edu>
  <edu id="e4" lang="ru" trans="yandex">Я чувствую, что у человечества есть потребность в физической близости для тех, кто</edu>
  <edu id="e5" lang="en">so by being so distant you can't make that happen.</edu>
  <edu id="e5" lang="ru" trans="promt">таким образом, будучи настолько отдаленными Вы не можете заставить это произойти.</edu>
  <edu id="e5" lang="ru" trans="google">поэтому, будучи настолько далеким, вы не можете этого сделать.</edu>
  <edu id="e5" lang="ru" trans="yandex">так что, будучи таким далеким ты не можешь это сделать.</edu>
  <edu id="e6" lang="en">For this reason I think they usually work at first but however over time they will fail to meet all the criteria of a good relationship.</edu>
  <edu id="e6" lang="ru" trans="promt">Поэтому я думаю, что они обычно работают сначала, но однако со временем они не будут соответствовать всем критериям хороших отношений.</edu>
  <edu id="e6" lang="ru" trans="google">По этой причине я думаю, что они обычно работают сначала, но со временем они не смогут соответствовать всем критериям хороших отношений.</edu>
  <edu id="e6" lang="ru" trans="yandex">По этой причине я думаю, что они, как правило, работают на первый, но тем не менее с течением времени они не отвечают всем критериям хороших отношениях.</edu>
  <adu id="a1" type="pro"/>
  <adu id="a2" type="pro"/>
  <adu id="a3" type="pro"/>
  <adu id="a4" type="pro"/>
  <edge id="c4" src="e3" trg="a1" type="seg"/>
  <edge id="c5" src="e4" trg="a2" type="seg"/>
  <edge id="c6" src="e5" trg="a3" type="seg"/>
  <edge id="c7" src="e6" trg="a4" type="seg"/>
  <edge id="c1" src="a1" trg="a4" type="sup"/>
  <edge id="c2" src="a2" trg="c1" type="add"/>
  <edge id="c3" src="a3" trg="c1" type="add"/>
</arggraph>
