<?xml version='1.0' encoding='UTF-8'?>
<arggraph id="micro_c153">
  <edu id="e1" lang="en">A divorce can be beneficial for the children.</edu>
  <edu id="e1" lang="ru" trans="promt">Развод может быть выгодным для детей.</edu>
  <edu id="e1" lang="ru" trans="google">Развод может быть полезен для детей.</edu>
  <edu id="e1" lang="ru" trans="yandex">Развод может быть полезно для детей.</edu>
  <edu id="e2" lang="en">It removes them from a toxic environment.</edu>
  <edu id="e2" lang="ru" trans="promt">Это удаляет их из токсичной окружающей среды.</edu>
  <edu id="e2" lang="ru" trans="google">Он удаляет их из токсичной среды.</edu>
  <edu id="e2" lang="ru" trans="yandex">Он удаляет их от токсичного окружения.</edu>
  <edu id="e3" lang="en">It also allows the parents to focus on the children instead of fighting with their spouse.</edu>
  <edu id="e3" lang="ru" trans="promt">Это также позволяет родителям сосредотачиваться на детях вместо того, чтобы бороться с их супругом.</edu>
  <edu id="e3" lang="ru" trans="google">Это также позволяет родителям сосредоточиться на детях, а не сражаться со своим супругом.</edu>
  <edu id="e3" lang="ru" trans="yandex">Она также позволяет родителям, чтобы сосредоточиться на детей, вместо того, чтобы бороться со своими супругами.</edu>
  <adu id="a1" type="pro"/>
  <adu id="a2" type="pro"/>
  <adu id="a3" type="pro"/>
  <edge id="c3" src="e1" trg="a1" type="seg"/>
  <edge id="c4" src="e2" trg="a2" type="seg"/>
  <edge id="c5" src="e3" trg="a3" type="seg"/>
  <edge id="c1" src="a2" trg="a1" type="sup"/>
  <edge id="c2" src="a3" trg="a1" type="sup"/>
</arggraph>
