<?xml version='1.0' encoding='UTF-8'?>
<arggraph id="micro_c008">
  <edu id="e1" lang="en">I think it's possible for older people to be better parents.</edu>
  <edu id="e1" lang="ru" trans="promt">Я думаю, что для пожилых людей возможно быть лучшими родителями.</edu>
  <edu id="e1" lang="ru" trans="google">Я думаю, что пожилые люди могут стать лучшими родителями.</edu>
  <edu id="e1" lang="ru" trans="yandex">Я думаю, что это возможно для пожилых людей, чтобы быть лучше родителей.</edu>
  <edu id="e2" lang="en">They have had time to mature more and learn about themselves.</edu>
  <edu id="e2" lang="ru" trans="promt">У них было время, чтобы назреть больше и узнать о себе.</edu>
  <edu id="e2" lang="ru" trans="google">Они успели побольше узнать и узнать о себе.</edu>
  <edu id="e2" lang="ru" trans="yandex">Они уже успели более зрелых и узнать о себе.</edu>
  <edu id="e3" lang="en">They're more likely to have steady careers going</edu>
  <edu id="e3" lang="ru" trans="promt">У них, более вероятно, будет устойчивое карьерное движение</edu>
  <edu id="e3" lang="ru" trans="google">Скорее всего, у них будет устойчивая карьера</edu>
  <edu id="e3" lang="ru" trans="yandex">Они более правоподобны для того чтобы иметь устойчивый карьеры будет</edu>
  <edu id="e4" lang="en">so they can provide for a child.</edu>
  <edu id="e4" lang="ru" trans="promt">таким образом, они могут предусмотреть ребенка.</edu>
  <edu id="e4" lang="ru" trans="google">поэтому они могут обеспечить ребенка.</edu>
  <edu id="e4" lang="ru" trans="yandex">так они смогут обеспечить ребенку.</edu>
  <edu id="e5" lang="en">Some might say being too old risks the child being disabled,</edu>
  <edu id="e5" lang="ru" trans="promt">Некоторые могли бы сказать быть слишком старыми рисками искалеченный ребенок,</edu>
  <edu id="e5" lang="ru" trans="google">Некоторые могут сказать, что быть слишком старыми, чтобы ребенок был инвалидом,</edu>
  <edu id="e5" lang="ru" trans="yandex">Некоторые могут сказать, слишком старые риски ребенка-инвалида,</edu>
  <edu id="e6" lang="en">but insisting all babies be perfect is demanding the impossible</edu>
  <edu id="e6" lang="ru" trans="promt">но настаивание всех младенцев быть прекрасным требует невозможное</edu>
  <edu id="e6" lang="ru" trans="google">но настаивая на том, чтобы все дети были совершенными, требует невозможного</edu>
  <edu id="e6" lang="ru" trans="yandex">но настаивать все дети быть совершенным, требует невозможного</edu>
  <edu id="e7" lang="en">as well as demeaning to people already living who are disabled.</edu>
  <edu id="e7" lang="ru" trans="promt">а также унижение людям, уже живущим, кто искалечен.</edu>
  <edu id="e7" lang="ru" trans="google">а также унижение людей, которые уже живут, которые являются инвалидами.</edu>
  <edu id="e7" lang="ru" trans="yandex">а также унижает людей, уже живущих, которые являются инвалидами.</edu>
  <adu id="a1" type="pro"/>
  <adu id="a2" type="pro"/>
  <adu id="a3" type="pro"/>
  <adu id="a4" type="pro"/>
  <adu id="a5" type="opp"/>
  <adu id="a6" type="pro"/>
  <adu id="a7" type="pro"/>
  <edge id="c7" src="e1" trg="a1" type="seg"/>
  <edge id="c8" src="e2" trg="a2" type="seg"/>
  <edge id="c9" src="e3" trg="a3" type="seg"/>
  <edge id="c10" src="e4" trg="a4" type="seg"/>
  <edge id="c11" src="e5" trg="a5" type="seg"/>
  <edge id="c12" src="e6" trg="a6" type="seg"/>
  <edge id="c13" src="e7" trg="a7" type="seg"/>
  <edge id="c1" src="a2" trg="a1" type="sup"/>
  <edge id="c2" src="a3" trg="a4" type="sup"/>
  <edge id="c3" src="a4" trg="a1" type="sup"/>
  <edge id="c4" src="a5" trg="a1" type="reb"/>
  <edge id="c5" src="a6" trg="c4" type="und"/>
  <edge id="c6" src="a7" trg="c5" type="add"/>
</arggraph>
