<?xml version='1.0' encoding='UTF-8'?>
<arggraph id="micro_c138">
  <edu id="e1" lang="en">Wind energy is a significant part of meeting the needs of society in the future</edu>
  <edu id="e1" lang="ru" trans="promt">Энергия ветра - значительная часть удовлетворения потребностей общества в будущем</edu>
  <edu id="e1" lang="ru" trans="google">Энергия ветра является важной частью удовлетворения потребностей общества в будущем</edu>
  <edu id="e1" lang="ru" trans="yandex">Энергия ветра является важной частью удовлетворения потребностей общества в будущее</edu>
  <edu id="e2" lang="en">and with proper government regulation, the spread of it can be faster.</edu>
  <edu id="e2" lang="ru" trans="promt">и с надлежащим правительственным регулированием, распространение его может быть быстрее.</edu>
  <edu id="e2" lang="ru" trans="google">и при правильном государственном регулировании распространение его может быть более быстрым.</edu>
  <edu id="e2" lang="ru" trans="yandex">и при правильном государственном регулировании, распространение может быть быстрее.</edu>
  <edu id="e3" lang="en">By passing laws and offering the proper incentives private companies can be motivated to pursue more development and use of wind energy.</edu>
  <edu id="e3" lang="ru" trans="promt">Принимая законы и предлагая надлежащие частные компании стимулов может быть мотивирован, чтобы преследовать больше развития и использования энергии ветра.</edu>
  <edu id="e3" lang="ru" trans="google">Принимая законы и предлагая надлежащие стимулы, частные компании могут быть мотивированы на дальнейшее развитие и использование энергии ветра.</edu>
  <edu id="e3" lang="ru" trans="yandex">Путем принятия законов и надлежащие стимулы частных компаний может быть мотивирован, чтобы преследовать больше развития и использования энергии ветра.</edu>
  <edu id="e4" lang="en">The government has to make the case that wind energy is clean, safe and a way to provide for the future without much intrusion on the environment. Local governments, as well as the federal government, must also coordinate promotion and implementation of wind energy, and finally, the government should force itself by the passing of laws to make government buildings and facilities use wind energy, thereby promoting it.</edu>
  <edu id="e4" lang="ru" trans="promt">Правительство должно сделать случай, что энергия ветра чистая, безопасная и способ предусмотреть будущее без большого вторжения на окружающей среде. Местные органы власти, а также федеральное правительство, должны также скоординировать продвижение и внедрение энергии ветра, и наконец, правительство должно вынудить себя прохождением законов сделать правительственные здания, и средства используют энергию ветра, таким образом, продвигая его.</edu>
  <edu id="e4" lang="ru" trans="google">Правительство должно сделать так, чтобы энергия ветра была чистой, безопасной и способ обеспечить будущее без значительного вторжения в окружающую среду. Местные органы власти, а также федеральное правительство должны также координировать продвижение и внедрение ветроэнергетики, и, наконец, правительство должно заставить себя действовать путем принятия законов, чтобы правительственные здания и объекты использовали энергию ветра, тем самым продвигая ее.</edu>
  <edu id="e4" lang="ru" trans="yandex">Правительство должно сделать так, что энергия ветра является экологически чистым, безопасным и способ обеспечить будущее без особого вторжения на окружающую среду. Местного самоуправления, а также федерального правительства, также должна координировать продвижение и внедрение энергии ветра, и, наконец, правительство должно само усилие по принятию законодательных актов, чтобы сделать правительственных зданий и объектов использования энергии ветра, тем самым продвигая его.</edu>
  <adu id="a1" type="pro"/>
  <adu id="a2" type="pro"/>
  <adu id="a3" type="pro"/>
  <adu id="a4" type="pro"/>
  <edge id="c4" src="e1" trg="a4" type="seg"/>
  <edge id="c5" src="e2" trg="a3" type="seg"/>
  <edge id="c6" src="e3" trg="a2" type="seg"/>
  <edge id="c7" src="e4" trg="a1" type="seg"/>
  <edge id="c1" src="a2" trg="a1" type="sup"/>
  <edge id="c2" src="a3" trg="a1" type="sup"/>
  <edge id="c3" src="a4" trg="a1" type="sup"/>
</arggraph>
