<?xml version='1.0' encoding='UTF-8'?>
<arggraph id="micro_c045">
  <edu id="e1" lang="en">Recycling really does make a difference</edu>
  <edu id="e1" lang="ru" trans="promt">Переработка действительно имеет значение</edu>
  <edu id="e1" lang="ru" trans="google">Утилизация действительно имеет значение</edu>
  <edu id="e1" lang="ru" trans="yandex">Обработка действительно делает разницу</edu>
  <edu id="e2" lang="en">because without it, there would be an abundance of paper, glass, and plastic.</edu>
  <edu id="e2" lang="ru" trans="promt">потому что без него, было бы изобилие бумаги, стекла и пластмассы.</edu>
  <edu id="e2" lang="ru" trans="google">потому что без него будет изобилие бумаги, стекла и пластика.</edu>
  <edu id="e2" lang="ru" trans="yandex">потому что без него не было бы обилия бумаги, стекла и пластика.</edu>
  <edu id="e3" lang="en">If we did not recycle, before long there would be nowhere to put all of the extra garbage.</edu>
  <edu id="e3" lang="ru" trans="promt">Если бы мы не перерабатывали, в ближайшее время не было бы, чтобы нигде не поместить весь дополнительный мусор.</edu>
  <edu id="e3" lang="ru" trans="google">Если бы мы не перерабатывали, надолго некуда было бы положить весь лишний мусор.</edu>
  <edu id="e3" lang="ru" trans="yandex">Если мы не рециркулирует, в скором времени будет некуда девать все лишние мусора.</edu>
  <edu id="e4" lang="en">Recycling helps the environment</edu>
  <edu id="e4" lang="ru" trans="promt">Переработка помогает окружающей среде</edu>
  <edu id="e4" lang="ru" trans="google">Утилизация помогает окружающей среде</edu>
  <edu id="e4" lang="ru" trans="yandex">Обработка помогает окружающей среде</edu>
  <edu id="e5" lang="en">by keeping non-natural things out of it.</edu>
  <edu id="e5" lang="ru" trans="promt">не допуская ненатуральные вещи в него.</edu>
  <edu id="e5" lang="ru" trans="google">сохраняя в нем неестественные вещи.</edu>
  <edu id="e5" lang="ru" trans="yandex">сохраняя ненатуральных вещей из него.</edu>
  <edu id="e6" lang="en">This way, animals do not accidentally eat it and get sick or die.</edu>
  <edu id="e6" lang="ru" trans="promt">Таким образом, животные случайно не едят его и заболели или умирают.</edu>
  <edu id="e6" lang="ru" trans="google">Таким образом, животные не случайно едят его, заболевают или умирают.</edu>
  <edu id="e6" lang="ru" trans="yandex">Таким образом, животные не случайно его съесть и заболеть или умереть.</edu>
  <edu id="e7" lang="en">It also helps keep plastics, which are not biodegradable, out of the environment, and from getting into our water supplies.</edu>
  <edu id="e7" lang="ru" trans="promt">Это также помогает держать пластмассы, которые не биоразлагаемы из окружающей среды, и от вхождения в наше водоснабжение.</edu>
  <edu id="e7" lang="ru" trans="google">Это также помогает удерживать пластмассы, которые не подвержены биологическому разложению, вне окружающей среды и от попадания в наши водопроводные материалы.</edu>
  <edu id="e7" lang="ru" trans="yandex">Он также помогает держать пластмассы, которые не подвергаются биологическому разложению, из окружающей среды, и от попадания в наши запасы воды.</edu>
  <adu id="a1" type="pro"/>
  <adu id="a2" type="pro"/>
  <adu id="a3" type="pro"/>
  <adu id="a4" type="pro"/>
  <adu id="a5" type="pro"/>
  <adu id="a6" type="pro"/>
  <adu id="a7" type="pro"/>
  <edge id="c7" src="e1" trg="a1" type="seg"/>
  <edge id="c8" src="e2" trg="a2" type="seg"/>
  <edge id="c9" src="e3" trg="a3" type="seg"/>
  <edge id="c10" src="e4" trg="a4" type="seg"/>
  <edge id="c11" src="e5" trg="a5" type="seg"/>
  <edge id="c12" src="e6" trg="a6" type="seg"/>
  <edge id="c13" src="e7" trg="a7" type="seg"/>
  <edge id="c1" src="a2" trg="a1" type="sup"/>
  <edge id="c2" src="a3" trg="c1" type="add"/>
  <edge id="c3" src="a4" trg="a1" type="sup"/>
  <edge id="c4" src="a5" trg="a4" type="sup"/>
  <edge id="c5" src="a6" trg="c4" type="add"/>
  <edge id="c6" src="a7" trg="a1" type="sup"/>
</arggraph>
