<?xml version='1.0' encoding='UTF-8'?>
<arggraph id="micro_c053">
  <edu id="e1" lang="en">Recycling lessens the likelihood of wildlife death related to littering.</edu>
  <edu id="e1" lang="ru" trans="promt">Переработка уменьшает вероятность смерти дикой природы, связанной с замусориванием.</edu>
  <edu id="e1" lang="ru" trans="google">Утилизация уменьшает вероятность смерти дикой природы, связанной с засорением.</edu>
  <edu id="e1" lang="ru" trans="yandex">Обработка снижает вероятность смерти диких животных, относящихся к захламлению.</edu>
  <edu id="e2" lang="en">People are more likely to recycle if there is monetary value involved.</edu>
  <edu id="e2" lang="ru" trans="promt">Люди, более вероятно, переработают, если будет включенная денежная стоимость.</edu>
  <edu id="e2" lang="ru" trans="google">Люди с большей вероятностью будут перерабатывать, если есть денежная стоимость.</edu>
  <edu id="e2" lang="ru" trans="yandex">Люди более правоподобны для того чтобы рециркулировать, если есть денежные участвует стоимости.</edu>
  <edu id="e3" lang="en">Also, if one state adopts a deposit on soft drink bottles and cans in order to promote recycling then all of the states should adopt this deposit.</edu>
  <edu id="e3" lang="ru" trans="promt">Кроме того, если одно государство принимает депозит на бутылках безалкогольного напитка и банках, чтобы способствовать переработке тогда, все государства должны принять этот депозит.</edu>
  <edu id="e3" lang="ru" trans="google">Кроме того, если одно государство принимает депозит на бутылки и банки для безалкогольных напитков, чтобы продвигать рециркуляцию, тогда все государства должны принять этот депозит.</edu>
  <edu id="e3" lang="ru" trans="yandex">Кроме того, если одно государство принимает задаток на безалкогольные напитки в бутылках и банках для того, чтобы способствовать переработке, то все государства должны принять этот залог.</edu>
  <edu id="e4" lang="en">However, one would question if people will drive around wasting gas to get to the recycling center.</edu>
  <edu id="e4" lang="ru" trans="promt">Однако можно было бы подвергнуть сомнению, заставят ли люди вокруг траты газа добираться до центра переработки.</edu>
  <edu id="e4" lang="ru" trans="google">Тем не менее, можно было бы задаться вопросом, будут ли люди прогонять газ, чтобы добраться до центра утилизации.</edu>
  <edu id="e4" lang="ru" trans="yandex">Однако, один вопрос, если люди будут ездить тратить газ, чтобы добраться до центра переработки.</edu>
  <edu id="e5" lang="en">The idea of saving wildlife and gaining money from the recycling products would be expected to outweigh the negative aspect of having to use gas actually recycle.</edu>
  <edu id="e5" lang="ru" trans="promt">Идея спасти дикую природу и получить деньги от продуктов переработки, как ожидали бы, перевесит отрицательный аспект необходимости использовать газ, на самом деле перерабатывают.</edu>
  <edu id="e5" lang="ru" trans="google">Ожидается, что идея спасения дикой природы и получения денег от продуктов переработки будет перевешивать негативный аспект использования газа, который фактически перерабатывается.</edu>
  <edu id="e5" lang="ru" trans="yandex">Идея спасения дикой природы и получая деньги от продуктов переработки, как ожидается, перевешивают негативный аспект использования перерабатывать газ.</edu>
  <edu id="e6" implicit="true" lang="en">All states should adopt a deposit on soft dring bottles and cans in order to promote recycling.</edu>
  <edu id="e6" lang="ru" trans="promt">Все государства должны принять депозит на мягких бутылках свободного арендатора и банках, чтобы способствовать переработке.</edu>
  <edu id="e6" lang="ru" trans="google">Все государства должны принять депозит на бутылки и банки для безалкогольных напитков, чтобы способствовать рециркуляции.</edu>
  <edu id="e6" lang="ru" trans="yandex">Все государства должны принять депозит на мягких употребляю бутылок и банок для того, чтобы способствовать переработке.</edu>
  <adu id="a1" type="pro"/>
  <adu id="a2" type="pro"/>
  <adu id="a3" type="pro"/>
  <adu id="a4" type="opp"/>
  <adu id="a5" type="pro"/>
  <adu id="a6" type="pro"/>
  <edge id="c6" src="e1" trg="a1" type="seg"/>
  <edge id="c7" src="e2" trg="a2" type="seg"/>
  <edge id="c8" src="e3" trg="a3" type="seg"/>
  <edge id="c9" src="e4" trg="a4" type="seg"/>
  <edge id="c10" src="e5" trg="a5" type="seg"/>
  <edge id="c11" src="e6" trg="a6" type="seg"/>
  <edge id="c1" src="a1" trg="a6" type="sup"/>
  <edge id="c2" src="a2" trg="a6" type="sup"/>
  <edge id="c3" src="a3" trg="a6" type="sup"/>
  <edge id="c4" src="a4" trg="a6" type="reb"/>
  <edge id="c5" src="a5" trg="c4" type="und"/>
</arggraph>
