<?xml version='1.0' encoding='UTF-8'?>
<arggraph id="micro_c200">
  <edu id="e1" lang="en">Large families are not better for the children.</edu>
  <edu id="e1" lang="ru" trans="promt">Большие семьи не лучше для детей.</edu>
  <edu id="e1" lang="ru" trans="google">Большие семьи не лучше для детей.</edu>
  <edu id="e1" lang="ru" trans="yandex">Многодетным семьям не лучше для детей.</edu>
  <edu id="e2" lang="en">Statistics show there is a larger ratio of teen pregnancies, school dropouts, and criminal convictions in families with more than 3 children.</edu>
  <edu id="e2" lang="ru" trans="promt">Статистические данные показывают, что есть большее отношение подростковых беременностей, школьных уволенных и уголовных осуждений в семьях больше чем с 3 детьми.</edu>
  <edu id="e2" lang="ru" trans="google">Статистика показывает, что в семьях с более чем 3 детьми наблюдается более высокий коэффициент подростковой беременности, отсева из школ и уголовных приговоров.</edu>
  <edu id="e2" lang="ru" trans="yandex">Статистика показывает, имеют большую частоту подростковых беременностей, детей, бросивших школу, и судимости в семьях более 3 детей.</edu>
  <edu id="e3" lang="en">The main problem is the loss of parental focus and guidance for each child.</edu>
  <edu id="e3" lang="ru" trans="promt">Основная проблема - потеря родительского центра и руководства для каждого ребенка.</edu>
  <edu id="e3" lang="ru" trans="google">Основная проблема - потеря родительского внимания и руководства для каждого ребенка.</edu>
  <edu id="e3" lang="ru" trans="yandex">Основной проблемой является потеря родительского внимания и рекомендации для каждого ребенка.</edu>
  <edu id="e4" lang="en">One possible counter argument is that there is more long term bonding and support among the siblings.</edu>
  <edu id="e4" lang="ru" trans="promt">Один возможный встречный аргумент - то, что есть больше долгосрочного соединения и поддержки среди родных братьев.</edu>
  <edu id="e4" lang="ru" trans="google">Один из возможных встречных аргументов заключается в том, что между братьями и сестрами существует более долгосрочная связь и поддержка.</edu>
  <edu id="e4" lang="ru" trans="yandex">Один возможный контраргумент, что есть более долгосрочной перспективе склеивания и поддержка между братьями и сестрами.</edu>
  <edu id="e5" lang="en">I would suggest that this is needed because of the proportionate lack of parental contact and guidance that occurs during childhood in big families.</edu>
  <edu id="e5" lang="ru" trans="promt">Я предположил бы, что это необходимо из-за пропорционального отсутствия родительского контакта и руководства, которое происходит во время детства в больших семьях.</edu>
  <edu id="e5" lang="ru" trans="google">Я бы предположил, что это необходимо из-за пропорционального отсутствия родительского контакта и руководства, которое происходит в детстве в больших семьях.</edu>
  <edu id="e5" lang="ru" trans="yandex">Я бы предположил, что это необходимо из-за пропорциональной отсутствие родительского контакта и наведения, которая возникает в детстве в больших семьях.</edu>
  <adu id="a1" type="pro"/>
  <adu id="a2" type="pro"/>
  <adu id="a3" type="pro"/>
  <adu id="a4" type="opp"/>
  <adu id="a5" type="pro"/>
  <edge id="c5" src="e1" trg="a1" type="seg"/>
  <edge id="c6" src="e2" trg="a2" type="seg"/>
  <edge id="c7" src="e3" trg="a3" type="seg"/>
  <edge id="c8" src="e4" trg="a4" type="seg"/>
  <edge id="c9" src="e5" trg="a5" type="seg"/>
  <edge id="c1" src="a2" trg="a1" type="sup"/>
  <edge id="c2" src="a3" trg="a1" type="sup"/>
  <edge id="c3" src="a4" trg="a1" type="reb"/>
  <edge id="c4" src="a5" trg="c3" type="und"/>
</arggraph>
