<?xml version='1.0' encoding='UTF-8'?>
<arggraph id="micro_c091">
  <edu id="e1" lang="en">People are always trying to think of innovative ways to improve schools, adding video games is now one of them. This makes little sense, however.</edu>
  <edu id="e1" lang="ru" trans="promt">Люди всегда пытаются думать об инновационных способах улучшить школы, добавление, что видеоигры - теперь один из них. Это имеет мало смысла, как бы то ни было.</edu>
  <edu id="e1" lang="ru" trans="google">Люди всегда пытаются подумать об инновационных способах улучшения школ, добавив, что видеоигры теперь одни из них. Однако это мало смысла.</edu>
  <edu id="e1" lang="ru" trans="yandex">Люди постоянно пытаются придумать инновационные способы улучшения школ, добавление видео игр сейчас является одним из них. Однако это имеет мало смысла,.</edu>
  <edu id="e2" lang="en">Adding technology of any kind, even computers, hasn't improved national test scores.</edu>
  <edu id="e2" lang="ru" trans="promt">Добавление технологии любого вида, даже компьютеры, не улучшило национальные экзаменационные отметки.</edu>
  <edu id="e2" lang="ru" trans="google">Добавление технологий любого типа, даже компьютеров, не улучшило национальные тесты.</edu>
  <edu id="e2" lang="ru" trans="yandex">Добавление технологии любого рода, даже компьютеры, не улучшилась национальных тестов.</edu>
  <edu id="e3" lang="en">Some would argue that schools need more money to spend on this kind of creative approach.</edu>
  <edu id="e3" lang="ru" trans="promt">Некоторые утверждали бы, что школам нужно больше денег, чтобы потратить на этот вид творческого подхода.</edu>
  <edu id="e3" lang="ru" trans="google">Некоторые утверждают, что школам нужно больше денег, чтобы тратить на такой творческий подход.</edu>
  <edu id="e3" lang="ru" trans="yandex">Некоторые утверждают, что в школах нужно больше денег тратить на такой творческий подход.</edu>
  <edu id="e4" lang="en">Spending more money, hasn't improved national test scores though.</edu>
  <edu id="e4" lang="ru" trans="promt">Тратя больше денег, не улучшил национальные экзаменационные отметки все же.</edu>
  <edu id="e4" lang="ru" trans="google">Тратя больше денег, тем не менее, не улучшило национальные оценки.</edu>
  <edu id="e4" lang="ru" trans="yandex">Тратить больше денег, хотя это не улучшило национальных тестов.</edu>
  <edu id="e5" lang="en">In the long run, improved test scores and student performance comes from the basics: reading, writing, arithmetic, and especially discipline in the classroom.</edu>
  <edu id="e5" lang="ru" trans="promt">В конечном счете улучшенные экзаменационные отметки и студенческая работа прибывают из основ: чтение, письмо, арифметика, и особенно дисциплинируют в классе.</edu>
  <edu id="e5" lang="ru" trans="google">В конечном счете, улучшенные оценки тестов и успеваемость учащихся основываются на основных принципах: чтение, письмо, арифметика и особенно дисциплина в классе.</edu>
  <edu id="e5" lang="ru" trans="yandex">В конечном счете, улучшить результаты тестов и успеваемости учащихся происходит от основы: чтение, письмо, арифметика, и особенно дисциплину в классе.</edu>
  <edu id="e6" lang="en">Learning comes from hard work; there's no way to sugar-coat it with fun video games.</edu>
  <edu id="e6" lang="ru" trans="promt">Изучение прибывает из тяжелой работы; нет никакого способа приукрасить его с забавными видеоиграми.</edu>
  <edu id="e6" lang="ru" trans="google">Обучение происходит от тяжелой работы; нет никакого способа сахара-пальто с забавными видеоиграми.</edu>
  <edu id="e6" lang="ru" trans="yandex">Изучение приходит от тяжелой работы; нет никакого способа, чтобы подсластить его с удовольствие видеоигры.</edu>
  <edu id="e7" lang="en">Qualified teachers, actually teaching students is what's necessary.</edu>
  <edu id="e7" lang="ru" trans="promt">Компетентные учителя, на самом деле учение студентов - то, что необходимо.</edu>
  <edu id="e7" lang="ru" trans="google">Квалифицированные преподаватели, фактически обучая студентов, - это то, что необходимо.</edu>
  <edu id="e7" lang="ru" trans="yandex">Квалифицированные преподаватели, фактически обучения студентов является то, что необходимо.</edu>
  <adu id="a1" type="pro"/>
  <adu id="a2" type="pro"/>
  <adu id="a3" type="opp"/>
  <adu id="a4" type="pro"/>
  <adu id="a5" type="pro"/>
  <adu id="a6" type="pro"/>
  <adu id="a7" type="pro"/>
  <edge id="c7" src="e1" trg="a1" type="seg"/>
  <edge id="c8" src="e2" trg="a2" type="seg"/>
  <edge id="c9" src="e3" trg="a3" type="seg"/>
  <edge id="c10" src="e4" trg="a4" type="seg"/>
  <edge id="c11" src="e5" trg="a5" type="seg"/>
  <edge id="c12" src="e6" trg="a6" type="seg"/>
  <edge id="c13" src="e7" trg="a7" type="seg"/>
  <edge id="c1" src="a2" trg="a1" type="sup"/>
  <edge id="c2" src="a3" trg="a1" type="reb"/>
  <edge id="c3" src="a4" trg="a3" type="reb"/>
  <edge id="c4" src="a5" trg="a4" type="sup"/>
  <edge id="c5" src="a6" trg="a1" type="sup"/>
  <edge id="c6" src="a7" trg="a1" type="sup"/>
</arggraph>
