<?xml version='1.0' encoding='UTF-8'?>
<arggraph id="micro_c056">
  <edu id="e1" lang="en">All states should adopt a deposit on soft drink bottles and cans</edu>
  <edu id="e1" lang="ru" trans="promt">Все государства должны принять депозит на бутылках безалкогольного напитка и банках</edu>
  <edu id="e1" lang="ru" trans="google">Все государства должны принять депозит на бутылки и банки с безалкогольными напитками</edu>
  <edu id="e1" lang="ru" trans="yandex">Все государства должны принять депозит на безалкогольные напитки в бутылок и банок</edu>
  <edu id="e2" lang="en">because it greatly incentives recycling.</edu>
  <edu id="e2" lang="ru" trans="promt">потому что это значительно стимулы переработать.</edu>
  <edu id="e2" lang="ru" trans="google">потому что это сильно стимулирует рециркуляцию.</edu>
  <edu id="e2" lang="ru" trans="yandex">потому что это сильно переработки отходов.</edu>
  <edu id="e3" lang="en">The five or ten cent deposit is noticeable and serves as a reminder of recycling during checkout.</edu>
  <edu id="e3" lang="ru" trans="promt">Депозит в размере пяти или десяти центов примечателен и служит напоминанием переработки во время контроля.</edu>
  <edu id="e3" lang="ru" trans="google">Залог на пять или десять процентов является заметным и служит напоминанием об утилизации во время оформления заказа.</edu>
  <edu id="e3" lang="ru" trans="yandex">Пять или десять процентов депозит заметно, и служит напоминанием о переработке во время проверки.</edu>
  <edu id="e4" lang="en">Once you have collected a bag or two full of cans and bottles, returning those cans and bottles is worth $5-$15, a meaningful amount of money for many people and families.</edu>
  <edu id="e4" lang="ru" trans="promt">Как только Вы собрали сумку или две полные из банок, и бутылки, возвращая те банки и бутылки стоит $5-15, значащая сумма денег для многих людей и семей.</edu>
  <edu id="e4" lang="ru" trans="google">После того, как вы собрали сумку или две полные банки и бутылки, возвращение этих банок и бутылок стоит $ 5-15, значительная сумма денег для многих людей и семей.</edu>
  <edu id="e4" lang="ru" trans="yandex">После того как вы собрали сумку или двух полных банок и бутылок, возвращение этих банок и бутылок стоит $5-$15, значимую сумму денег для многих людей и семей.</edu>
  <edu id="e5" lang="en">Recycling is vital</edu>
  <edu id="e5" lang="ru" trans="promt">Переработка жизненно важна</edu>
  <edu id="e5" lang="ru" trans="google">Утилизация жизненно важна</edu>
  <edu id="e5" lang="ru" trans="yandex">Обработка жизненно важна</edu>
  <edu id="e6" lang="en">and incentivizing it in this simple way works.</edu>
  <edu id="e6" lang="ru" trans="promt">и стимулирование его этим простым способом работы.</edu>
  <edu id="e6" lang="ru" trans="google">и стимулирует его этим простым способом.</edu>
  <edu id="e6" lang="ru" trans="yandex">и стимулировать ее таким нехитрым способом работает.</edu>
  <adu id="a1" type="pro"/>
  <adu id="a2" type="pro"/>
  <adu id="a3" type="pro"/>
  <adu id="a4" type="pro"/>
  <adu id="a5" type="pro"/>
  <adu id="a6" type="pro"/>
  <edge id="c6" src="e1" trg="a1" type="seg"/>
  <edge id="c7" src="e2" trg="a2" type="seg"/>
  <edge id="c8" src="e3" trg="a3" type="seg"/>
  <edge id="c9" src="e4" trg="a4" type="seg"/>
  <edge id="c10" src="e5" trg="a5" type="seg"/>
  <edge id="c11" src="e6" trg="a6" type="seg"/>
  <edge id="c1" src="a2" trg="a1" type="sup"/>
  <edge id="c2" src="a3" trg="a2" type="sup"/>
  <edge id="c3" src="a4" trg="a3" type="exa"/>
  <edge id="c4" src="a5" trg="a2" type="sup"/>
  <edge id="c5" src="a6" trg="c4" type="add"/>
</arggraph>
