<?xml version='1.0' encoding='UTF-8'?>
<arggraph id="micro_c185">
  <edu id="e1" lang="en">Families participating in sports teams can be a good way to bond.</edu>
  <edu id="e1" lang="ru" trans="promt">Семьи, участвующие в спортивных командах, могут быть хорошим способом сцепиться.</edu>
  <edu id="e1" lang="ru" trans="google">Семьи, участвующие в спортивных командах, могут быть хорошим способом скрепления.</edu>
  <edu id="e1" lang="ru" trans="yandex">Семей, участвующих в спортивных командах могут быть хорошим способом для связи.</edu>
  <edu id="e2" lang="en">When families are competing together and working together as a team they feel more connected and engaged with each other.</edu>
  <edu id="e2" lang="ru" trans="promt">Когда семьи конкурируют вместе и сотрудничают как команда, они чувствуют себя более связанными и помолвленными друг с другом.</edu>
  <edu id="e2" lang="ru" trans="google">Когда семьи конкурируют друг с другом и работают вместе как команда, они чувствуют себя более связанными и связанными друг с другом.</edu>
  <edu id="e2" lang="ru" trans="yandex">Когда семьи соревнуются вместе и работать вместе как команда, они чувствуют себя более связаны и взаимодействуют друг с другом.</edu>
  <edu id="e3" lang="en">It is also an excellent way to improve the family's total health.</edu>
  <edu id="e3" lang="ru" trans="promt">Это - также отличный способ улучшить полное здоровье семьи.</edu>
  <edu id="e3" lang="ru" trans="google">Это также отличный способ улучшить общее здоровье семьи.</edu>
  <edu id="e3" lang="ru" trans="yandex">Это также отличный способ, чтобы улучшить общее здоровье семьи.</edu>
  <edu id="e4" lang="en">Sports also helps to teach families discipline.</edu>
  <edu id="e4" lang="ru" trans="promt">Спорт также помогает преподавать семейную дисциплину.</edu>
  <edu id="e4" lang="ru" trans="google">Спорт также помогает учить семейную дисциплину.</edu>
  <edu id="e4" lang="ru" trans="yandex">Спорт также помогает научить семьи дисциплина.</edu>
  <edu id="e5" lang="en">The risk of injury is a possible side effect from families doing sports together,</edu>
  <edu id="e5" lang="ru" trans="promt">Риск травмирования - возможный побочный эффект от семей, занимающихся спортом вместе,</edu>
  <edu id="e5" lang="ru" trans="google">Риск травмы - возможный побочный эффект от семей, занимающихся спортом вместе,</edu>
  <edu id="e5" lang="ru" trans="yandex">Риск получения травмы-это возможный побочный эффект от семей, занимались спортом вместе,</edu>
  <edu id="e6" lang="en">but the positive benefits far outweigh any risks.</edu>
  <edu id="e6" lang="ru" trans="promt">но положительные преимущества далеко перевешивают любые риски.</edu>
  <edu id="e6" lang="ru" trans="google">но положительные выгоды намного перевешивают любые риски.</edu>
  <edu id="e6" lang="ru" trans="yandex">но преимущества намного перевешивают любые риски.</edu>
  <edu id="e7" implicit="true" lang="en">Doing sports together is a good thing for families.</edu>
  <edu id="e7" lang="ru" trans="promt">Занимание спортом вместе является хорошей вещью для семей.</edu>
  <edu id="e7" lang="ru" trans="google">Занятия спортом вместе - это хорошо для семей.</edu>
  <edu id="e7" lang="ru" trans="yandex">Заниматься спортом вместе-это хорошо для семьи.</edu>
  <adu id="a1" type="pro"/>
  <adu id="a2" type="pro"/>
  <adu id="a3" type="pro"/>
  <adu id="a4" type="pro"/>
  <adu id="a5" type="pro"/>
  <adu id="a6" type="opp"/>
  <adu id="a7" type="pro"/>
  <edge id="c7" src="e1" trg="a2" type="seg"/>
  <edge id="c8" src="e2" trg="a3" type="seg"/>
  <edge id="c9" src="e3" trg="a4" type="seg"/>
  <edge id="c10" src="e4" trg="a5" type="seg"/>
  <edge id="c11" src="e5" trg="a6" type="seg"/>
  <edge id="c12" src="e6" trg="a7" type="seg"/>
  <edge id="c13" src="e7" trg="a1" type="seg"/>
  <edge id="c1" src="a2" trg="a1" type="sup"/>
  <edge id="c2" src="a3" trg="a2" type="sup"/>
  <edge id="c3" src="a4" trg="a1" type="sup"/>
  <edge id="c4" src="a5" trg="a1" type="sup"/>
  <edge id="c5" src="a6" trg="a1" type="reb"/>
  <edge id="c6" src="a7" trg="c5" type="und"/>
</arggraph>
