<?xml version='1.0' encoding='UTF-8'?>
<arggraph id="micro_c186">
  <edu id="e1" lang="en">Video games are increasingly popular in our everyday life.</edu>
  <edu id="e1" lang="ru" trans="promt">Видеоигры все больше популярны в нашей повседневной жизни.</edu>
  <edu id="e1" lang="ru" trans="google">Видеоигры становятся все более популярными в нашей повседневной жизни.</edu>
  <edu id="e1" lang="ru" trans="yandex">Видеоигры становятся все более популярными в нашей повседневной жизни.</edu>
  <edu id="e2" lang="en">They can have a negative impact on lives and children, though.</edu>
  <edu id="e2" lang="ru" trans="promt">Они могут оказать негативное влияние на жизни и детей, все же.</edu>
  <edu id="e2" lang="ru" trans="google">Однако они могут оказать негативное влияние на жизнь и детей.</edu>
  <edu id="e2" lang="ru" trans="yandex">Они могут оказать негативное воздействие на жизнь и детей, хотя.</edu>
  <edu id="e3" lang="en">They create less time together and more time involved in solving the puzzle or task assigned to them.</edu>
  <edu id="e3" lang="ru" trans="promt">Они создают меньше времени вместе и больше времени, вовлеченного в решение загадки или задачи, назначенной на них.</edu>
  <edu id="e3" lang="ru" trans="google">Они создают меньше времени вместе и больше времени на решение головоломки или задачи, назначенной им.</edu>
  <edu id="e3" lang="ru" trans="yandex">Они создают меньше времени вместе и больше времени участвует в решении головоломки или задачи, возложенные на них.</edu>
  <edu id="e4" lang="en">There are many which promote violent acts to solve missions,</edu>
  <edu id="e4" lang="ru" trans="promt">Есть многие, которые способствуют насильственным действиям, чтобы решить миссии,</edu>
  <edu id="e4" lang="ru" trans="google">Есть много, которые способствуют насильственным действиям для решения миссий,</edu>
  <edu id="e4" lang="ru" trans="yandex">Существует множество, которые способствуют насильственных действий для решения миссий,</edu>
  <edu id="e5" lang="en">and the chat rooms available open our children to pedophiles and kidnappers posing as children their age.</edu>
  <edu id="e5" lang="ru" trans="promt">и чаты, доступные открытый наши дети педофилам и похитителям, изображающим из себя детей их возраст.</edu>
  <edu id="e5" lang="ru" trans="google">и в чатах доступны наши дети для педофилов и похитителей, представляющих детей в возрасте.</edu>
  <edu id="e5" lang="ru" trans="yandex">и чатов, доступных открыть наши дети для педофилов и похитителей выступали в роли детей их возраста.</edu>
  <edu id="e6" lang="en">Some have claimed that playing games with their children has helped to increase togetherness and unity,</edu>
  <edu id="e6" lang="ru" trans="promt">Некоторые утверждали, что играть в игры с их детьми помогло увеличить чувство локтя и единство,</edu>
  <edu id="e6" lang="ru" trans="google">Некоторые утверждали, что играть в игры со своими детьми помогло увеличить единство и единство,</edu>
  <edu id="e6" lang="ru" trans="yandex">Некоторые утверждают, что играть в игры со своими детьми, способствует повышению сплоченности и единства,</edu>
  <edu id="e7" lang="en">but not a lot of deep, personal conversations can be had while you are fighting each other to the death in a role-playing game.</edu>
  <edu id="e7" lang="ru" trans="promt">но не много глубоких, личных разговоров может иметься, в то время как Вы боретесь друг с другом к смерти в ролевой игре.</edu>
  <edu id="e7" lang="ru" trans="google">но не так много глубоких личных разговоров, которые могут возникать, когда вы сражаетесь друг с другом до смерти в ролевой игре.</edu>
  <edu id="e7" lang="ru" trans="yandex">но не очень много глубоких, личных бесед можно было в то время как вы воюете друг с другом до смерти в ролевой игре.</edu>
  <edu id="e8" lang="en">Use of video games are hazardous to successful, happy families.</edu>
  <edu id="e8" lang="ru" trans="promt">Использование видеоигр опасно для успешных, счастливых семей.</edu>
  <edu id="e8" lang="ru" trans="google">Использование видеоигр опасно для успешных, счастливых семей.</edu>
  <edu id="e8" lang="ru" trans="yandex">Использование видео игры опасны для успешных, счастливых семей.</edu>
  <adu id="a1" type="pro"/>
  <adu id="a2" type="pro"/>
  <adu id="a3" type="pro"/>
  <adu id="a4" type="pro"/>
  <adu id="a5" type="opp"/>
  <adu id="a6" type="pro"/>
  <edge id="c6" src="e2" trg="a1" type="seg"/>
  <edge id="c7" src="e3" trg="a2" type="seg"/>
  <edge id="c8" src="e4" trg="a3" type="seg"/>
  <edge id="c9" src="e5" trg="a4" type="seg"/>
  <edge id="c10" src="e6" trg="a5" type="seg"/>
  <edge id="c11" src="e7" trg="a6" type="seg"/>
  <edge id="c12" src="e8" trg="a1" type="seg"/>
  <edge id="c1" src="a2" trg="a1" type="sup"/>
  <edge id="c2" src="a3" trg="a1" type="sup"/>
  <edge id="c3" src="a4" trg="a1" type="sup"/>
  <edge id="c4" src="a5" trg="a1" type="reb"/>
  <edge id="c5" src="a6" trg="a5" type="reb"/>
</arggraph>
