<?xml version='1.0' encoding='UTF-8'?>
<arggraph id="micro_c112">
  <edu id="e1" lang="en">It is difficult to misplace a smart watch because its usually on your wrist,</edu>
  <edu id="e1" lang="ru" trans="promt">Трудно положить умные часы не на место потому что обычно на Вашем запястье,</edu>
  <edu id="e1" lang="ru" trans="google">Трудно неправильно использовать интеллектуальные часы, потому что обычно на вашем запястье,</edu>
  <edu id="e1" lang="ru" trans="yandex">Трудно найти смарт-часы, потому что его обычно на запястье,</edu>
  <edu id="e2" lang="en">whereas, a cell phone is constantly misplaced.</edu>
  <edu id="e2" lang="ru" trans="promt">тогда как, сотовый телефон постоянно неуместен.</edu>
  <edu id="e2" lang="ru" trans="google">тогда как сотовый телефон постоянно неуместен.</edu>
  <edu id="e2" lang="ru" trans="yandex">принимая во внимание, что сотовый телефон постоянно теряется.</edu>
  <edu id="e3" lang="en">The screen on a smart watch is smaller than a cell phone,</edu>
  <edu id="e3" lang="ru" trans="promt">Экран на умных часах меньше, чем сотовый телефон,</edu>
  <edu id="e3" lang="ru" trans="google">Экран на смарт-часах меньше, чем мобильный телефон,</edu>
  <edu id="e3" lang="ru" trans="yandex">Экран смарт-часов меньше, чем сотовый телефон,</edu>
  <edu id="e4" lang="en">but you can still game on it and watch television.</edu>
  <edu id="e4" lang="ru" trans="promt">но Вы можете все еще играть на нем и смотреть телевизор.</edu>
  <edu id="e4" lang="ru" trans="google">но вы все еще можете играть на нем и смотреть телевизор.</edu>
  <edu id="e4" lang="ru" trans="yandex">но вы все равно сможете играть на нем и смотреть телевизор.</edu>
  <edu id="e5" implicit="true" lang="en">Smart watches are going to replace cell phones.</edu>
  <edu id="e5" lang="ru" trans="promt">Умные часы собираются заменить сотовые телефоны.</edu>
  <edu id="e5" lang="ru" trans="google">Смарт-часы собираются заменить сотовые телефоны.</edu>
  <edu id="e5" lang="ru" trans="yandex">Умные часы заменят сотовые телефоны.</edu>
  <adu id="a1" type="pro"/>
  <adu id="a2" type="pro"/>
  <adu id="a3" type="pro"/>
  <adu id="a4" type="opp"/>
  <adu id="a5" type="pro"/>
  <edge id="c5" src="e1" trg="a1" type="seg"/>
  <edge id="c6" src="e2" trg="a3" type="seg"/>
  <edge id="c7" src="e3" trg="a4" type="seg"/>
  <edge id="c8" src="e4" trg="a5" type="seg"/>
  <edge id="c9" src="e5" trg="a2" type="seg"/>
  <edge id="c1" src="a1" trg="a2" type="sup"/>
  <edge id="c2" src="a3" trg="c1" type="add"/>
  <edge id="c3" src="a4" trg="a2" type="reb"/>
  <edge id="c4" src="a5" trg="c3" type="und"/>
</arggraph>
