<?xml version='1.0' encoding='UTF-8'?>
<arggraph id="micro_c142">
  <edu id="e1" lang="en">The government can regulate electric companies so that they have to incorporate more wind energy into their plans. By forcing them to use wind energy this will indeed speed it up.</edu>
  <edu id="e1" lang="ru" trans="promt">Правительство может отрегулировать электроэнергетические компании так, чтобы они включили больше энергии ветра в свои планы. Вынуждая их использовать энергию ветра это действительно ускорит его.</edu>
  <edu id="e1" lang="ru" trans="google">Правительство может регулировать электрические компании, чтобы они включали больше энергии ветра в свои планы. Заставляя их использовать энергию ветра, это действительно ускорит ее.</edu>
  <edu id="e1" lang="ru" trans="yandex">Правительство может регулировать электросетевых компаний, так что они должны включать больше энергии ветра в свои планы. Путем принуждения их к использованию энергии ветра это действительно ускорить.</edu>
  <edu id="e2" lang="en">Also as more and more customers are offered it in their utility plans and thus, there will be an increase in demand for it which will speed it up also.</edu>
  <edu id="e2" lang="ru" trans="promt">Также, поскольку все большему количеству клиентов предлагают его в их сервисных планах и таким образом, будет увеличение, пользующееся спросом для него, который ускорит его также.</edu>
  <edu id="e2" lang="ru" trans="google">Также по мере того, как все больше и больше клиентов предлагается в своих служебных планах и, следовательно, будет возрастать спрос на него, что также ускорит его.</edu>
  <edu id="e2" lang="ru" trans="yandex">Кроме того, как все больше и больше клиентов предлагают его в своих планах полезности и, следовательно, будет увеличение спроса на него, который позволит ускорить его также.</edu>
  <edu id="e3" lang="en">There are those that say that government regulation always comes with too much red tape and inevitably slows progress.</edu>
  <edu id="e3" lang="ru" trans="promt">Есть те, которые говорят, что правительственное регулирование всегда идет со слишком большим количеством бюрократизма и неизбежно замедляет прогресс.</edu>
  <edu id="e3" lang="ru" trans="google">Есть те, которые говорят, что правительственное регулирование всегда приходит со слишком большой волокитой и неизбежно замедляет прогресс.</edu>
  <edu id="e3" lang="ru" trans="yandex">Есть те, которые говорят, что государственное регулирование всегда слишком много волокиты и неизбежно тормозит прогресс.</edu>
  <edu id="e4" lang="en">In the case of wind energy, even with red tape regulation can only speed up the spread.</edu>
  <edu id="e4" lang="ru" trans="promt">В случае энергии ветра, даже с регулированием бюрократизма может только ускорить распространение.</edu>
  <edu id="e4" lang="ru" trans="google">В случае энергии ветра даже при регулировании красной ленты может только ускорить распространение.</edu>
  <edu id="e4" lang="ru" trans="yandex">В случае энергии ветра, даже с регулировкой волокита может только ускорить распространение.</edu>
  <edu id="e5" lang="en">Without regulation companies will not use it.</edu>
  <edu id="e5" lang="ru" trans="promt">Без регулирования компании не будут использовать его.</edu>
  <edu id="e5" lang="ru" trans="google">Без регулирования компании не будут использовать его.</edu>
  <edu id="e5" lang="ru" trans="yandex">Без постановления компании не будут использовать его.</edu>
  <adu id="a1" type="pro"/>
  <adu id="a2" type="pro"/>
  <adu id="a3" type="opp"/>
  <adu id="a4" type="pro"/>
  <adu id="a5" type="pro"/>
  <edge id="c5" src="e1" trg="a1" type="seg"/>
  <edge id="c6" src="e2" trg="a2" type="seg"/>
  <edge id="c7" src="e3" trg="a3" type="seg"/>
  <edge id="c8" src="e4" trg="a4" type="seg"/>
  <edge id="c9" src="e5" trg="a5" type="seg"/>
  <edge id="c1" src="a2" trg="a1" type="sup"/>
  <edge id="c2" src="a3" trg="a1" type="reb"/>
  <edge id="c3" src="a4" trg="a3" type="reb"/>
  <edge id="c4" src="a5" trg="a4" type="sup"/>
</arggraph>
