<?xml version='1.0' encoding='UTF-8'?>
<arggraph id="micro_c158">
  <edu id="e1" lang="en">Teenage marriages are not a good idea.</edu>
  <edu id="e1" lang="ru" trans="promt">Подростковые браки не хорошая идея.</edu>
  <edu id="e1" lang="ru" trans="google">Подростковые браки не являются хорошей идеей.</edu>
  <edu id="e1" lang="ru" trans="yandex">Подростковые браки не очень хорошая идея.</edu>
  <edu id="e2" lang="en">Teenage years are critical for brain development.</edu>
  <edu id="e2" lang="ru" trans="promt">Подростковые годы очень важны для мозгового развития.</edu>
  <edu id="e2" lang="ru" trans="google">Подростковые годы имеют решающее значение для развития мозга.</edu>
  <edu id="e2" lang="ru" trans="yandex">Подростковые годы являются критическими для развития мозга.</edu>
  <edu id="e3" lang="en">It is proven that brains are not fully developed into well into the early twenties.</edu>
  <edu id="e3" lang="ru" trans="promt">Доказано, что мозги не полностью развиты в хорошо в начало двадцатых.</edu>
  <edu id="e3" lang="ru" trans="google">Доказано, что мозг не полностью развит в начале двадцатых годов.</edu>
  <edu id="e3" lang="ru" trans="yandex">Доказано, что мозг не в полной мере разработаны в начале двадцатых годов.</edu>
  <edu id="e4" lang="en">Teens are still children and</edu>
  <edu id="e4" lang="ru" trans="promt">Подростки - все еще дети и</edu>
  <edu id="e4" lang="ru" trans="google">Подростки все еще дети и</edu>
  <edu id="e4" lang="ru" trans="yandex">Подростки еще дети и</edu>
  <edu id="e5" lang="en">are not ready for responsibility that marriages bring.</edu>
  <edu id="e5" lang="ru" trans="promt">не готовы к ответственности, которую приносят браки.</edu>
  <edu id="e5" lang="ru" trans="google">не готовы к ответственности, которую приносят браки.</edu>
  <edu id="e5" lang="ru" trans="yandex">не готовы к ответственности, что брак принесет.</edu>
  <edu id="e6" lang="en">There is no harm in waiting a few years.</edu>
  <edu id="e6" lang="ru" trans="promt">Нет никакого вреда в ожидании нескольких лет.</edu>
  <edu id="e6" lang="ru" trans="google">Нет вреда в ожидании нескольких лет.</edu>
  <edu id="e6" lang="ru" trans="yandex">Нет никакого вреда в ожидании несколько лет.</edu>
  <adu id="a1" type="pro"/>
  <adu id="a2" type="pro"/>
  <adu id="a3" type="pro"/>
  <adu id="a4" type="pro"/>
  <adu id="a5" type="pro"/>
  <adu id="a6" type="pro"/>
  <edge id="c6" src="e1" trg="a1" type="seg"/>
  <edge id="c7" src="e2" trg="a2" type="seg"/>
  <edge id="c8" src="e3" trg="a3" type="seg"/>
  <edge id="c9" src="e4" trg="a4" type="seg"/>
  <edge id="c10" src="e5" trg="a5" type="seg"/>
  <edge id="c11" src="e6" trg="a6" type="seg"/>
  <edge id="c1" src="a2" trg="a1" type="sup"/>
  <edge id="c2" src="a3" trg="a2" type="sup"/>
  <edge id="c3" src="a4" trg="a5" type="sup"/>
  <edge id="c4" src="a5" trg="a1" type="sup"/>
  <edge id="c5" src="a6" trg="a1" type="sup"/>
</arggraph>
