<?xml version='1.0' encoding='UTF-8'?>
<arggraph id="micro_c042">
  <edu id="e1" lang="en">Yes, expectations raised by romantic movies can be damaging to real relationships.</edu>
  <edu id="e1" lang="ru" trans="promt">Да, ожидания, повышенные романтичными фильмами, могут нанести ущерб реальным отношениям.</edu>
  <edu id="e1" lang="ru" trans="google">Да, ожидания, связанные с романтическими фильмами, могут нанести ущерб реальным отношениям.</edu>
  <edu id="e1" lang="ru" trans="yandex">Да, надежды на романтические фильмы может быть разрушительным для реальных отношений.</edu>
  <edu id="e2" lang="en">Romantic movies set high expectations for relationships, sometimes even unrealistic.</edu>
  <edu id="e2" lang="ru" trans="promt">Романтичные фильмы устанавливают большие ожидания относительно отношений, иногда даже нереалистичных.</edu>
  <edu id="e2" lang="ru" trans="google">Романтические фильмы предъявляют высокие надежды на отношения, иногда даже нереалистичные.</edu>
  <edu id="e2" lang="ru" trans="yandex">Романтические фильмы установить высокие ожидания для отношений, иногда даже нереально.</edu>
  <edu id="e3" lang="en">In romantic movies, they do not show the truth behind a real romantic relationship.</edu>
  <edu id="e3" lang="ru" trans="promt">В романтичных фильмах они не показывают правду позади реальных романтических отношений.</edu>
  <edu id="e3" lang="ru" trans="google">В романтических фильмах они не показывают правду за настоящими романтическими отношениями.</edu>
  <edu id="e3" lang="ru" trans="yandex">В романтических фильмах, они не показывают правду за настоящие романтические отношения.</edu>
  <edu id="e4" lang="en">It only shows the good, positive side of the relationship, not the genuine, real difficult times the couple goes through.</edu>
  <edu id="e4" lang="ru" trans="promt">Это только показывает хорошую, положительную сторону отношений, не подлинные, очень трудные времена, которые проходит пара.</edu>
  <edu id="e4" lang="ru" trans="google">Это только показывает хорошую, положительную сторону отношений, а не настоящие, настоящие трудные времена, когда пара проходит.</edu>
  <edu id="e4" lang="ru" trans="yandex">Это свидетельствует только о хорошей, положительной стороной отношений, а не подлинные, реальные трудные времена пара проходит.</edu>
  <adu id="a1" type="pro"/>
  <adu id="a2" type="pro"/>
  <adu id="a3" type="pro"/>
  <adu id="a4" type="pro"/>
  <edge id="c4" src="e1" trg="a1" type="seg"/>
  <edge id="c5" src="e2" trg="a2" type="seg"/>
  <edge id="c6" src="e3" trg="a3" type="seg"/>
  <edge id="c7" src="e4" trg="a4" type="seg"/>
  <edge id="c1" src="a2" trg="a1" type="sup"/>
  <edge id="c2" src="a3" trg="a2" type="sup"/>
  <edge id="c3" src="a4" trg="a3" type="sup"/>
</arggraph>
