<?xml version='1.0' encoding='UTF-8'?>
<arggraph id="micro_c063">
  <edu id="e1" lang="en">Teenagers are by nature social animals,</edu>
  <edu id="e1" lang="ru" trans="promt">Подростки - по своей природе социальные животные,</edu>
  <edu id="e1" lang="ru" trans="google">Подростки по природе являются социальными животными,</edu>
  <edu id="e1" lang="ru" trans="yandex">Подростки по своей природе социальные животные,</edu>
  <edu id="e2" lang="en">thus tools that allow for greater flexibility offer new avenues for self-expression.</edu>
  <edu id="e2" lang="ru" trans="promt">таким образом инструменты, которые допускают большую гибкость, предлагают новые пути для самовыражения.</edu>
  <edu id="e2" lang="ru" trans="google">поэтому инструменты, которые обеспечивают большую гибкость, предлагают новые возможности для самовыражения.</edu>
  <edu id="e2" lang="ru" trans="yandex">таким образом, инструменты, которые позволят обеспечить большую гибкость предлагают новые возможности для самовыражения.</edu>
  <edu id="e3" lang="en">Social media offers young people a way to connect with one another in ways never before seen in human history.</edu>
  <edu id="e3" lang="ru" trans="promt">Социальные медиа предлагают молодым людям способ соединиться друг с другом способами никогда, прежде чем замечено в истории человечества.</edu>
  <edu id="e3" lang="ru" trans="google">Социальные медиа предлагают молодым людям возможность соединиться друг с другом так, как никогда раньше не видели в истории человечества.</edu>
  <edu id="e3" lang="ru" trans="yandex">Социальные медиа предлагает молодым людям соединяться друг с другом в отношениях, как никогда раньше в истории человечества.</edu>
  <adu id="a1" type="pro"/>
  <adu id="a2" type="pro"/>
  <adu id="a3" type="pro"/>
  <edge id="c3" src="e1" trg="a1" type="seg"/>
  <edge id="c4" src="e2" trg="a2" type="seg"/>
  <edge id="c5" src="e3" trg="a3" type="seg"/>
  <edge id="c1" src="a1" trg="a3" type="sup"/>
  <edge id="c2" src="a2" trg="c1" type="add"/>
</arggraph>
