<?xml version='1.0' encoding='UTF-8'?>
<arggraph id="micro_c098">
  <edu id="e1" lang="en">Some believe that with the coming of computers and digital books paper and traditionally printed books will soon become obsolete.</edu>
  <edu id="e1" lang="ru" trans="promt">Некоторые полагают, что с тем, чтобы выйти из компьютеров и цифровой книжной статьи и традиционно напечатанных книг скоро станет устаревшим.</edu>
  <edu id="e1" lang="ru" trans="google">Некоторые считают, что с появлением компьютеров и цифровых книг бумага и традиционно печатные книги скоро устареют.</edu>
  <edu id="e1" lang="ru" trans="yandex">Некоторые считают, что с приходом компьютеров и цифровых книг бумага и традиционно печатные книги скоро станут устаревшими.</edu>
  <edu id="e2" lang="en">This is very unlikely to happen</edu>
  <edu id="e2" lang="ru" trans="promt">Это очень вряд ли произойдет</edu>
  <edu id="e2" lang="ru" trans="google">Это вряд ли произойдет</edu>
  <edu id="e2" lang="ru" trans="yandex">Это очень вряд ли произойдет</edu>
  <edu id="e3" lang="en">as physical media offers many benefits not shared by it's digital counterpart.</edu>
  <edu id="e3" lang="ru" trans="promt">как физическая среда предлагает много выгод, не разделенных, он - цифровая копия.</edu>
  <edu id="e3" lang="ru" trans="google">поскольку физические носители предлагают множество преимуществ, не разделяемых цифровым аналогом.</edu>
  <edu id="e3" lang="ru" trans="yandex">в качестве физического носителя имеет множество преимуществ не разделяют это цифровой аналог.</edu>
  <edu id="e4" lang="en">Things printed on paper can be viewed without any access to electricity.</edu>
  <edu id="e4" lang="ru" trans="promt">Вещи, напечатанные на бумаге, могут быть рассмотрены без любого доступа к электричеству.</edu>
  <edu id="e4" lang="ru" trans="google">Вещи, напечатанные на бумаге, можно просматривать без какого-либо доступа к электричеству.</edu>
  <edu id="e4" lang="ru" trans="yandex">Вещи напечатаны на бумаге можно просматривать без доступа к электричеству.</edu>
  <edu id="e5" lang="en">Many people also experience discomfort when reading from a computer display for long periods.</edu>
  <edu id="e5" lang="ru" trans="promt">Многие люди также испытывают дискомфорт, читая от дисплея компьютера в течение многих длительных периодов.</edu>
  <edu id="e5" lang="ru" trans="google">Многие люди также испытывают дискомфорт при чтении с экрана компьютера в течение длительного времени.</edu>
  <edu id="e5" lang="ru" trans="yandex">Многие люди также испытывают дискомфорта при чтении с экрана компьютера в течение длительных периодов.</edu>
  <edu id="e6" lang="en">Some say that digital storage is more secure than physical storage,</edu>
  <edu id="e6" lang="ru" trans="promt">Некоторые говорят, что цифровое хранение более безопасно, чем физическое хранение,</edu>
  <edu id="e6" lang="ru" trans="google">Некоторые говорят, что цифровое хранилище более безопасно, чем физическое хранилище,</edu>
  <edu id="e6" lang="ru" trans="yandex">Некоторые говорят, что цифровое хранение является более безопасным, чем физическое хранение,</edu>
  <edu id="e7" lang="en">but there are many security issues with files stored on computers that are not shared by physical files,</edu>
  <edu id="e7" lang="ru" trans="promt">но есть много вопросов безопасности с файлами, хранившими на компьютерах, которые не разделены физическими файлами,</edu>
  <edu id="e7" lang="ru" trans="google">но есть много проблем безопасности с файлами, хранящимися на компьютерах, которые не используются физическими файлами,</edu>
  <edu id="e7" lang="ru" trans="yandex">но есть много вопросов по безопасности с файлами, хранящимися на компьютерах, которые не разделяют физические файлы,</edu>
  <edu id="e8" lang="en">such as the threat of hacking.</edu>
  <edu id="e8" lang="ru" trans="promt">такой как угроза взламывания.</edu>
  <edu id="e8" lang="ru" trans="google">таких как угроза взлома.</edu>
  <edu id="e8" lang="ru" trans="yandex">например, угроза взлома.</edu>
  <adu id="a1" type="pro"/>
  <adu id="a2" type="pro"/>
  <adu id="a3" type="pro"/>
  <adu id="a4" type="opp"/>
  <adu id="a5" type="pro"/>
  <adu id="a6" type="pro"/>
  <adu id="a7" type="pro"/>
  <adu id="a8" type="opp"/>
  <edge id="c8" src="e1" trg="a8" type="seg"/>
  <edge id="c9" src="e2" trg="a7" type="seg"/>
  <edge id="c10" src="e3" trg="a1" type="seg"/>
  <edge id="c11" src="e4" trg="a2" type="seg"/>
  <edge id="c12" src="e5" trg="a3" type="seg"/>
  <edge id="c13" src="e6" trg="a4" type="seg"/>
  <edge id="c14" src="e7" trg="a5" type="seg"/>
  <edge id="c15" src="e8" trg="a6" type="seg"/>
  <edge id="c1" src="a1" trg="a7" type="sup"/>
  <edge id="c2" src="a2" trg="a1" type="exa"/>
  <edge id="c3" src="a3" trg="a1" type="exa"/>
  <edge id="c4" src="a4" trg="a7" type="reb"/>
  <edge id="c5" src="a5" trg="a4" type="reb"/>
  <edge id="c6" src="a6" trg="a5" type="exa"/>
  <edge id="c7" src="a8" trg="a7" type="reb"/>
</arggraph>
