<?xml version='1.0' encoding='UTF-8'?>
<arggraph id="micro_c015">
  <edu id="e1" lang="en">Removing the horns of wild rhinos leaves them defenseless.</edu>
  <edu id="e1" lang="ru" trans="promt">Удаление рогов диких носорогов оставляет их беззащитными.</edu>
  <edu id="e1" lang="ru" trans="google">Удаление рогов диких носорогов оставляет их беззащитными.</edu>
  <edu id="e1" lang="ru" trans="yandex">Удаление рогов диких носорогов оставляет их беззащитными.</edu>
  <edu id="e2" lang="en">It takes years for horns to regrow.</edu>
  <edu id="e2" lang="ru" trans="promt">Требуются годы для рогов, чтобы повторно вырасти.</edu>
  <edu id="e2" lang="ru" trans="google">Для восстановления рогов требуется много лет.</edu>
  <edu id="e2" lang="ru" trans="yandex">Нужны годы для роги, чтобы вырастить.</edu>
  <edu id="e3" lang="en">Some say removing the horns will keep poachers from killing rhinos.</edu>
  <edu id="e3" lang="ru" trans="promt">Некоторые говорят, что удаление рогов помешает браконьерам убивать носорогов.</edu>
  <edu id="e3" lang="ru" trans="google">Некоторые говорят, что удаление рогов позволит браконьерам убивать носорогов.</edu>
  <edu id="e3" lang="ru" trans="yandex">Некоторые говорят, что удаление Рога будет держать браконьеры убивают носорогов.</edu>
  <edu id="e4" lang="en">Unfortunately, there is little to back up this position.</edu>
  <edu id="e4" lang="ru" trans="promt">К сожалению, есть мало, чтобы поддержать это положение.</edu>
  <edu id="e4" lang="ru" trans="google">К сожалению, этого не достаточно.</edu>
  <edu id="e4" lang="ru" trans="yandex">К сожалению, мало, чтобы подкрепить эту позицию.</edu>
  <edu id="e5" lang="en">Poachers have been known to kill rhinos out of anger or simple meanness.</edu>
  <edu id="e5" lang="ru" trans="promt">Браконьеры, как было известно, убили носорогов из гнева или простой подлости.</edu>
  <edu id="e5" lang="ru" trans="google">Известно, что браконьеры убивают носорогов из гнева или простой подлости.</edu>
  <edu id="e5" lang="ru" trans="yandex">Браконьеры убивают носорогов из гнева или просто подлость.</edu>
  <edu id="e6" implicit="true" lang="en">No, the horn of rhinos should not be removed to prevent them from being poached.</edu>
  <edu id="e6" lang="ru" trans="promt">Нет, рог носорогов не должен быть удален, чтобы препятствовать тому, чтобы они незаконно охотились.</edu>
  <edu id="e6" lang="ru" trans="google">Нет, рог носорогов не следует удалять, чтобы предотвратить их браконьерство.</edu>
  <edu id="e6" lang="ru" trans="yandex">Нет, рога носорогов не должны быть удалены, чтобы предотвратить их пашот.</edu>
  <adu id="a1" type="pro"/>
  <adu id="a2" type="pro"/>
  <adu id="a3" type="pro"/>
  <adu id="a4" type="opp"/>
  <adu id="a5" type="pro"/>
  <adu id="a6" type="pro"/>
  <edge id="c6" src="e1" trg="a2" type="seg"/>
  <edge id="c7" src="e2" trg="a3" type="seg"/>
  <edge id="c8" src="e3" trg="a4" type="seg"/>
  <edge id="c9" src="e4" trg="a5" type="seg"/>
  <edge id="c10" src="e5" trg="a6" type="seg"/>
  <edge id="c11" src="e6" trg="a1" type="seg"/>
  <edge id="c1" src="a2" trg="a1" type="sup"/>
  <edge id="c2" src="a3" trg="c1" type="add"/>
  <edge id="c3" src="a4" trg="a1" type="reb"/>
  <edge id="c4" src="a5" trg="a4" type="reb"/>
  <edge id="c5" src="a6" trg="a4" type="reb"/>
</arggraph>
