<?xml version='1.0' encoding='UTF-8'?>
<arggraph id="micro_c068">
  <edu id="e1" lang="en">I think that supermarkets should charge a small amount for plastic bags.</edu>
  <edu id="e1" lang="ru" trans="promt">Я думаю, что супермаркеты должны взимать небольшое количество за полиэтиленовые пакеты.</edu>
  <edu id="e1" lang="ru" trans="google">Я думаю, что супермаркеты должны взимать небольшую сумму за полиэтиленовые пакеты.</edu>
  <edu id="e1" lang="ru" trans="yandex">Я думаю, что супермаркеты должны взимать небольшую сумму за пластиковые пакеты.</edu>
  <edu id="e2" lang="en">This charge could help people remember and consider the idea of using 'free' reusable bags.</edu>
  <edu id="e2" lang="ru" trans="promt">Это обвинение могло помочь людям помнить и рассмотреть идею использовать 'свободные' сумки многократного использования.</edu>
  <edu id="e2" lang="ru" trans="google">Этот заряд может помочь людям вспомнить и рассмотреть идею использования «бесплатных» многоразовых пакетов.</edu>
  <edu id="e2" lang="ru" trans="yandex">Этот заряд может помочь людям вспомнить и рассмотреть идею использования "бесплатных" многоразовые мешки.</edu>
  <edu id="e3" lang="en">But also, the fee for the plastic bags could go towards the cost of recycling the bags.</edu>
  <edu id="e3" lang="ru" trans="promt">Но также и, сбор за полиэтиленовые пакеты мог пойти к стоимости переработки сумок.</edu>
  <edu id="e3" lang="ru" trans="google">Но также, плата за пластиковые пакеты может пойти на стоимость переработки мешков.</edu>
  <edu id="e3" lang="ru" trans="yandex">Но кроме того, плата за пластиковые пакеты могли бы пойти навстречу затраты на утилизацию мешков.</edu>
  <edu id="e4" lang="en">They could add a program for collecting clean used bags.</edu>
  <edu id="e4" lang="ru" trans="promt">Они могли добавить программу для сбора чистых используемых сумок.</edu>
  <edu id="e4" lang="ru" trans="google">Они могли бы добавить программу для сбора чистых использованных сумок.</edu>
  <edu id="e4" lang="ru" trans="yandex">Они могли бы добавить программу для сбора чистой используемые мешки.</edu>
  <edu id="e5" lang="en">But if the fee was small, it wouldn't be too bad for those who forgot their reusable bags, or have their reasons for using plastic each time.</edu>
  <edu id="e5" lang="ru" trans="promt">Но если бы сбор был маленьким, это не было бы слишком плохо для тех, кто забыл их сумки многократного использования, или имейте их причины использования пластмассы каждый раз.</edu>
  <edu id="e5" lang="ru" trans="google">Но если бы плата была небольшой, это было бы не так уж плохо для тех, кто забыл их многоразовые сумки или имел свои причины использовать пластик каждый раз.</edu>
  <edu id="e5" lang="ru" trans="yandex">Но если плата была небольшой, не слишком плохо для тех, кто забыл свои многоразовые сумки или их причин с использованием пластиковых каждый раз.</edu>
  <adu id="a1" type="pro"/>
  <adu id="a2" type="pro"/>
  <adu id="a3" type="pro"/>
  <adu id="a4" type="pro"/>
  <adu id="a5" type="pro"/>
  <edge id="c5" src="e1" trg="a1" type="seg"/>
  <edge id="c6" src="e2" trg="a2" type="seg"/>
  <edge id="c7" src="e3" trg="a3" type="seg"/>
  <edge id="c8" src="e4" trg="a5" type="seg"/>
  <edge id="c9" src="e5" trg="a4" type="seg"/>
  <edge id="c1" src="a2" trg="a1" type="sup"/>
  <edge id="c2" src="a3" trg="a1" type="sup"/>
  <edge id="c3" src="a4" trg="a1" type="sup"/>
  <edge id="c4" src="a5" trg="a3" type="sup"/>
</arggraph>
