<?xml version='1.0' encoding='UTF-8'?>
<arggraph id="micro_c093">
  <edu id="e1" lang="en">There are many benefits to using LED lights.</edu>
  <edu id="e1" lang="ru" trans="promt">Есть много выгод для использования светодиодных индикаторов.</edu>
  <edu id="e1" lang="ru" trans="google">Есть много преимуществ использования светодиодных ламп.</edu>
  <edu id="e1" lang="ru" trans="yandex">Есть много преимуществ в использовании светодиодные фонари.</edu>
  <edu id="e2" lang="en">The major one being that they have a longer life than traditional light bulbs, thus making an impact on the environment.</edu>
  <edu id="e2" lang="ru" trans="promt">Главный, являющийся этим, у них есть более долгая жизнь, чем традиционные лампочки, таким образом оказывая влияние на окружающую среду.</edu>
  <edu id="e2" lang="ru" trans="google">Главное, что они имеют более длительный срок службы, чем традиционные лампочки, что оказывает влияние на окружающую среду.</edu>
  <edu id="e2" lang="ru" trans="yandex">Основная причина в том, что они имеют более длительный срок службы, чем традиционные лампы накаливания, что делает воздействие на окружающую среду.</edu>
  <edu id="e3" lang="en">They also use less energy to run, conserving energy and cutting costs to consumers.</edu>
  <edu id="e3" lang="ru" trans="promt">Они также используют меньше энергии бежать, сохраняя энергию и сокращая издержки потребителям.</edu>
  <edu id="e3" lang="ru" trans="google">Они также используют меньше энергии для запуска, экономя энергию и сокращая расходы для потребителей.</edu>
  <edu id="e3" lang="ru" trans="yandex">Они также используют меньше энергии для запуска, экономии энергии и сокращения расходов потребителей.</edu>
  <edu id="e4" lang="en">The only drawback is that buying them is more expensive.</edu>
  <edu id="e4" lang="ru" trans="promt">Единственный недостаток состоит в том, что покупка их более дорогая.</edu>
  <edu id="e4" lang="ru" trans="google">Единственный недостаток заключается в том, что покупать их дороже.</edu>
  <edu id="e4" lang="ru" trans="yandex">Единственным недостатком является то, что покупать их дороже.</edu>
  <edu id="e5" lang="en">This initial investment, though, far outweighs the negative effects</edu>
  <edu id="e5" lang="ru" trans="promt">Эти начальные инвестиции, тем не менее, далеко перевешивают отрицательные эффекты</edu>
  <edu id="e5" lang="ru" trans="google">Эти первоначальные инвестиции, однако, намного перевешивают негативные последствия</edu>
  <edu id="e5" lang="ru" trans="yandex">Это первоначальные инвестиции, однако, намного перевешивает негативные последствия</edu>
  <edu id="e6" lang="en">when you think about the savings you will incur in the future in energy bills</edu>
  <edu id="e6" lang="ru" trans="promt">когда Вы будете думать о сбережениях, Вы подвергнетесь в будущем в законопроектах об энергетике</edu>
  <edu id="e6" lang="ru" trans="google">когда вы думаете о сбережениях, которые вы понесете в будущем в счетах за электроэнергию</edu>
  <edu id="e6" lang="ru" trans="yandex">когда вы думаете об экономии, вы понесете в будущем на счетах за электроэнергию</edu>
  <edu id="e7" lang="en">and not having replace light bulbs as frequently.</edu>
  <edu id="e7" lang="ru" trans="promt">и не наличие заменяют лампочки как часто.</edu>
  <edu id="e7" lang="ru" trans="google">и не так часто заменяют лампочки.</edu>
  <edu id="e7" lang="ru" trans="yandex">и не имея замены лампочки так часто.</edu>
  <adu id="a1" type="pro"/>
  <adu id="a2" type="pro"/>
  <adu id="a3" type="pro"/>
  <adu id="a4" type="opp"/>
  <adu id="a5" type="pro"/>
  <adu id="a6" type="pro"/>
  <adu id="a7" type="pro"/>
  <edge id="c7" src="e1" trg="a1" type="seg"/>
  <edge id="c8" src="e2" trg="a2" type="seg"/>
  <edge id="c9" src="e3" trg="a3" type="seg"/>
  <edge id="c10" src="e4" trg="a4" type="seg"/>
  <edge id="c11" src="e5" trg="a5" type="seg"/>
  <edge id="c12" src="e6" trg="a6" type="seg"/>
  <edge id="c13" src="e7" trg="a7" type="seg"/>
  <edge id="c1" src="a2" trg="a1" type="sup"/>
  <edge id="c2" src="a3" trg="a1" type="sup"/>
  <edge id="c3" src="a4" trg="a1" type="reb"/>
  <edge id="c4" src="a5" trg="c3" type="und"/>
  <edge id="c5" src="a6" trg="a5" type="sup"/>
  <edge id="c6" src="a7" trg="a5" type="sup"/>
</arggraph>
