<?xml version='1.0' encoding='UTF-8'?>
<arggraph id="micro_c102">
  <edu id="e1" lang="en">Paper and books, at some point will become obsolete.</edu>
  <edu id="e1" lang="ru" trans="promt">Статья и книги, в какой-то момент станет устаревшим.</edu>
  <edu id="e1" lang="ru" trans="google">Бумага и книги в какой-то момент устареют.</edu>
  <edu id="e1" lang="ru" trans="yandex">Бумаги и книги, в какой-то момент устаревают.</edu>
  <edu id="e2" lang="en">It is far more convenient and takes up a lot less space to store data on hard drives and disks than to use paper products.</edu>
  <edu id="e2" lang="ru" trans="promt">Это намного более удобно и занимает намного меньше места, чтобы хранить данные на жестких дисках и дисках, чем использовать изделия из бумаги.</edu>
  <edu id="e2" lang="ru" trans="google">Это гораздо удобнее и занимает гораздо меньше места для хранения данных на жестких дисках и дисках, чем для использования бумажных изделий.</edu>
  <edu id="e2" lang="ru" trans="yandex">Это гораздо удобнее и занимает намного меньше пространства для хранения данных на жестких дисках и дисках, чем использовать бумажную продукцию.</edu>
  <edu id="e3" lang="en">Paper can deteriorate if improperly stored,</edu>
  <edu id="e3" lang="ru" trans="promt">Бумага может ухудшиться, если неправильно сохранено,</edu>
  <edu id="e3" lang="ru" trans="google">При неправильном хранении бумага может ухудшиться,</edu>
  <edu id="e3" lang="ru" trans="yandex">Бумага может испортиться при неправильном хранении,</edu>
  <edu id="e4" lang="en">making it inconvenient in many situations.</edu>
  <edu id="e4" lang="ru" trans="promt">создание его неудобный во многих ситуациях.</edu>
  <edu id="e4" lang="ru" trans="google">что делает его неудобным во многих ситуациях.</edu>
  <edu id="e4" lang="ru" trans="yandex">делая это неудобно во многих ситуациях.</edu>
  <edu id="e5" lang="en">Paper products also cannot be accessed remotely,</edu>
  <edu id="e5" lang="ru" trans="promt">К изделиям из бумаги также нельзя получить доступ удаленно,</edu>
  <edu id="e5" lang="ru" trans="google">К бумажным продуктам также нельзя получить доступ удаленно,</edu>
  <edu id="e5" lang="ru" trans="yandex">Бумажная продукция также не может осуществляться удаленно,</edu>
  <edu id="e6" lang="en">giving it a huge disadvantage compared to storing information digitally.</edu>
  <edu id="e6" lang="ru" trans="promt">предоставление его огромный недостаток по сравнению с тем, чтобы хранить информацию в цифровой форме.</edu>
  <edu id="e6" lang="ru" trans="google">что дает ему огромный недостаток по сравнению с хранением информации в цифровом виде.</edu>
  <edu id="e6" lang="ru" trans="yandex">давая ему огромный минус по сравнению с хранением информации в цифровом виде.</edu>
  <adu id="a1" type="pro"/>
  <adu id="a2" type="pro"/>
  <adu id="a3" type="pro"/>
  <adu id="a4" type="pro"/>
  <adu id="a5" type="pro"/>
  <adu id="a6" type="pro"/>
  <edge id="c6" src="e1" trg="a1" type="seg"/>
  <edge id="c7" src="e2" trg="a2" type="seg"/>
  <edge id="c8" src="e3" trg="a4" type="seg"/>
  <edge id="c9" src="e4" trg="a3" type="seg"/>
  <edge id="c10" src="e5" trg="a6" type="seg"/>
  <edge id="c11" src="e6" trg="a5" type="seg"/>
  <edge id="c1" src="a2" trg="a1" type="sup"/>
  <edge id="c2" src="a3" trg="a1" type="sup"/>
  <edge id="c3" src="a4" trg="a3" type="sup"/>
  <edge id="c4" src="a5" trg="a1" type="sup"/>
  <edge id="c5" src="a6" trg="a5" type="sup"/>
</arggraph>
