<?xml version='1.0' encoding='UTF-8'?>
<arggraph id="micro_c161">
  <edu id="e1" lang="en">I think that, in most circumstances, teenagers that get pregnant should keep their children.</edu>
  <edu id="e1" lang="ru" trans="promt">Я думаю, что при большинстве обстоятельств подростки, которые беременеют, должны держать своих детей.</edu>
  <edu id="e1" lang="ru" trans="google">Я думаю, что в большинстве случаев подростки, которые забеременели, должны держать своих детей.</edu>
  <edu id="e1" lang="ru" trans="yandex">Я думаю, что в большинстве случаев у подростков, которые забеременеть должны держать своих детей.</edu>
  <edu id="e2" lang="en">It will generally be better for both parties.</edu>
  <edu id="e2" lang="ru" trans="promt">Это обычно будет лучше для обеих сторон.</edu>
  <edu id="e2" lang="ru" trans="google">Как правило, это будет лучше для обеих сторон.</edu>
  <edu id="e2" lang="ru" trans="yandex">Это вообще будет лучше для обеих сторон.</edu>
  <edu id="e3" lang="en">Having a child will cause the teenager to have to grow up.</edu>
  <edu id="e3" lang="ru" trans="promt">Наличие ребенка заставит подростка должным быть расти.</edu>
  <edu id="e3" lang="ru" trans="google">Наличие ребенка заставит подростка вырасти.</edu>
  <edu id="e3" lang="ru" trans="yandex">Наличие ребенка вызовет подросток должен повзрослеть.</edu>
  <edu id="e4" lang="en">The child will be better off staying with its biological parents.</edu>
  <edu id="e4" lang="ru" trans="promt">Ребенок будет более обеспеченным пребыванием с его биологическими родителями.</edu>
  <edu id="e4" lang="ru" trans="google">Ребенок будет лучше оставаться с его биологическими родителями.</edu>
  <edu id="e4" lang="ru" trans="yandex">Ребенку будет лучше остаться с ее биологическими родителями.</edu>
  <edu id="e5" lang="en">If the child and parent become separated, the entire bloodline and family becomes fractured.</edu>
  <edu id="e5" lang="ru" trans="promt">Если ребенок и родитель становятся отделенными, вся родословная и семья становятся сломанными.</edu>
  <edu id="e5" lang="ru" trans="google">Если ребенок и родитель становятся разделенными, вся родословная и семья становятся раздробленными.</edu>
  <edu id="e5" lang="ru" trans="yandex">Если у ребенка и родителя отделяются, всю родословную и семье становится трещиноватой.</edu>
  <edu id="e6" lang="en">It is not natural or beneficial for this to happen.</edu>
  <edu id="e6" lang="ru" trans="promt">Это не естественно или выгодно для этого, чтобы произойти.</edu>
  <edu id="e6" lang="ru" trans="google">Для этого не является естественным или полезным.</edu>
  <edu id="e6" lang="ru" trans="yandex">Оно не является естественным и полезным для того, чтобы это произошло.</edu>
  <adu id="a1" type="pro"/>
  <adu id="a2" type="pro"/>
  <adu id="a3" type="pro"/>
  <adu id="a4" type="pro"/>
  <adu id="a5" type="pro"/>
  <adu id="a6" type="pro"/>
  <edge id="c6" src="e1" trg="a1" type="seg"/>
  <edge id="c7" src="e2" trg="a2" type="seg"/>
  <edge id="c8" src="e3" trg="a3" type="seg"/>
  <edge id="c9" src="e4" trg="a4" type="seg"/>
  <edge id="c10" src="e5" trg="a5" type="seg"/>
  <edge id="c11" src="e6" trg="a6" type="seg"/>
  <edge id="c1" src="a2" trg="a1" type="sup"/>
  <edge id="c2" src="a3" trg="a2" type="sup"/>
  <edge id="c3" src="a4" trg="c2" type="add"/>
  <edge id="c4" src="a5" trg="a4" type="sup"/>
  <edge id="c5" src="a6" trg="a5" type="sup"/>
</arggraph>
