<?xml version='1.0' encoding='UTF-8'?>
<arggraph id="micro_c014">
  <edu id="e1" lang="en">While cutting down on the poaching incidents would be wonderful,</edu>
  <edu id="e1" lang="ru" trans="promt">В то время как сокращение инцидентов вмешательства было бы замечательно,</edu>
  <edu id="e1" lang="ru" trans="google">Хотя сокращение случаев браконьерства было бы замечательным,</edu>
  <edu id="e1" lang="ru" trans="yandex">Во время сокращения случаев браконьерства было бы замечательно,</edu>
  <edu id="e2" lang="en">removing the horns of wild rhinos is not the answer.</edu>
  <edu id="e2" lang="ru" trans="promt">удаление рогов диких носорогов не является ответом.</edu>
  <edu id="e2" lang="ru" trans="google">удаление рогов диких носорогов не является ответом.</edu>
  <edu id="e2" lang="ru" trans="yandex">удаление рогов диких носорогов-это не ответ.</edu>
  <edu id="e3" lang="en">Horns are the rhinos' natural protection mechanism,</edu>
  <edu id="e3" lang="ru" trans="promt">Рога - естественный механизм защиты носорогов,</edu>
  <edu id="e3" lang="ru" trans="google">Рога являются естественным механизмом защиты носорогов,</edu>
  <edu id="e3" lang="ru" trans="yandex">Рога имеют естественный механизм защиты носорогов',</edu>
  <edu id="e4" lang="en">so if they were gone they would be very susceptible to death</edu>
  <edu id="e4" lang="ru" trans="promt">таким образом, если бы они закончились, то они были бы очень восприимчивы до смерти</edu>
  <edu id="e4" lang="ru" trans="google">поэтому, если они уйдут, они будут очень восприимчивы к смерти</edu>
  <edu id="e4" lang="ru" trans="yandex">так если они ушли, они будут очень восприимчивы к смерти</edu>
  <edu id="e5" lang="en">as they would not be able to protect themselves from their natural predators.</edu>
  <edu id="e5" lang="ru" trans="promt">поскольку они не были бы в состоянии защитить себя от своих естественных хищников.</edu>
  <edu id="e5" lang="ru" trans="google">так как они не смогут защитить себя от своих естественных хищников.</edu>
  <edu id="e5" lang="ru" trans="yandex">как они не смогли бы защитить себя от их естественных хищников.</edu>
  <adu id="a1" type="pro"/>
  <adu id="a2" type="opp"/>
  <adu id="a3" type="pro"/>
  <adu id="a4" type="pro"/>
  <adu id="a5" type="pro"/>
  <edge id="c5" src="e1" trg="a2" type="seg"/>
  <edge id="c6" src="e2" trg="a1" type="seg"/>
  <edge id="c7" src="e3" trg="a4" type="seg"/>
  <edge id="c8" src="e4" trg="a3" type="seg"/>
  <edge id="c9" src="e5" trg="a5" type="seg"/>
  <edge id="c1" src="a2" trg="a1" type="reb"/>
  <edge id="c2" src="a3" trg="a1" type="sup"/>
  <edge id="c3" src="a4" trg="a3" type="sup"/>
  <edge id="c4" src="a5" trg="c3" type="add"/>
</arggraph>
