<?xml version='1.0' encoding='UTF-8'?>
<arggraph id="micro_c005">
  <edu id="e1" lang="en">I believe that older people don't make better parents.</edu>
  <edu id="e1" lang="ru" trans="promt">Я полагаю, что пожилые люди не делают лучших родителей.</edu>
  <edu id="e1" lang="ru" trans="google">Я считаю, что пожилые люди не делают лучших родителей.</edu>
  <edu id="e1" lang="ru" trans="yandex">Я считаю, что пожилые люди не лучше родителей.</edu>
  <edu id="e2" lang="en">While they do have more experience in life</edu>
  <edu id="e2" lang="ru" trans="promt">В то время как у них действительно есть больше опыта в жизни</edu>
  <edu id="e2" lang="ru" trans="google">Хотя у них больше опыта в жизни</edu>
  <edu id="e2" lang="ru" trans="yandex">В то время как они имеют больше опыта в жизни</edu>
  <edu id="e3" lang="en">and may be able to offer their child more guidance when it comes to difficult decisions that child will have to face,</edu>
  <edu id="e3" lang="ru" trans="promt">и может быть в состоянии предложить их ребенку больше руководства когда дело доходит до трудных решений, с которыми ребенок должен будет столкнуться,</edu>
  <edu id="e3" lang="ru" trans="google">и может быть в состоянии предложить своему ребенку больше рекомендаций, когда речь идет о трудных решениях, с которыми ребенок столкнется,</edu>
  <edu id="e3" lang="ru" trans="yandex">и может быть в состоянии предложить своему ребенку дополнительные инструкции, когда дело доходит до трудных решений, что ребенку придется столкнуться,</edu>
  <edu id="e4" lang="en">they also are going to have a more difficult time staying active with the child.</edu>
  <edu id="e4" lang="ru" trans="promt">они также собираются больше перенести трудности оставаться активными с ребенком.</edu>
  <edu id="e4" lang="ru" trans="google">у них также будет труднее оставаться активным с ребенком.</edu>
  <edu id="e4" lang="ru" trans="yandex">они также будут иметь более трудное время, оставаясь активным с ребенком.</edu>
  <edu id="e5" lang="en">Children are INCREDIBLY active</edu>
  <edu id="e5" lang="ru" trans="promt">Дети НЕВЕРОЯТНО активны</edu>
  <edu id="e5" lang="ru" trans="google">Дети НЕОБХОДИМО активно</edu>
  <edu id="e5" lang="ru" trans="yandex">Дети невероятно активны</edu>
  <edu id="e6" lang="en">and it takes a lot of energy to keep up with them.</edu>
  <edu id="e6" lang="ru" trans="promt">и требуется много энергии не отставать от них.</edu>
  <edu id="e6" lang="ru" trans="google">и требуется много энергии, чтобы идти в ногу с ними.</edu>
  <edu id="e6" lang="ru" trans="yandex">и это занимает много энергии, чтобы идти в ногу с ними.</edu>
  <edu id="e7" lang="en">It would seem to me to discourage physical activity if the parents are older, and this is at a time when children as a whole are becoming less physically fit and less active.</edu>
  <edu id="e7" lang="ru" trans="promt">Это, казалось бы, мне препятствовало бы физической активности, если родители старше, и это - в то время, когда дети в целом становятся менее физически здоровыми и менее активными.</edu>
  <edu id="e7" lang="ru" trans="google">Мне кажется, что я препятствую физической активности, если родители старше, и это в то время, когда дети в целом становятся менее физически здоровыми и менее активными.</edu>
  <edu id="e7" lang="ru" trans="yandex">Казалось бы мне, чтобы препятствовать физической активности, если родители старше, и это в то время, когда дети в целом становятся все менее и менее физически активны.</edu>
  <edu id="e8" lang="en">While I do acknowledge that older parents do have more life knowledge,</edu>
  <edu id="e8" lang="ru" trans="promt">В то время как я действительно признаю, что у родителей старшего возраста действительно есть больше жизненного знания,</edu>
  <edu id="e8" lang="ru" trans="google">Хотя я действительно признаю, что у старших родителей больше знаний о жизни,</edu>
  <edu id="e8" lang="ru" trans="yandex">Хотя я признаю, что пожилые родители имеют больше знания жизни,</edu>
  <edu id="e9" lang="en">the inexperience of a young parent can be offset by their parents (the child's grandparents), god parents, and family friends.</edu>
  <edu id="e9" lang="ru" trans="promt">неопытность молодого родителя может быть возмещена их родителями (бабушка и дедушка ребенка), родителями бога и друзьями семьи.</edu>
  <edu id="e9" lang="ru" trans="google">неопытность молодого родителя может быть компенсирована их родителями (дедушкой и бабушкой ребенка), родителями богов и родственниками.</edu>
  <edu id="e9" lang="ru" trans="yandex">по неопытности молодые родители могут быть компенсированы их родители (бабушки и дедушки ребенка), крестных родителей и друзей семьи.</edu>
  <adu id="a1" type="opp"/>
  <adu id="a2" type="opp"/>
  <adu id="a3" type="pro"/>
  <adu id="a4" type="pro"/>
  <adu id="a5" type="pro"/>
  <adu id="a6" type="pro"/>
  <adu id="a7" type="pro"/>
  <adu id="a8" type="pro"/>
  <edge id="c8" src="e1" trg="a7" type="seg"/>
  <edge id="c9" src="e2" trg="a1" type="seg"/>
  <edge id="c10" src="e3" trg="a2" type="seg"/>
  <edge id="c11" src="e4" trg="a3" type="seg"/>
  <edge id="c12" src="e5" trg="a4" type="seg"/>
  <edge id="c13" src="e6" trg="a5" type="seg"/>
  <edge id="c14" src="e7" trg="a8" type="seg"/>
  <edge id="c15" src="e8" trg="a1" type="seg"/>
  <edge id="c16" src="e9" trg="a6" type="seg"/>
  <edge id="c1" src="a1" trg="a2" type="sup"/>
  <edge id="c2" src="a2" trg="a7" type="reb"/>
  <edge id="c3" src="a3" trg="a8" type="sup"/>
  <edge id="c4" src="a4" trg="a3" type="sup"/>
  <edge id="c5" src="a5" trg="c4" type="add"/>
  <edge id="c6" src="a6" trg="c1" type="und"/>
  <edge id="c7" src="a8" trg="c2" type="und"/>
</arggraph>
