<?xml version='1.0' encoding='UTF-8'?>
<arggraph id="micro_c119">
  <edu id="e1" lang="en">I don't think that nuclear energy is safe.</edu>
  <edu id="e1" lang="ru" trans="promt">Я не думаю, что ядерная энергия безопасна.</edu>
  <edu id="e1" lang="ru" trans="google">Я не думаю, что ядерная энергия безопасна.</edu>
  <edu id="e1" lang="ru" trans="yandex">Я не думаю, что ядерная энергия является безопасной.</edu>
  <edu id="e2" lang="en">Just look at Fukushima, do you think that is safe?</edu>
  <edu id="e2" lang="ru" trans="promt">Только посмотрите на Фукусиму, Вы думаете, что это безопасно?</edu>
  <edu id="e2" lang="ru" trans="google">Просто взгляните на Фукусиму, вы думаете, что это безопасно?</edu>
  <edu id="e2" lang="ru" trans="yandex">Просто посмотрите на Фукусиме, вы думаете, что это безопасно?</edu>
  <edu id="e3" lang="en">Humans are incapable because of greed to operate a reactor without cutting corners and incompetence.</edu>
  <edu id="e3" lang="ru" trans="promt">Люди неспособны из-за жадности, чтобы управлять реактором, не сокращая углы и некомпетентность.</edu>
  <edu id="e3" lang="ru" trans="google">Люди неспособны из-за жадности работать с реактором без резки углов и некомпетентности.</edu>
  <edu id="e3" lang="ru" trans="yandex">Люди не способны из-за жадности до работы реактора без срезания углов и некомпетентность.</edu>
  <edu id="e4" lang="en">The pollution is long lasting, as in forever,</edu>
  <edu id="e4" lang="ru" trans="promt">Загрязнение длительно, как в навсегда,</edu>
  <edu id="e4" lang="ru" trans="google">Загрязнение длительное, как и навсегда,</edu>
  <edu id="e4" lang="ru" trans="yandex">Загрязнение окружающей среды является длительным, как в вечность,</edu>
  <edu id="e5" lang="en">and harmful to anything living.</edu>
  <edu id="e5" lang="ru" trans="promt">и вредный для чего-либо проживание.</edu>
  <edu id="e5" lang="ru" trans="google">и вредно для чего-либо живого.</edu>
  <edu id="e5" lang="ru" trans="yandex">и вреден для всего живого.</edu>
  <edu id="e6" lang="en">It is only safe if you listen to government propaganda.</edu>
  <edu id="e6" lang="ru" trans="promt">Только безопасно, если Вы слушаете правительственную пропаганду.</edu>
  <edu id="e6" lang="ru" trans="google">Это безопасно, если вы слушаете правительственную пропаганду.</edu>
  <edu id="e6" lang="ru" trans="yandex">Это только безопасно, если вы слушаете правительственной пропаганды.</edu>
  <adu id="a1" type="pro"/>
  <adu id="a2" type="pro"/>
  <adu id="a3" type="pro"/>
  <adu id="a4" type="pro"/>
  <adu id="a5" type="pro"/>
  <adu id="a6" type="pro"/>
  <edge id="c6" src="e1" trg="a1" type="seg"/>
  <edge id="c7" src="e2" trg="a2" type="seg"/>
  <edge id="c8" src="e3" trg="a3" type="seg"/>
  <edge id="c9" src="e4" trg="a4" type="seg"/>
  <edge id="c10" src="e5" trg="a5" type="seg"/>
  <edge id="c11" src="e6" trg="a6" type="seg"/>
  <edge id="c1" src="a2" trg="a1" type="exa"/>
  <edge id="c2" src="a3" trg="a1" type="sup"/>
  <edge id="c3" src="a4" trg="a1" type="sup"/>
  <edge id="c4" src="a5" trg="c3" type="add"/>
  <edge id="c5" src="a6" trg="a1" type="sup"/>
</arggraph>
