<?xml version='1.0' encoding='UTF-8'?>
<arggraph id="micro_c122">
  <edu id="e1" lang="en">Nuclear energy has been used for years with very few major issues.</edu>
  <edu id="e1" lang="ru" trans="promt">Ядерная энергия использовалась в течение многих лет с очень немногими главными проблемами.</edu>
  <edu id="e1" lang="ru" trans="google">Ядерная энергия используется в течение многих лет с очень небольшим количеством важных вопросов.</edu>
  <edu id="e1" lang="ru" trans="yandex">Ядерная энергия была использована в течение многих лет с очень мало серьезных вопросов.</edu>
  <edu id="e2" lang="en">It is cheap to produce</edu>
  <edu id="e2" lang="ru" trans="promt">Дешево произвести</edu>
  <edu id="e2" lang="ru" trans="google">Дешево производить</edu>
  <edu id="e2" lang="ru" trans="yandex">Он дешев в производстве</edu>
  <edu id="e3" lang="en">and our society uses large amounts of energy.</edu>
  <edu id="e3" lang="ru" trans="promt">и наше общество использует большие суммы энергии.</edu>
  <edu id="e3" lang="ru" trans="google">и наше общество использует большое количество энергии.</edu>
  <edu id="e3" lang="ru" trans="yandex">и наше общество потребляет большое количество энергии.</edu>
  <edu id="e4" lang="en">However, it is dirty and damages the environment.</edu>
  <edu id="e4" lang="ru" trans="promt">Однако это грязно и повреждает окружающую среду.</edu>
  <edu id="e4" lang="ru" trans="google">Однако он загрязнен и повреждает окружающую среду.</edu>
  <edu id="e4" lang="ru" trans="yandex">Однако, он грязный и наносит вред окружающей среде.</edu>
  <edu id="e5" lang="en">But as humans we've become so dependent on electricity that we can overlook some of the downfalls of nuclear energy.</edu>
  <edu id="e5" lang="ru" trans="promt">Но как люди мы стали столь зависящими от электричества, что мы можем пропустить некоторые крушения ядерной энергии.</edu>
  <edu id="e5" lang="ru" trans="google">Но, как люди, мы стали настолько зависимы от электричества, что можем упускать из виду некоторые из последствий ядерной энергетики.</edu>
  <edu id="e5" lang="ru" trans="yandex">Но так как люди мы стали настолько зависимы от электричества, что мы можем игнорировать некоторые недостатки ядерной энергии.</edu>
  <edu id="e6" implicit="true" lang="en">We should use nuclear energy.</edu>
  <edu id="e6" lang="ru" trans="promt">Мы должны использовать ядерную энергию.</edu>
  <edu id="e6" lang="ru" trans="google">Мы должны использовать ядерную энергию.</edu>
  <edu id="e6" lang="ru" trans="yandex">Мы должны использовать ядерную энергию.</edu>
  <adu id="a1" type="pro"/>
  <adu id="a2" type="pro"/>
  <adu id="a3" type="pro"/>
  <adu id="a4" type="pro"/>
  <adu id="a5" type="opp"/>
  <adu id="a6" type="pro"/>
  <edge id="c6" src="e1" trg="a1" type="seg"/>
  <edge id="c7" src="e2" trg="a2" type="seg"/>
  <edge id="c8" src="e3" trg="a3" type="seg"/>
  <edge id="c9" src="e4" trg="a5" type="seg"/>
  <edge id="c10" src="e5" trg="a6" type="seg"/>
  <edge id="c11" src="e6" trg="a4" type="seg"/>
  <edge id="c1" src="a1" trg="a4" type="sup"/>
  <edge id="c2" src="a2" trg="a4" type="sup"/>
  <edge id="c3" src="a3" trg="c2" type="add"/>
  <edge id="c4" src="a5" trg="a4" type="reb"/>
  <edge id="c5" src="a6" trg="c4" type="und"/>
</arggraph>
