<?xml version='1.0' encoding='UTF-8'?>
<arggraph id="micro_c179">
  <edu id="e1" lang="en">Being an only child is not a good thing.</edu>
  <edu id="e1" lang="ru" trans="promt">Быть единственным ребенком не является хорошей вещью.</edu>
  <edu id="e1" lang="ru" trans="google">Быть единственным ребенком - это нехорошо.</edu>
  <edu id="e1" lang="ru" trans="yandex">Быть единственным ребенком-это не очень хорошая вещь.</edu>
  <edu id="e2" lang="en">Often single children are spoiled</edu>
  <edu id="e2" lang="ru" trans="promt">Часто холостые дети избалованы</edu>
  <edu id="e2" lang="ru" trans="google">Часто одинокие дети испорчены</edu>
  <edu id="e2" lang="ru" trans="yandex">Часто единственные дети избалованы</edu>
  <edu id="e3" lang="en">and because of this, they think they are entitled to more and better things than others as they grow up.</edu>
  <edu id="e3" lang="ru" trans="promt">и из-за этого, они думают, что наделены правом на больше и лучшие вещи, чем другие, как они растут.</edu>
  <edu id="e3" lang="ru" trans="google">и из-за этого они думают, что имеют право на большее и лучшее, чем другие, когда они растут.</edu>
  <edu id="e3" lang="ru" trans="yandex">и из-за этого, они думают, что они имеют право больше и лучше вещи, чем другим, как они растут.</edu>
  <edu id="e4" lang="en">Being an only child can also cause feelings of loneliness and isolation, which are not good for a child's mental health.</edu>
  <edu id="e4" lang="ru" trans="promt">Быть единственным ребенком может также вызвать чувства одиночества и изоляции, которые не хороши для психического здоровья ребенка.</edu>
  <edu id="e4" lang="ru" trans="google">Быть единственным ребенком может также вызвать чувство одиночества и изоляции, которые не подходят для психического здоровья ребенка.</edu>
  <edu id="e4" lang="ru" trans="yandex">Будучи единственным ребенком в семье, также может вызывать чувство одиночества и изоляции, которые не хорошо для психического здоровья ребенка.</edu>
  <edu id="e5" lang="en">Being an only child can be boring for a child, so it is also more of a strain on the parents to keep the child busy and to socialize the child.</edu>
  <edu id="e5" lang="ru" trans="promt">Быть единственным ребенком может быть скучным для ребенка, таким образом, это - также больше напряжения на родителей, чтобы заставить ребенка напряженно трудиться и социализировать ребенка.</edu>
  <edu id="e5" lang="ru" trans="google">Быть единственным ребенком может быть скучным для ребенка, поэтому он также больше страдает от родителей, чтобы ребенок не был занят и чтобы общаться с ребенком.</edu>
  <edu id="e5" lang="ru" trans="yandex">Будучи единственным ребенком может быть скучно для ребенка, так это еще большую нагрузку на родителей, чтобы держать детей заняты и социализировать ребенка.</edu>
  <adu id="a1" type="pro"/>
  <adu id="a2" type="pro"/>
  <adu id="a3" type="pro"/>
  <adu id="a4" type="pro"/>
  <adu id="a5" type="pro"/>
  <edge id="c5" src="e1" trg="a2" type="seg"/>
  <edge id="c6" src="e2" trg="a3" type="seg"/>
  <edge id="c7" src="e3" trg="a1" type="seg"/>
  <edge id="c8" src="e4" trg="a4" type="seg"/>
  <edge id="c9" src="e5" trg="a5" type="seg"/>
  <edge id="c1" src="a1" trg="a2" type="sup"/>
  <edge id="c2" src="a3" trg="a1" type="sup"/>
  <edge id="c3" src="a4" trg="a2" type="sup"/>
  <edge id="c4" src="a5" trg="a2" type="sup"/>
</arggraph>
