<?xml version='1.0' encoding='UTF-8'?>
<arggraph id="micro_c071">
  <edu id="e1" lang="en">Supermarkets should not charge for plastic bags.</edu>
  <edu id="e1" lang="ru" trans="promt">Супермаркеты не должны взимать за полиэтиленовые пакеты.</edu>
  <edu id="e1" lang="ru" trans="google">Супермаркеты не должны взимать плату за полиэтиленовые пакеты.</edu>
  <edu id="e1" lang="ru" trans="yandex">Супермаркеты не должны взимать плату за пластиковые пакеты.</edu>
  <edu id="e2" lang="en">Plastic bags are cheap to make.</edu>
  <edu id="e2" lang="ru" trans="promt">Полиэтиленовые пакеты дешевые, чтобы сделать.</edu>
  <edu id="e2" lang="ru" trans="google">Пластиковые пакеты дешевы.</edu>
  <edu id="e2" lang="ru" trans="yandex">Полиэтиленовые пакеты дешево.</edu>
  <edu id="e3" lang="en">Many people reuse the plastic bags after they return from the store.</edu>
  <edu id="e3" lang="ru" trans="promt">Многие люди снова используют полиэтиленовые пакеты после того, как они возвратятся из магазина.</edu>
  <edu id="e3" lang="ru" trans="google">Многие люди повторно используют пластиковые пакеты после того, как они возвращаются из магазина.</edu>
  <edu id="e3" lang="ru" trans="yandex">Многие люди повторно использовать пластиковые пакеты после их возвращения из магазина.</edu>
  <edu id="e4" lang="en">Using reusable bags is good for the environment,</edu>
  <edu id="e4" lang="ru" trans="promt">Используя сумки многократного использования хорошо для окружающей среды,</edu>
  <edu id="e4" lang="ru" trans="google">Использование многоразовых пакетов хорошо подходит для окружающей среды,</edu>
  <edu id="e4" lang="ru" trans="yandex">Используя многоразовые сумки хорошо для окружающей среды,</edu>
  <edu id="e5" lang="en">but shoppers should not be punished for not using them.</edu>
  <edu id="e5" lang="ru" trans="promt">но покупатели не должны быть наказаны за то, что они не использовали их.</edu>
  <edu id="e5" lang="ru" trans="google">но покупатели не должны наказываться за то, что не использовали их.</edu>
  <edu id="e5" lang="ru" trans="yandex">но покупатели не должны быть наказаны за не используя их.</edu>
  <adu id="a1" type="pro"/>
  <adu id="a2" type="pro"/>
  <adu id="a3" type="pro"/>
  <adu id="a4" type="opp"/>
  <adu id="a5" type="pro"/>
  <edge id="c5" src="e1" trg="a1" type="seg"/>
  <edge id="c6" src="e2" trg="a2" type="seg"/>
  <edge id="c7" src="e3" trg="a3" type="seg"/>
  <edge id="c8" src="e4" trg="a4" type="seg"/>
  <edge id="c9" src="e5" trg="a5" type="seg"/>
  <edge id="c1" src="a2" trg="a1" type="sup"/>
  <edge id="c2" src="a3" trg="a1" type="sup"/>
  <edge id="c3" src="a4" trg="a1" type="reb"/>
  <edge id="c4" src="a5" trg="c3" type="und"/>
</arggraph>
