<?xml version='1.0' encoding='UTF-8'?>
<arggraph id="micro_c128">
  <edu id="e1" lang="en">No, there isn't a chance to handle nuclear waste responsibility!</edu>
  <edu id="e1" lang="ru" trans="promt">Нет, нет шанса обращаться с ответственностью за ядерные отходы!</edu>
  <edu id="e1" lang="ru" trans="google">Нет, нет возможности справиться с ядерными отходами!</edu>
  <edu id="e1" lang="ru" trans="yandex">Нет, нет шансов, чтобы справиться с ядерной ответственности отходами!</edu>
  <edu id="e2" lang="en">It is very radioactive</edu>
  <edu id="e2" lang="ru" trans="promt">Это очень радиоактивно</edu>
  <edu id="e2" lang="ru" trans="google">Это очень радиоактивный</edu>
  <edu id="e2" lang="ru" trans="yandex">Это очень радиоактивный</edu>
  <edu id="e3" lang="en">and how is it possible to handle something  that is very hot.</edu>
  <edu id="e3" lang="ru" trans="promt">и как возможно обращаться с чем-то, что очень горячо.</edu>
  <edu id="e3" lang="ru" trans="google">и как можно обрабатывать то, что очень жарко.</edu>
  <edu id="e3" lang="ru" trans="yandex">и как это возможно, чтобы справиться с чем-то, что очень жарко.</edu>
  <edu id="e4" lang="en">It also decays very slowly,</edu>
  <edu id="e4" lang="ru" trans="promt">Это также распадается очень медленно,</edu>
  <edu id="e4" lang="ru" trans="google">Он также распадается очень медленно,</edu>
  <edu id="e4" lang="ru" trans="yandex">Он также разлагается очень медленно,</edu>
  <edu id="e5" lang="en">hence hard to handle it responsibly.</edu>
  <edu id="e5" lang="ru" trans="promt">следовательно трудно обращаться с ним ответственно.</edu>
  <edu id="e5" lang="ru" trans="google">следовательно, трудно справиться с этим ответственно.</edu>
  <edu id="e5" lang="ru" trans="yandex">следовательно, трудно справиться с этим ответственно.</edu>
  <edu id="e6" lang="en">It's considered a high level waste.</edu>
  <edu id="e6" lang="ru" trans="promt">Это рассмотрело отходы высокого уровня.</edu>
  <edu id="e6" lang="ru" trans="google">Это считается отходами высокого уровня.</edu>
  <edu id="e6" lang="ru" trans="yandex">Это считается высокоактивных отходов.</edu>
  <adu id="a1" type="pro"/>
  <adu id="a2" type="pro"/>
  <adu id="a3" type="pro"/>
  <adu id="a4" type="pro"/>
  <adu id="a5" type="pro"/>
  <adu id="a6" type="pro"/>
  <edge id="c6" src="e1" trg="a1" type="seg"/>
  <edge id="c7" src="e2" trg="a2" type="seg"/>
  <edge id="c8" src="e3" trg="a3" type="seg"/>
  <edge id="c9" src="e4" trg="a5" type="seg"/>
  <edge id="c10" src="e5" trg="a4" type="seg"/>
  <edge id="c11" src="e6" trg="a6" type="seg"/>
  <edge id="c1" src="a2" trg="a1" type="sup"/>
  <edge id="c2" src="a3" trg="c1" type="add"/>
  <edge id="c3" src="a4" trg="a1" type="sup"/>
  <edge id="c4" src="a5" trg="a4" type="sup"/>
  <edge id="c5" src="a6" trg="a1" type="sup"/>
</arggraph>
