<?xml version='1.0' encoding='UTF-8'?>
<arggraph id="micro_c080">
  <edu id="e1" lang="en">Violent video games do not themselves cause people to act out violently.</edu>
  <edu id="e1" lang="ru" trans="promt">Жестокие видеоигры самостоятельно не заставляют людей разыгрывать яростно.</edu>
  <edu id="e1" lang="ru" trans="google">Насильственные видеоигры сами по себе не заставляют людей действовать жестоко.</edu>
  <edu id="e1" lang="ru" trans="yandex">Жестокие видеоигры сами по себе не заставляют людей действовать жестоко.</edu>
  <edu id="e2" lang="en">Video games may contribute to the overall mindset of a violent person who acts out violently,</edu>
  <edu id="e2" lang="ru" trans="promt">Видеоигры могут способствовать полному мышлению жестокого человека, который разыгрывает яростно,</edu>
  <edu id="e2" lang="ru" trans="google">Видеоигры могут способствовать общему мышлению насильственного человека, который действует насильственно,</edu>
  <edu id="e2" lang="ru" trans="yandex">Видеоигры могут провоцировать мышление жестокий человек, действия которого яростно,</edu>
  <edu id="e3" lang="en">but cannot in and of themselves cause violence.</edu>
  <edu id="e3" lang="ru" trans="promt">но не может в и себя насилие причины.</edu>
  <edu id="e3" lang="ru" trans="google">но не могут сами по себе вызывать насилие.</edu>
  <edu id="e3" lang="ru" trans="yandex">но сами по себе не могут привести к насилию.</edu>
  <edu id="e4" lang="en">A violent person will seek out justification and violence in whatever forms exist.</edu>
  <edu id="e4" lang="ru" trans="promt">Жестокий человек будет искать оправдание, и насилие в любых формах существуют.</edu>
  <edu id="e4" lang="ru" trans="google">Сильный человек будет искать оправдание и насилие в любых формах.</edu>
  <edu id="e4" lang="ru" trans="yandex">Жестокий человек будет искать оправдания и насилие в любой формы существуют.</edu>
  <edu id="e5" lang="en">Violent video games can also contribute to the normalization and desensitization of violence,</edu>
  <edu id="e5" lang="ru" trans="promt">Жестокие видеоигры могут также способствовать нормализации и десенсибилизации насилия,</edu>
  <edu id="e5" lang="ru" trans="google">Жестокие видеоигры также могут способствовать нормализации и десенситизации насилия,</edu>
  <edu id="e5" lang="ru" trans="yandex">Жестокие видеоигры могут способствовать нормализации и десенсибилизации насилия,</edu>
  <edu id="e6" lang="en">but is only one factor among a whole host of factors leading to violence, the most important of which is individual choice.</edu>
  <edu id="e6" lang="ru" trans="promt">но только один фактор среди большого количества факторов, приводящих к насилию, самым важным из которых является отдельный выбор.</edu>
  <edu id="e6" lang="ru" trans="google">но это всего лишь один фактор среди целого ряда факторов, ведущих к насилию, наиболее важным из которых является индивидуальный выбор.</edu>
  <edu id="e6" lang="ru" trans="yandex">но это только один фактор из целого ряда факторов, ведущих к насилию, наиболее важные из которых-это индивидуальный выбор.</edu>
  <adu id="a1" type="pro"/>
  <adu id="a2" type="opp"/>
  <adu id="a3" type="pro"/>
  <adu id="a4" type="pro"/>
  <adu id="a5" type="opp"/>
  <adu id="a6" type="pro"/>
  <edge id="c6" src="e1" trg="a1" type="seg"/>
  <edge id="c7" src="e2" trg="a2" type="seg"/>
  <edge id="c8" src="e3" trg="a3" type="seg"/>
  <edge id="c9" src="e4" trg="a4" type="seg"/>
  <edge id="c10" src="e5" trg="a5" type="seg"/>
  <edge id="c11" src="e6" trg="a6" type="seg"/>
  <edge id="c1" src="a2" trg="a1" type="reb"/>
  <edge id="c2" src="a3" trg="c1" type="und"/>
  <edge id="c3" src="a4" trg="a1" type="sup"/>
  <edge id="c4" src="a5" trg="a1" type="reb"/>
  <edge id="c5" src="a6" trg="c4" type="und"/>
</arggraph>
