<?xml version='1.0' encoding='UTF-8'?>
<arggraph id="micro_c085">
  <edu id="e1" lang="en">The world is fast changing and it is important for schools to keep pace.</edu>
  <edu id="e1" lang="ru" trans="promt">Мир - быстрое изменение, и для школ важно идти в ногу.</edu>
  <edu id="e1" lang="ru" trans="google">Мир быстро меняется, и важно, чтобы школы не отставали.</edu>
  <edu id="e1" lang="ru" trans="yandex">Мир быстро меняется, и важно для школы, чтобы не отставать.</edu>
  <edu id="e2" lang="en">The average student is exposed to video games from a young age and appealing to this may help them learn.</edu>
  <edu id="e2" lang="ru" trans="promt">Средний студент подвергнут видеоиграм с молодого возраста, и обращающийся к этому может помочь им учиться.</edu>
  <edu id="e2" lang="ru" trans="google">Средний студент подвергается видеоиграм с раннего возраста, и призыв к этому может помочь им учиться.</edu>
  <edu id="e2" lang="ru" trans="yandex">Средний студент подвергается видеоигры с самого раннего возраста и, апеллируя к это может помочь им учиться.</edu>
  <edu id="e3" lang="en">It could be cause for concern that they have too much exposure to "screens," and video games have no place in the classroom.</edu>
  <edu id="e3" lang="ru" trans="promt">Это мог быть повод для беспокойства, что у них есть слишком много воздействия «экранов», и у видеоигр нет места в классе.</edu>
  <edu id="e3" lang="ru" trans="google">Это может быть причиной того, что они слишком подвержены воздействию «экранов», а видеоигры не имеют места в классе.</edu>
  <edu id="e3" lang="ru" trans="yandex">Это может быть причиной для беспокойства, что у них слишком много подвержения к "экранам" и видеоигры нет места в классе.</edu>
  <edu id="e4" lang="en">Despite this, learning should evolve in creative ways, such as using video games as a tool.</edu>
  <edu id="e4" lang="ru" trans="promt">Несмотря на это, изучение должно развиться творческими способами, такими как использование видеоигр как инструмент.</edu>
  <edu id="e4" lang="ru" trans="google">Несмотря на это, обучение должно развиваться творчески, например, использовать видеоигры в качестве инструмента.</edu>
  <edu id="e4" lang="ru" trans="yandex">Несмотря на это, образование должно развиваться в творческих целях, например, используя видеоигры в качестве инструмента.</edu>
  <adu id="a1" type="pro"/>
  <adu id="a2" type="opp"/>
  <adu id="a3" type="pro"/>
  <adu id="a4" type="pro"/>
  <edge id="c4" src="e1" trg="a3" type="seg"/>
  <edge id="c5" src="e2" trg="a4" type="seg"/>
  <edge id="c6" src="e3" trg="a2" type="seg"/>
  <edge id="c7" src="e4" trg="a1" type="seg"/>
  <edge id="c1" src="a2" trg="a1" type="reb"/>
  <edge id="c2" src="a3" trg="a1" type="sup"/>
  <edge id="c3" src="a4" trg="a1" type="sup"/>
</arggraph>
