<?xml version='1.0' encoding='UTF-8'?>
<arggraph id="micro_c065">
  <edu id="e1" lang="en">Social media has hurt the lives of teenagers in several ways.</edu>
  <edu id="e1" lang="ru" trans="promt">Социальные медиа повредили жизни подростков несколькими способами.</edu>
  <edu id="e1" lang="ru" trans="google">Социальные медиа повредили жизни подростков несколькими способами.</edu>
  <edu id="e1" lang="ru" trans="yandex">Социальные медиа обиженного на жизнь подростка в несколько способов.</edu>
  <edu id="e2" lang="en">First it has seemingly kept children from many real life interactions and confined them to the front of a computer screen or cell phone.</edu>
  <edu id="e2" lang="ru" trans="promt">Сначала это по-видимому держало детей от многих реальных взаимодействий и ограничило их фронтом монитора или сотового телефона.</edu>
  <edu id="e2" lang="ru" trans="google">Сначала он, по-видимому, удерживал детей от многих реальных взаимодействий и ограничивал их перед экраном компьютера или сотового телефона.</edu>
  <edu id="e2" lang="ru" trans="yandex">Сначала он, казалось бы, держали детей от многих взаимодействий реальной жизни и ограничивается их перед экраном компьютера или сотового телефона.</edu>
  <edu id="e3" lang="en">Also it has redefined the term 'friend' and therefor friendship.</edu>
  <edu id="e3" lang="ru" trans="promt">Также это пересмотрело термин 'друг' и для этого дружба.</edu>
  <edu id="e3" lang="ru" trans="google">Также он пересмотрел термин «друг» и поэтому дружба.</edu>
  <edu id="e3" lang="ru" trans="yandex">Также он пересмотрел понятие "друг" и "дружба".</edu>
  <edu id="e4" lang="en">More and more people are concerned with how many 'likes' they receive while pulling away from making true and lasting friendships and building life experiences.</edu>
  <edu id="e4" lang="ru" trans="promt">Все больше людей обеспокоено в том, сколько 'нравится', они получают, разделяя от создания истинной и длительной дружбы и создания жизненных событий.</edu>
  <edu id="e4" lang="ru" trans="google">Все больше людей обеспокоены тем, сколько «любит» они получают, отрываясь от создания истинной и прочной дружбы и создания жизненного опыта.</edu>
  <edu id="e4" lang="ru" trans="yandex">Все больше и больше людей интересует, сколько "лайков" они получают, пока отстраняясь от принятия истинной и прочной дружбы и построения жизненного опыта.</edu>
  <adu id="a1" type="pro"/>
  <adu id="a2" type="pro"/>
  <adu id="a3" type="pro"/>
  <adu id="a4" type="pro"/>
  <edge id="c4" src="e1" trg="a1" type="seg"/>
  <edge id="c5" src="e2" trg="a2" type="seg"/>
  <edge id="c6" src="e3" trg="a3" type="seg"/>
  <edge id="c7" src="e4" trg="a4" type="seg"/>
  <edge id="c1" src="a2" trg="a1" type="sup"/>
  <edge id="c2" src="a3" trg="a1" type="sup"/>
  <edge id="c3" src="a4" trg="a3" type="sup"/>
</arggraph>
