<?xml version='1.0' encoding='UTF-8'?>
<arggraph id="micro_c165">
  <edu id="e1" lang="en">Teenagers have the same parental rights as any biological parent.</edu>
  <edu id="e1" lang="ru" trans="promt">Подростки имеют те же родительские права как любой биологический родитель.</edu>
  <edu id="e1" lang="ru" trans="google">Подростки имеют те же родительские права, что и любой биологический родитель.</edu>
  <edu id="e1" lang="ru" trans="yandex">Подростки имеют такие же родительские права, как и любой биологический родитель.</edu>
  <edu id="e2" lang="en">There should not be an assumption that a teenager is automatically an unfit parent.</edu>
  <edu id="e2" lang="ru" trans="promt">Не должно быть предположения, что подросток - автоматически негодный родитель.</edu>
  <edu id="e2" lang="ru" trans="google">Не должно быть предположения, что подросток автоматически является непригодным родителем.</edu>
  <edu id="e2" lang="ru" trans="yandex">Там не должно быть предположение, что подросток автоматически не может быть родителем.</edu>
  <edu id="e3" lang="en">Unless the state can prove that a teenager is unfit, abusive, or neglectful to the unborn or born child</edu>
  <edu id="e3" lang="ru" trans="promt">Если государство не может доказать, что подросток негоден, оскорбителен, или небрежен будущему или родившемуся ребенку</edu>
  <edu id="e3" lang="ru" trans="google">Если государство не может доказать, что подросток является непригодным, оскорбительным или пренебрежительным к нерожденному или рожденному ребенку</edu>
  <edu id="e3" lang="ru" trans="yandex">Если государство не может доказать, что подросток годен, оскорбительное или пренебрежительное к родившемуся или родившегося ребенка</edu>
  <edu id="e4" lang="en">then teenagers have the right to keep their children just as any parent would.</edu>
  <edu id="e4" lang="ru" trans="promt">тогда подростки имеют право держать их детей, как любой родитель был бы.</edu>
  <edu id="e4" lang="ru" trans="google">то подростки имеют право держать своих детей так же, как любой родитель.</edu>
  <edu id="e4" lang="ru" trans="yandex">затем подростки имеют право держать своих детей так же, как любой родитель.</edu>
  <adu id="a1" type="pro"/>
  <adu id="a2" type="opp"/>
  <adu id="a3" type="pro"/>
  <adu id="a4" type="pro"/>
  <edge id="c4" src="e1" trg="a4" type="seg"/>
  <edge id="c5" src="e2" trg="a3" type="seg"/>
  <edge id="c6" src="e3" trg="a2" type="seg"/>
  <edge id="c7" src="e4" trg="a1" type="seg"/>
  <edge id="c1" src="a2" trg="a1" type="reb"/>
  <edge id="c2" src="a3" trg="c1" type="und"/>
  <edge id="c3" src="a4" trg="a1" type="sup"/>
</arggraph>
