<?xml version='1.0' encoding='UTF-8'?>
<arggraph id="micro_c059">
  <edu id="e1" lang="en">Social Media has improved the lives of teenagers.</edu>
  <edu id="e1" lang="ru" trans="promt">Социальные медиа улучшили жизни подростков.</edu>
  <edu id="e1" lang="ru" trans="google">Социальные медиа улучшили жизнь подростков.</edu>
  <edu id="e1" lang="ru" trans="yandex">Социальные медиа способствуют улучшению жизни подростков.</edu>
  <edu id="e2" lang="en">Social media has allowed teenagers a constant way to communicate with each other</edu>
  <edu id="e2" lang="ru" trans="promt">Социальные медиа позволили подросткам постоянный способ общаться друг с другом</edu>
  <edu id="e2" lang="ru" trans="google">Социальные медиа позволяют подросткам постоянно общаться друг с другом</edu>
  <edu id="e2" lang="ru" trans="yandex">Социальные медиа позволили подростков постоянный способ общения друг с другом</edu>
  <edu id="e3" lang="en">as well as an easy way to find new potential friends.</edu>
  <edu id="e3" lang="ru" trans="promt">а также легкий способ найти новых потенциальных друзей.</edu>
  <edu id="e3" lang="ru" trans="google">а также простой способ найти новых потенциальных друзей.</edu>
  <edu id="e3" lang="ru" trans="yandex">а также легкий способ найти новых потенциальных друзей.</edu>
  <edu id="e4" lang="en">Numerous people meet new people everyday using platforms such as Facebook and Twitter from the comfort of their own homes.</edu>
  <edu id="e4" lang="ru" trans="promt">Многочисленные люди встречают новых людей, каждый день использующих платформы, такие как Facebook и Твиттер от комфорта их собственных домов.</edu>
  <edu id="e4" lang="ru" trans="google">Многочисленные люди встречают новых людей каждый день, используя платформы, такие как Facebook и Twitter, из-за комфорта своих собственных домов.</edu>
  <edu id="e4" lang="ru" trans="yandex">Множество людей встречать новых людей каждый день используют такие платформы, как Facebook и Twitter, не выходя из собственного дома.</edu>
  <edu id="e5" lang="en">Social Media also allows teenagers to get a look at someone's life before learning more about them.</edu>
  <edu id="e5" lang="ru" trans="promt">Социальные медиа также позволяют подросткам получать взгляд на чью-то жизнь перед получением дополнительной информации о них.</edu>
  <edu id="e5" lang="ru" trans="google">Социальные медиа также позволяют подросткам взглянуть на чью-то жизнь, прежде чем больше узнать о них.</edu>
  <edu id="e5" lang="ru" trans="yandex">Социальные медиа также позволяет подросткам взглянуть на чью-то жизнь, прежде чем узнать больше о них.</edu>
  <edu id="e6" lang="en">Some social media platforms even make money for teenagers if they have enough followers.</edu>
  <edu id="e6" lang="ru" trans="promt">Некоторые платформы социальных сетей даже делают деньги для подростков, если у них есть достаточно последователей.</edu>
  <edu id="e6" lang="ru" trans="google">Некоторые платформы социальных сетей даже зарабатывают деньги для подростков, если у них достаточно последователей.</edu>
  <edu id="e6" lang="ru" trans="yandex">Некоторые социальные медиа-платформы даже заработать деньги для подростков, если они имеют достаточно последователей.</edu>
  <edu id="e7" lang="en">All in all, I would definitely say that social media has improved the life of teenagers.</edu>
  <edu id="e7" lang="ru" trans="promt">В целом, я определенно сказал бы, что социальные сети улучшили жизнь подростков.</edu>
  <edu id="e7" lang="ru" trans="google">В целом, я бы определенно сказал, что социальные медиа улучшили жизнь подростков.</edu>
  <edu id="e7" lang="ru" trans="yandex">В целом, я бы определенно сказать, что социальные медиа позволило улучшить жизнь подростков.</edu>
  <adu id="a1" type="pro"/>
  <adu id="a2" type="pro"/>
  <adu id="a3" type="pro"/>
  <adu id="a4" type="pro"/>
  <adu id="a5" type="pro"/>
  <adu id="a6" type="pro"/>
  <edge id="c6" src="e1" trg="a1" type="seg"/>
  <edge id="c7" src="e2" trg="a2" type="seg"/>
  <edge id="c8" src="e3" trg="a3" type="seg"/>
  <edge id="c9" src="e4" trg="a4" type="seg"/>
  <edge id="c10" src="e5" trg="a5" type="seg"/>
  <edge id="c11" src="e6" trg="a6" type="seg"/>
  <edge id="c12" src="e7" trg="a1" type="seg"/>
  <edge id="c1" src="a2" trg="a1" type="sup"/>
  <edge id="c2" src="a3" trg="a1" type="sup"/>
  <edge id="c3" src="a4" trg="a3" type="exa"/>
  <edge id="c4" src="a5" trg="a1" type="sup"/>
  <edge id="c5" src="a6" trg="a1" type="sup"/>
</arggraph>
