<?xml version='1.0' encoding='UTF-8'?>
<arggraph id="micro_c043">
  <edu id="e1" lang="en">It is undeniable that the space and resources of this planet are scarce.</edu>
  <edu id="e1" lang="ru" trans="promt">Это бесспорно, что пространство и ресурсы этой планеты недостаточны.</edu>
  <edu id="e1" lang="ru" trans="google">Нельзя отрицать, что пространство и ресурсы этой планеты не хватает.</edu>
  <edu id="e1" lang="ru" trans="yandex">Неоспорим тот факт, что пространство и ресурсы нашей планеты ограничены.</edu>
  <edu id="e2" lang="en">One way to cut down on waste is by recycling.</edu>
  <edu id="e2" lang="ru" trans="promt">Один способ сократить отходы, перерабатывая.</edu>
  <edu id="e2" lang="ru" trans="google">Одним из способов сокращения отходов является переработка.</edu>
  <edu id="e2" lang="ru" trans="yandex">Один из способов сократить отходы при переработке.</edu>
  <edu id="e3" lang="en">Recycling will help save land that would have to be turned into a landfill.</edu>
  <edu id="e3" lang="ru" trans="promt">Переработка поможет спасти землю, которая должна была бы быть превращена в закапывание мусора.</edu>
  <edu id="e3" lang="ru" trans="google">Переработка поможет спасти землю, которая должна быть превращена в полигон.</edu>
  <edu id="e3" lang="ru" trans="yandex">Обработка поможет сохранить земли, которые должны быть превращены в свалку.</edu>
  <edu id="e4" implicit="true" lang="en">Yes, recycling really makes a difference.</edu>
  <edu id="e4" lang="ru" trans="promt">Да, переработка действительно имеет значение.</edu>
  <edu id="e4" lang="ru" trans="google">Да, переработка действительно имеет значение.</edu>
  <edu id="e4" lang="ru" trans="yandex">Да, обработка действительно делает разницу.</edu>
  <adu id="a1" type="pro"/>
  <adu id="a2" type="pro"/>
  <adu id="a3" type="pro"/>
  <adu id="a4" type="pro"/>
  <edge id="c4" src="e1" trg="a3" type="seg"/>
  <edge id="c5" src="e2" trg="a4" type="seg"/>
  <edge id="c6" src="e3" trg="a2" type="seg"/>
  <edge id="c7" src="e4" trg="a1" type="seg"/>
  <edge id="c1" src="a2" trg="a1" type="sup"/>
  <edge id="c2" src="a3" trg="a2" type="sup"/>
  <edge id="c3" src="a4" trg="c2" type="add"/>
</arggraph>
