<?xml version='1.0' encoding='UTF-8'?>
<arggraph id="micro_c141">
  <edu id="e1" lang="en">Government can pass regulations to make wind energy more inviting to investors and businesses,</edu>
  <edu id="e1" lang="ru" trans="promt">Правительство может принять инструкции, чтобы сделать энергию ветра более привлекательной инвесторам и компаниям,</edu>
  <edu id="e1" lang="ru" trans="google">Правительство может принять правила, чтобы сделать энергию ветра более привлекательной для инвесторов и предприятий,</edu>
  <edu id="e1" lang="ru" trans="yandex">Правительство может передать правила, чтобы сделать энергию ветра более привлекательным для инвесторов и бизнеса</edu>
  <edu id="e2" lang="en">but only that private investment will really speed up the spread of wind energy.</edu>
  <edu id="e2" lang="ru" trans="promt">но только что частные инвестиции действительно ускорят распространение энергии ветра.</edu>
  <edu id="e2" lang="ru" trans="google">но только то, что частные инвестиции действительно ускорят распространение энергии ветра.</edu>
  <edu id="e2" lang="ru" trans="yandex">но реально только то, что частных инвестиций ускорить распространение ветроэнергетики.</edu>
  <edu id="e3" lang="en">Energy companies in the U.S. are privately owned and make their choices based on what is economically feasible.</edu>
  <edu id="e3" lang="ru" trans="promt">Энергетические компании в США частные и делают свой выбор на основе того, что экономически целесообразно.</edu>
  <edu id="e3" lang="ru" trans="google">Энергетические компании в США находятся в частной собственности и делают свой выбор на основе того, что экономически целесообразно.</edu>
  <edu id="e3" lang="ru" trans="yandex">Энергетических компаний в США находятся в частной собственности, и делают свой выбор, основываясь на том, что является экономически целесообразным.</edu>
  <edu id="e4" lang="en">Wind energy is only viable in places with the necessary wind on a steady basis.</edu>
  <edu id="e4" lang="ru" trans="promt">Энергия ветра только жизнеспособна в местах с необходимым ветром на устойчивой основе.</edu>
  <edu id="e4" lang="ru" trans="google">Энергия ветра только жизнеспособна в местах с необходимым ветром на устойчивой основе.</edu>
  <edu id="e4" lang="ru" trans="yandex">Энергии ветра возможно только в местах с необходимыми ветра на постоянной основе.</edu>
  <edu id="e5" lang="en">Favorable tax and investment policies by government may enhance opportunities,</edu>
  <edu id="e5" lang="ru" trans="promt">Налоговая льгота и инвестиционная политика правительством могут увеличить возможности,</edu>
  <edu id="e5" lang="ru" trans="google">Благоприятная налоговая и инвестиционная политика со стороны правительства может улучшить возможности,</edu>
  <edu id="e5" lang="ru" trans="yandex">Благоприятной налоговой и инвестиционной политики правительство может расширить возможности,</edu>
  <edu id="e6" lang="en">but the government cannot force investment and cannot bring wind to places that lack it in the air speed and quality needed.</edu>
  <edu id="e6" lang="ru" trans="promt">но правительство не может вызвать инвестиции и не может принести ветер к местам, которые испытывают недостаток в нем в скорости воздуха и необходимом качестве.</edu>
  <edu id="e6" lang="ru" trans="google">но правительство не может принуждать инвестиции и не может принести ветер в места, которые ему не хватает в скорости и качестве воздуха.</edu>
  <edu id="e6" lang="ru" trans="yandex">но правительство не может заставить инвестиций и не приносят ветра в местах, что отсутствие его в скорости воздуха и необходимого качества.</edu>
  <edu id="e7" implicit="true" lang="en">Government regulations will not necessarily speed up the spread of wind energy.</edu>
  <edu id="e7" lang="ru" trans="promt">Правительственные постановления не обязательно ускорят распространение энергии ветра.</edu>
  <edu id="e7" lang="ru" trans="google">Правительственные предписания не обязательно ускорят распространение энергии ветра.</edu>
  <edu id="e7" lang="ru" trans="yandex">Постановления правительства не обязательно ускорить распространение энергии ветра.</edu>
  <adu id="a1" type="pro"/>
  <adu id="a2" type="opp"/>
  <adu id="a3" type="pro"/>
  <adu id="a4" type="pro"/>
  <adu id="a5" type="pro"/>
  <adu id="a6" type="opp"/>
  <adu id="a7" type="pro"/>
  <edge id="c7" src="e1" trg="a2" type="seg"/>
  <edge id="c8" src="e2" trg="a3" type="seg"/>
  <edge id="c9" src="e3" trg="a4" type="seg"/>
  <edge id="c10" src="e4" trg="a5" type="seg"/>
  <edge id="c11" src="e5" trg="a6" type="seg"/>
  <edge id="c12" src="e6" trg="a7" type="seg"/>
  <edge id="c13" src="e7" trg="a1" type="seg"/>
  <edge id="c1" src="a2" trg="a1" type="reb"/>
  <edge id="c2" src="a3" trg="c1" type="und"/>
  <edge id="c3" src="a4" trg="a1" type="sup"/>
  <edge id="c4" src="a5" trg="c3" type="add"/>
  <edge id="c5" src="a6" trg="a1" type="reb"/>
  <edge id="c6" src="a7" trg="c5" type="und"/>
</arggraph>
