<?xml version='1.0' encoding='UTF-8'?>
<arggraph id="micro_c079">
  <edu id="e1" lang="en">Violent games cause people to react in an uncertain manner.</edu>
  <edu id="e1" lang="ru" trans="promt">Сильные игры заставляют людей реагировать неопределенным способом.</edu>
  <edu id="e1" lang="ru" trans="google">Насильственные игры заставляют людей реагировать неопределенно.</edu>
  <edu id="e1" lang="ru" trans="yandex">Жестокие игры заставляют людей реагировать в неопределенном порядке.</edu>
  <edu id="e2" lang="en">It causes a type of stimulation that can trigger a violent reaction.</edu>
  <edu id="e2" lang="ru" trans="promt">Это вызывает тип стимуляции, которая может вызвать сильную реакцию.</edu>
  <edu id="e2" lang="ru" trans="google">Это вызывает тип стимуляции, который может вызвать сильную реакцию.</edu>
  <edu id="e2" lang="ru" trans="yandex">Оно вызывает типа стимуляции, что может вызвать бурную реакцию.</edu>
  <edu id="e3" lang="en">For example, there is a certain area in the brain that can malfunction and cause adverse reactions.</edu>
  <edu id="e3" lang="ru" trans="promt">Например, есть определенная область в мозгу, который может работать со сбоями и вызвать неблагоприятные реакции.</edu>
  <edu id="e3" lang="ru" trans="google">Например, в мозге есть определенная область, которая может нарушить работу и вызвать побочные реакции.</edu>
  <edu id="e3" lang="ru" trans="yandex">Например, есть определенная зона в головном мозге, что может привести к побочных реакций.</edu>
  <edu id="e4" lang="en">Thus, if an individual constantly plays violent video game this may trigger an improper reaction.</edu>
  <edu id="e4" lang="ru" trans="promt">Таким образом, если человек постоянно играет в жестокую видеоигру, это может вызвать неподходящую реакцию.</edu>
  <edu id="e4" lang="ru" trans="google">Таким образом, если человек постоянно играет в жестокую видеоигру, это может вызвать неправильную реакцию.</edu>
  <edu id="e4" lang="ru" trans="yandex">Таким образом, если человек постоянно играет в жестокие видео игры, это может привести к неправильной реакции.</edu>
  <edu id="e5" lang="en">Additionally, some people may not fully grasp the impact that the violent games are doing to their psychological well-being.</edu>
  <edu id="e5" lang="ru" trans="promt">Кроме того, некоторые люди могут не полностью схватить воздействие, которое сильные игры делают к их психологическому благополучию.</edu>
  <edu id="e5" lang="ru" trans="google">Кроме того, некоторые люди не могут в полной мере понять влияние, которое эти жестокие игры оказывают на их психологическое благополучие.</edu>
  <edu id="e5" lang="ru" trans="yandex">Кроме того, некоторые люди не могут в полной мере осознать влияние, что жестокие игры делают для их психологического благополучия.</edu>
  <adu id="a1" type="pro"/>
  <adu id="a2" type="pro"/>
  <adu id="a3" type="pro"/>
  <adu id="a4" type="pro"/>
  <adu id="a5" type="pro"/>
  <edge id="c5" src="e1" trg="a2" type="seg"/>
  <edge id="c6" src="e2" trg="a3" type="seg"/>
  <edge id="c7" src="e3" trg="a4" type="seg"/>
  <edge id="c8" src="e4" trg="a1" type="seg"/>
  <edge id="c9" src="e5" trg="a5" type="seg"/>
  <edge id="c1" src="a2" trg="a1" type="sup"/>
  <edge id="c2" src="a3" trg="a2" type="sup"/>
  <edge id="c3" src="a4" trg="a3" type="exa"/>
  <edge id="c4" src="a5" trg="a1" type="sup"/>
</arggraph>
