<?xml version='1.0' encoding='UTF-8'?>
<arggraph id="micro_c114">
  <edu id="e1" lang="en">Regardless of a good job offer, I would not live in Beijing.</edu>
  <edu id="e1" lang="ru" trans="promt">Независимо от хорошего предложения работы я не жил бы в Пекине.</edu>
  <edu id="e1" lang="ru" trans="google">Независимо от хорошего предложения о работе, я бы не жил в Пекине.</edu>
  <edu id="e1" lang="ru" trans="yandex">Несмотря на хорошее предложение о работе, я не буду жить в Пекине.</edu>
  <edu id="e2" lang="en">The pollution will have enough of an impact on my health that will negate any benefits from working there.</edu>
  <edu id="e2" lang="ru" trans="promt">Загрязнение окажет действительно влияние на мое здоровье, которое будет отрицать любые преимущества от работы там.</edu>
  <edu id="e2" lang="ru" trans="google">Загрязнение будет иметь достаточное влияние на мое здоровье, которое отрицает любые выгоды от работы там.</edu>
  <edu id="e2" lang="ru" trans="yandex">Загрязнение будет иметь достаточно влияния на мое здоровье, что позволит свести на нет любые преимущества от работающих там.</edu>
  <edu id="e3" lang="en">Add to that the social and political limitations</edu>
  <edu id="e3" lang="ru" trans="promt">Добавьте к этому социальные и политические ограничения</edu>
  <edu id="e3" lang="ru" trans="google">Добавьте к этому социальные и политические ограничения</edu>
  <edu id="e3" lang="ru" trans="yandex">Добавьте к этому социальные и политические ограничения</edu>
  <edu id="e4" lang="en">and it won't be much of a life there.</edu>
  <edu id="e4" lang="ru" trans="promt">и это не будет большая часть жизни там.</edu>
  <edu id="e4" lang="ru" trans="google">и там не будет большой жизни.</edu>
  <edu id="e4" lang="ru" trans="yandex">и это не будет много жизни там.</edu>
  <adu id="a1" type="pro"/>
  <adu id="a2" type="pro"/>
  <adu id="a3" type="pro"/>
  <adu id="a4" type="pro"/>
  <edge id="c4" src="e1" trg="a1" type="seg"/>
  <edge id="c5" src="e2" trg="a3" type="seg"/>
  <edge id="c6" src="e3" trg="a4" type="seg"/>
  <edge id="c7" src="e4" trg="a2" type="seg"/>
  <edge id="c1" src="a2" trg="a1" type="sup"/>
  <edge id="c2" src="a3" trg="a2" type="sup"/>
  <edge id="c3" src="a4" trg="a2" type="sup"/>
</arggraph>
