<?xml version='1.0' encoding='UTF-8'?>
<arggraph id="micro_c057">
  <edu id="e1" lang="en">Protecting our environment is crucial to combating climate change,</edu>
  <edu id="e1" lang="ru" trans="promt">Защита нашей среды крайне важна для борьбы с изменением климата,</edu>
  <edu id="e1" lang="ru" trans="google">Защита нашей окружающей среды имеет решающее значение для борьбы с изменением климата,</edu>
  <edu id="e1" lang="ru" trans="yandex">Защита окружающей среды имеет решающее значение для борьбы с изменением климата,</edu>
  <edu id="e2" lang="en">one small change is to promote the recycling of soft drink bottles and cans.</edu>
  <edu id="e2" lang="ru" trans="promt">одно небольшое изменение должно способствовать переработке бутылок безалкогольного напитка и банок.</edu>
  <edu id="e2" lang="ru" trans="google">одно небольшое изменение заключается в содействии рециркуляции бутылок с безалкогольными напитками и банок.</edu>
  <edu id="e2" lang="ru" trans="yandex">одно небольшое изменение, это способствует повторному использованию бутылок безалкогольных напитков и консервов.</edu>
  <edu id="e3" lang="en">This is a simple way to reuse plastic and other materials, to decrease the amount of gas that it harvested.</edu>
  <edu id="e3" lang="ru" trans="promt">Это - простой способ снова использовать пластмассу и другие материалы, уменьшить количество газа, который это получило.</edu>
  <edu id="e3" lang="ru" trans="google">Это простой способ повторно использовать пластик и другие материалы, чтобы уменьшить количество газа, который он собрал.</edu>
  <edu id="e3" lang="ru" trans="yandex">Это простой способ повторного использования пластика и других материалов, чтобы уменьшить количество газа, что его собирают.</edu>
  <edu id="e4" lang="en">By developing a small deposit on these cans</edu>
  <edu id="e4" lang="ru" trans="promt">Развивая маленький депозит на этих банках</edu>
  <edu id="e4" lang="ru" trans="google">Развивая небольшой депозит на этих банках</edu>
  <edu id="e4" lang="ru" trans="yandex">Разрабатывая маленький депозит в эти банки</edu>
  <edu id="e5" lang="en">you encourage people to pick these cans up along the road</edu>
  <edu id="e5" lang="ru" trans="promt">Вы поощряете людей брать эти банки вдоль дороги</edu>
  <edu id="e5" lang="ru" trans="google">вы призываете людей выбирать эти банки вдоль дороги</edu>
  <edu id="e5" lang="ru" trans="yandex">вы поощряете людей, чтобы забрать эти банки вдоль дороги</edu>
  <edu id="e6" lang="en">thus creating a cleaner environment.</edu>
  <edu id="e6" lang="ru" trans="promt">таким образом создавая более чистую окружающую среду.</edu>
  <edu id="e6" lang="ru" trans="google">тем самым создавая более чистую окружающую среду.</edu>
  <edu id="e6" lang="ru" trans="yandex">таким образом, создание более чистой окружающей среды.</edu>
  <edu id="e7" lang="en">It is also a benefit as it encourages people to go to stores to recycle</edu>
  <edu id="e7" lang="ru" trans="promt">Это - также выгода, поскольку это поощряет людей идти в магазины, чтобы переработать</edu>
  <edu id="e7" lang="ru" trans="google">Это также является преимуществом, поскольку оно побуждает людей ходить в магазины для переработки</edu>
  <edu id="e7" lang="ru" trans="yandex">Это тоже выгода, так как он призывает людей идти в магазины, чтобы переработать</edu>
  <edu id="e8" lang="en">and then spend that money at the shop increasing the amount spent at the store</edu>
  <edu id="e8" lang="ru" trans="promt">и затем потратьте те деньги в магазине, увеличивающем сумму, потраченную в магазине</edu>
  <edu id="e8" lang="ru" trans="google">а затем потратить эти деньги в магазине, увеличив сумму, потраченную в магазине</edu>
  <edu id="e8" lang="ru" trans="yandex">а потом потратить эти деньги в магазине увеличивается на сумму, потраченную в магазине</edu>
  <edu id="e9" lang="en">and encouraging economic growth.</edu>
  <edu id="e9" lang="ru" trans="promt">и поощрение экономического роста.</edu>
  <edu id="e9" lang="ru" trans="google">и поощрение экономического роста.</edu>
  <edu id="e9" lang="ru" trans="yandex">и стимулирования экономического роста.</edu>
  <adu id="a1" type="pro"/>
  <adu id="a2" type="pro"/>
  <adu id="a3" type="pro"/>
  <adu id="a4" type="pro"/>
  <adu id="a5" type="pro"/>
  <adu id="a6" type="pro"/>
  <adu id="a7" type="pro"/>
  <adu id="a8" type="pro"/>
  <adu id="a9" type="pro"/>
  <edge id="c9" src="e1" trg="a1" type="seg"/>
  <edge id="c10" src="e2" trg="a2" type="seg"/>
  <edge id="c11" src="e3" trg="a3" type="seg"/>
  <edge id="c12" src="e4" trg="a4" type="seg"/>
  <edge id="c13" src="e5" trg="a5" type="seg"/>
  <edge id="c14" src="e6" trg="a6" type="seg"/>
  <edge id="c15" src="e7" trg="a7" type="seg"/>
  <edge id="c16" src="e8" trg="a8" type="seg"/>
  <edge id="c17" src="e9" trg="a9" type="seg"/>
  <edge id="c1" src="a1" trg="a2" type="sup"/>
  <edge id="c2" src="a2" trg="a4" type="sup"/>
  <edge id="c3" src="a3" trg="a2" type="sup"/>
  <edge id="c4" src="a5" trg="a4" type="sup"/>
  <edge id="c5" src="a6" trg="a5" type="sup"/>
  <edge id="c6" src="a7" trg="a4" type="sup"/>
  <edge id="c7" src="a8" trg="a7" type="sup"/>
  <edge id="c8" src="a9" trg="a8" type="sup"/>
</arggraph>
