<?xml version='1.0' encoding='UTF-8'?>
<arggraph id="micro_c052">
  <edu id="e1" lang="en">Using a cell phone while driving is extremely dangerous.</edu>
  <edu id="e1" lang="ru" trans="promt">Используя сотовый телефон, в то время как вождение чрезвычайно опасно.</edu>
  <edu id="e1" lang="ru" trans="google">Использование мобильного телефона во время вождения крайне опасно.</edu>
  <edu id="e1" lang="ru" trans="yandex">Использование мобильного телефона во время вождения очень опасно.</edu>
  <edu id="e2" lang="en">Any time a driver is focused on a handheld device, they are not paying attention to the road.</edu>
  <edu id="e2" lang="ru" trans="promt">Любое время драйвер сосредоточен на переносном устройстве, они не уделение внимания дороге.</edu>
  <edu id="e2" lang="ru" trans="google">Каждый раз, когда драйвер ориентирован на карманное устройство, они не обращают внимания на дорогу.</edu>
  <edu id="e2" lang="ru" trans="yandex">В любое время водитель направлен на портативное устройство, они не обращая внимания на дорогу.</edu>
  <edu id="e3" lang="en">This can lead to accidents, which can cause serious injury and even death.</edu>
  <edu id="e3" lang="ru" trans="promt">Это может привести к несчастным случаям, которые могут нанести серьезные повреждения и даже смерть.</edu>
  <edu id="e3" lang="ru" trans="google">Это может привести к несчастным случаям, которые могут привести к серьезным травмам и даже смерти.</edu>
  <edu id="e3" lang="ru" trans="yandex">Это может привести к аварии, которая может привести к серьезным травмам и даже смерти.</edu>
  <edu id="e4" lang="en">Some people might argue that they could miss an important call while driving,</edu>
  <edu id="e4" lang="ru" trans="promt">Некоторые люди могли бы утверждать, что они могли пропустить важный звонок, двигаясь,</edu>
  <edu id="e4" lang="ru" trans="google">Некоторые люди могут утверждать, что они могут пропустить важный вызов во время вождения,</edu>
  <edu id="e4" lang="ru" trans="yandex">Некоторые люди могут возразить, что они могли пропустить важный звонок во время вождения,</edu>
  <edu id="e5" lang="en">but it is far better to pull to the side of the road and take the call rather than to keep driving.</edu>
  <edu id="e5" lang="ru" trans="promt">но намного лучше потянуть стороне дороги и ответить на звонок, а не продолжать двигаться.</edu>
  <edu id="e5" lang="ru" trans="google">но гораздо лучше потянуть за борт дороги и принять вызов, а не продолжать движение.</edu>
  <edu id="e5" lang="ru" trans="yandex">но это гораздо лучше, чтобы вытащить на обочине дороги и принять вызов, а не ехать.</edu>
  <edu id="e6" lang="en">Prohibiting car drivers from using their cell phones while driving would go a long way to making our roads safer.</edu>
  <edu id="e6" lang="ru" trans="promt">Мешая водителям использовать их сотовые телефоны, в то время как вождение имело бы большое значение для создания наших более безопасных дорог.</edu>
  <edu id="e6" lang="ru" trans="google">Запретить водителям автомобилей использовать свои сотовые телефоны во время вождения было бы очень далеко, чтобы сделать наши дороги более безопасными.</edu>
  <edu id="e6" lang="ru" trans="yandex">Запрещающие водителям использовать свои мобильные телефоны во время вождения будет идти долгий путь, чтобы сделать наши дороги более безопасными.</edu>
  <adu id="a1" type="pro"/>
  <adu id="a2" type="pro"/>
  <adu id="a3" type="pro"/>
  <adu id="a4" type="opp"/>
  <adu id="a5" type="pro"/>
  <adu id="a6" type="pro"/>
  <edge id="c6" src="e1" trg="a1" type="seg"/>
  <edge id="c7" src="e2" trg="a2" type="seg"/>
  <edge id="c8" src="e3" trg="a3" type="seg"/>
  <edge id="c9" src="e4" trg="a4" type="seg"/>
  <edge id="c10" src="e5" trg="a5" type="seg"/>
  <edge id="c11" src="e6" trg="a6" type="seg"/>
  <edge id="c1" src="a1" trg="a6" type="sup"/>
  <edge id="c2" src="a2" trg="a1" type="sup"/>
  <edge id="c3" src="a3" trg="c2" type="add"/>
  <edge id="c4" src="a4" trg="a6" type="reb"/>
  <edge id="c5" src="a5" trg="a4" type="reb"/>
</arggraph>
