<?xml version='1.0' encoding='UTF-8'?>
<arggraph id="micro_c073">
  <edu id="e1" lang="en">One could argue that a supermarket charging for plastic bags would cause them to lose customers who might shop somewhere else that doesn't charge.</edu>
  <edu id="e1" lang="ru" trans="promt">Можно было утверждать, что супермаркет, взимающий за полиэтиленовые пакеты, заставит их терять клиентов, которые могли бы делать покупки где-то в другом месте, который не заряжает.</edu>
  <edu id="e1" lang="ru" trans="google">Можно утверждать, что супермаркет, взимающий плату за пластиковые пакеты, заставит их потерять клиентов, которые могут совершать покупки в другом месте, которые не взимают плату.</edu>
  <edu id="e1" lang="ru" trans="yandex">Можно утверждать, что супермаркет зарядки для полиэтиленовых пакетов приведет к потере клиентов, которые могут покупать где-то еще, что не заряжается.</edu>
  <edu id="e2" lang="en">There is also the environmental concern that plastic bags harm the environment.</edu>
  <edu id="e2" lang="ru" trans="promt">Есть также экологическая проблема, что полиэтиленовые пакеты вредят окружающей среде.</edu>
  <edu id="e2" lang="ru" trans="google">Существует также экологическая проблема, что пластиковые пакеты наносят ущерб окружающей среде.</edu>
  <edu id="e2" lang="ru" trans="yandex">Существует также забота об окружающей среде, что полиэтиленовые пакеты наносят вред окружающей среде.</edu>
  <edu id="e3" lang="en">I believe that proper disposal of plastic bags solves the problem without creating a financial hardship for the retailer.</edu>
  <edu id="e3" lang="ru" trans="promt">Я полагаю, что надлежащее избавление от полиэтиленовых пакетов решает проблему, не создавая финансовую трудность для ритейлера.</edu>
  <edu id="e3" lang="ru" trans="google">Я считаю, что правильная утилизация пластиковых пакетов решает проблему, не создавая финансовых затруднений для розничного продавца.</edu>
  <edu id="e3" lang="ru" trans="yandex">Я считаю, что правильная утилизация пластиковых пакетов решает проблемы, не создавая финансовые трудности для продавца.</edu>
  <edu id="e4" lang="en">A simple internet search reveals that there are ways to recycle plastic bags if your curbside program doesn't allow them.</edu>
  <edu id="e4" lang="ru" trans="promt">Простой интернет-поиск показывает, что есть способы переработать полиэтиленовые пакеты, если Ваша программа обочины не позволяет им.</edu>
  <edu id="e4" lang="ru" trans="google">Простой интернет-поиск показывает, что есть способы переработать пластиковые пакеты, если ваша программа для обуздания не позволяет им.</edu>
  <edu id="e4" lang="ru" trans="yandex">Простой поиск в интернете показывает, что есть способы, чтобы переработать полиэтиленовые пакеты, если ваша программа обочине не позволит.</edu>
  <edu id="e5" lang="en">Public awareness of these programs should be the focus.</edu>
  <edu id="e5" lang="ru" trans="promt">Осведомленность общественности об этих программах должна быть центром.</edu>
  <edu id="e5" lang="ru" trans="google">Общественная осведомленность об этих программах должна быть в центре внимания.</edu>
  <edu id="e5" lang="ru" trans="yandex">Осведомленности общественности эти программы должны быть в центре внимания.</edu>
  <edu id="e6" lang="en">Lets put the burden on the consumer, not the retailer.</edu>
  <edu id="e6" lang="ru" trans="promt">Позволяет помещает бремя на потребителя, не ритейлера.</edu>
  <edu id="e6" lang="ru" trans="google">Позволяет возложить нагрузку на потребителя, а не на продавца.</edu>
  <edu id="e6" lang="ru" trans="yandex">Позволяет поставить бремя на потребителя, а не продавца.</edu>
  <edu id="e7" implicit="true" lang="en">Supermarkets should not charge for plastic bags.</edu>
  <edu id="e7" lang="ru" trans="promt">Супермаркеты не должны взимать за полиэтиленовые пакеты.</edu>
  <edu id="e7" lang="ru" trans="google">Супермаркеты не должны взимать плату за полиэтиленовые пакеты.</edu>
  <edu id="e7" lang="ru" trans="yandex">Супермаркеты не должны взимать плату за пластиковые пакеты.</edu>
  <adu id="a1" type="pro"/>
  <adu id="a2" type="opp"/>
  <adu id="a3" type="pro"/>
  <adu id="a4" type="pro"/>
  <adu id="a5" type="pro"/>
  <adu id="a6" type="pro"/>
  <adu id="a7" type="pro"/>
  <edge id="c7" src="e1" trg="a1" type="seg"/>
  <edge id="c8" src="e2" trg="a2" type="seg"/>
  <edge id="c9" src="e3" trg="a3" type="seg"/>
  <edge id="c10" src="e4" trg="a4" type="seg"/>
  <edge id="c11" src="e5" trg="a7" type="seg"/>
  <edge id="c12" src="e6" trg="a5" type="seg"/>
  <edge id="c13" src="e7" trg="a6" type="seg"/>
  <edge id="c1" src="a1" trg="a6" type="sup"/>
  <edge id="c2" src="a2" trg="a6" type="reb"/>
  <edge id="c3" src="a3" trg="a2" type="reb"/>
  <edge id="c4" src="a4" trg="a3" type="sup"/>
  <edge id="c5" src="a5" trg="a6" type="sup"/>
  <edge id="c6" src="a7" trg="c4" type="add"/>
</arggraph>
