<?xml version='1.0' encoding='UTF-8'?>
<arggraph id="micro_c205">
  <edu id="e1" lang="en">Large families are not necessarily better for children.</edu>
  <edu id="e1" lang="ru" trans="promt">Большие семьи не обязательно лучше для детей.</edu>
  <edu id="e1" lang="ru" trans="google">Большие семьи не всегда лучше для детей.</edu>
  <edu id="e1" lang="ru" trans="yandex">Многодетным семьям не всегда лучше для детей.</edu>
  <edu id="e2" lang="en">Having a larger family causes each member to feel like they have to excel or act out for attention.</edu>
  <edu id="e2" lang="ru" trans="promt">Наличие более многочисленной семьи заставляет каждого участника чувствовать, что они должны выделиться или разыграть для внимания.</edu>
  <edu id="e2" lang="ru" trans="google">Наличие большей семьи заставляет каждого участника чувствовать, что им нужно преуспеть или действовать для внимания.</edu>
  <edu id="e2" lang="ru" trans="yandex">Имея большой семьи заставляет каждого члена чувствовать, что они имеют в Excel или действовать за внимание.</edu>
  <edu id="e3" lang="en">One could argue that with a larger family, the children would have more people to rely on.</edu>
  <edu id="e3" lang="ru" trans="promt">Можно было утверждать, что с более многочисленной семьей, у детей будет больше людей, чтобы полагаться.</edu>
  <edu id="e3" lang="ru" trans="google">Можно утверждать, что с большой семьей у детей будет больше людей, на которых можно положиться.</edu>
  <edu id="e3" lang="ru" trans="yandex">Можно утверждать, что в большой семье, детей было бы больше людей, чтобы полагаться на.</edu>
  <edu id="e4" lang="en">However, this could also cause disturbances and jealousy.</edu>
  <edu id="e4" lang="ru" trans="promt">Однако это могло также вызвать беспорядки и ревность.</edu>
  <edu id="e4" lang="ru" trans="google">Однако это может также вызвать беспорядки и ревность.</edu>
  <edu id="e4" lang="ru" trans="yandex">Однако, это также может вызвать возмущения и ревности.</edu>
  <edu id="e5" lang="en">Smaller families have the potential to be tighter and more close knit due to their size.</edu>
  <edu id="e5" lang="ru" trans="promt">У меньших семей есть потенциал, чтобы быть более трудным и более близким вязанием из-за их размера.</edu>
  <edu id="e5" lang="ru" trans="google">Меньшие семьи могут быть более плотными и более близкими вязать из-за их размера.</edu>
  <edu id="e5" lang="ru" trans="yandex">Меньше семей имеют потенциал, чтобы быть сильнее и более сплоченной из-за их размера.</edu>
  <adu id="a1" type="pro"/>
  <adu id="a2" type="pro"/>
  <adu id="a3" type="opp"/>
  <adu id="a4" type="pro"/>
  <adu id="a5" type="pro"/>
  <edge id="c5" src="e1" trg="a1" type="seg"/>
  <edge id="c6" src="e2" trg="a2" type="seg"/>
  <edge id="c7" src="e3" trg="a3" type="seg"/>
  <edge id="c8" src="e4" trg="a4" type="seg"/>
  <edge id="c9" src="e5" trg="a5" type="seg"/>
  <edge id="c1" src="a2" trg="a1" type="sup"/>
  <edge id="c2" src="a3" trg="a1" type="reb"/>
  <edge id="c3" src="a4" trg="c2" type="und"/>
  <edge id="c4" src="a5" trg="a1" type="sup"/>
</arggraph>
