<?xml version='1.0' encoding='UTF-8'?>
<arggraph id="micro_c202">
  <edu id="e1" lang="en">I personally lean towards large families being worse for children than small families.</edu>
  <edu id="e1" lang="ru" trans="promt">Я лично склоняюсь к большим семьям, являющимся хуже для детей, чем малочисленные семьи.</edu>
  <edu id="e1" lang="ru" trans="google">Я лично склоняюсь к тому, чтобы большие семьи были хуже для детей, чем маленькие семьи.</edu>
  <edu id="e1" lang="ru" trans="yandex">Я лично склоняюсь к многодетным семьям быть хуже для детей, чем небольшой семьи.</edu>
  <edu id="e2" lang="en">In a larger family resources per child would be more scarce both financially, e.g. college, and parental.</edu>
  <edu id="e2" lang="ru" trans="promt">В более многочисленной семье ресурсы на ребенка были бы более недостаточными и в финансовом отношении, например, колледж, и родительскими.</edu>
  <edu id="e2" lang="ru" trans="google">В более крупных семейных ресурсах на одного ребенка будет более дефицитным как в финансовом плане, например, колледж и родительский.</edu>
  <edu id="e2" lang="ru" trans="yandex">В больших семейных ресурсов за ребенка будут более скудными и материально, например, в колледже, и родителей.</edu>
  <edu id="e3" lang="en">Of course this argument is based on the assumption that the topic is about families in developed countries, in developing countries larger families can be a necessity to make sure that any of the children live to adulthood.</edu>
  <edu id="e3" lang="ru" trans="promt">Конечно, этот аргумент основан на предположении, что тема о семьях в развитых странах в развивающихся странах, более многочисленные семьи могут быть необходимостью удостовериться, что любой из детей живет к взрослой жизни.</edu>
  <edu id="e3" lang="ru" trans="google">Разумеется, этот аргумент основан на предположении, что речь идет о семьях в развитых странах, в развивающихся странах более крупные семьи могут быть необходимостью обеспечить, чтобы любой из детей дожил до совершеннолетия.</edu>
  <edu id="e3" lang="ru" trans="yandex">Конечно, этот аргумент основан на предположении, что тема о семьях в развитых странах, в развивающихся странах большие семьи может быть продиктовано необходимостью, чтобы убедиться, что дети живут до совершеннолетия.</edu>
  <edu id="e4" lang="en">In a developed country a child needing interaction with other children would have to interact with their non-family peers, thereby learning valuable social skills.</edu>
  <edu id="e4" lang="ru" trans="promt">В развитой стране ребенок, нуждающийся во взаимодействии с другими детьми, должен был бы взаимодействовать с их несемейными ровесниками, таким образом, осваивая ценные социальные навыки.</edu>
  <edu id="e4" lang="ru" trans="google">В развитой стране ребенку, нуждающемуся в взаимодействии с другими детьми, необходимо будет взаимодействовать со своими не-семейными сверстниками, тем самым изучая ценные социальные навыки.</edu>
  <edu id="e4" lang="ru" trans="yandex">В развитых странах ребенок, требующие взаимодействия с другими детьми, придется взаимодействовать с их несемейных сверстников, тем самым узнав ценные социальные навыки.</edu>
  <adu id="a1" type="pro"/>
  <adu id="a2" type="pro"/>
  <adu id="a3" type="opp"/>
  <adu id="a4" type="pro"/>
  <edge id="c4" src="e1" trg="a1" type="seg"/>
  <edge id="c5" src="e2" trg="a2" type="seg"/>
  <edge id="c6" src="e3" trg="a3" type="seg"/>
  <edge id="c7" src="e4" trg="a4" type="seg"/>
  <edge id="c1" src="a2" trg="a1" type="sup"/>
  <edge id="c2" src="a3" trg="a1" type="reb"/>
  <edge id="c3" src="a4" trg="a1" type="sup"/>
</arggraph>
