<?xml version='1.0' encoding='UTF-8'?>
<arggraph id="micro_c132">
  <edu id="e1" lang="en">Landfills are bad for handling our trash</edu>
  <edu id="e1" lang="ru" trans="promt">Закапывание мусора плохо для обработки нашего мусора</edu>
  <edu id="e1" lang="ru" trans="google">Мусорные свалки вредны для обработки нашего мусора</edu>
  <edu id="e1" lang="ru" trans="yandex">Свалки-это плохо для обработки наш мусор</edu>
  <edu id="e2" lang="en">because they cause a lot of pollution and run off.</edu>
  <edu id="e2" lang="ru" trans="promt">потому что они вызывают большое загрязнение и убегают.</edu>
  <edu id="e2" lang="ru" trans="google">потому что они вызывают много загрязнения и убегают.</edu>
  <edu id="e2" lang="ru" trans="yandex">потому что они вызывают большое загрязнение и убежал.</edu>
  <edu id="e3" lang="en">Landfills also produce a lot of odor</edu>
  <edu id="e3" lang="ru" trans="promt">Закапывание мусора также производит много аромата</edu>
  <edu id="e3" lang="ru" trans="google">На полигонах также выделяется много запаха</edu>
  <edu id="e3" lang="ru" trans="yandex">Свалки также производят много запаха</edu>
  <edu id="e4" lang="en">and people have gotten sick from them as well.</edu>
  <edu id="e4" lang="ru" trans="promt">и люди заболели от них также.</edu>
  <edu id="e4" lang="ru" trans="google">и люди тоже заболели.</edu>
  <edu id="e4" lang="ru" trans="yandex">и человек заболел от них.</edu>
  <edu id="e5" lang="en">It also takes up a ton of space and acreage.</edu>
  <edu id="e5" lang="ru" trans="promt">Это также поднимает тонну пространства и площади.</edu>
  <edu id="e5" lang="ru" trans="google">Он также занимает тонну пространства и площадей.</edu>
  <edu id="e5" lang="ru" trans="yandex">Он также занимает кучу пространства и площадей.</edu>
  <edu id="e6" lang="en">However, apparently the thought that we are running out of landfill space is not true.</edu>
  <edu id="e6" lang="ru" trans="promt">Однако, по-видимому, мысль, что у нас заканчивается место для отходов, не верна.</edu>
  <edu id="e6" lang="ru" trans="google">Однако, по-видимому, мысль о том, что у нас заканчивается место захоронения отходов, не соответствует действительности.</edu>
  <edu id="e6" lang="ru" trans="yandex">Однако, видимо, думал, что мы бежим из свалки пространство не правда.</edu>
  <edu id="e7" lang="en">That being said, they still are not the best way of handling our trash.</edu>
  <edu id="e7" lang="ru" trans="promt">Однако они все еще не лучший способ обращаться с нашим мусором.</edu>
  <edu id="e7" lang="ru" trans="google">Это, как говорится, все еще не лучший способ обработки нашего мусора.</edu>
  <edu id="e7" lang="ru" trans="yandex">Это, как говорится, они все-таки не лучший способ справиться наш мусор.</edu>
  <adu id="a1" type="pro"/>
  <adu id="a2" type="pro"/>
  <adu id="a3" type="pro"/>
  <adu id="a4" type="pro"/>
  <adu id="a5" type="pro"/>
  <adu id="a6" type="opp"/>
  <adu id="a7" type="pro"/>
  <edge id="c7" src="e1" trg="a1" type="seg"/>
  <edge id="c8" src="e2" trg="a2" type="seg"/>
  <edge id="c9" src="e3" trg="a3" type="seg"/>
  <edge id="c10" src="e4" trg="a4" type="seg"/>
  <edge id="c11" src="e5" trg="a5" type="seg"/>
  <edge id="c12" src="e6" trg="a6" type="seg"/>
  <edge id="c13" src="e7" trg="a7" type="seg"/>
  <edge id="c1" src="a2" trg="a1" type="sup"/>
  <edge id="c2" src="a3" trg="a1" type="sup"/>
  <edge id="c3" src="a4" trg="a1" type="sup"/>
  <edge id="c4" src="a5" trg="a1" type="sup"/>
  <edge id="c5" src="a6" trg="c4" type="und"/>
  <edge id="c6" src="a7" trg="c5" type="und"/>
</arggraph>
