<?xml version='1.0' encoding='UTF-8'?>
<arggraph id="micro_c077">
  <edu id="e1" lang="en">violent video games cause people to watch and participate in imaginary scenarios.</edu>
  <edu id="e1" lang="ru" trans="promt">жестокие видеоигры заставляют людей смотреть и участвовать в воображаемых сценариях.</edu>
  <edu id="e1" lang="ru" trans="google">жестокие видеоигры заставляют людей смотреть и участвовать в воображаемых сценариях.</edu>
  <edu id="e1" lang="ru" trans="yandex">жестокие видеоигры вызывают у людей, чтобы смотреть и участвовать в воображаемых сценариев.</edu>
  <edu id="e2" lang="en">imaginary scenarios are no more dangerous than television or movies.</edu>
  <edu id="e2" lang="ru" trans="promt">воображаемые сценарии не более опасны, чем телевидение или фильмы.</edu>
  <edu id="e2" lang="ru" trans="google">мнимые сценарии не более опасны, чем телевидение или фильмы.</edu>
  <edu id="e2" lang="ru" trans="yandex">воображаемые сценарии не более опасны, чем телевидение или кино.</edu>
  <edu id="e3" lang="en">some may argue that television and movies also cause people to act violently.</edu>
  <edu id="e3" lang="ru" trans="promt">некоторые могут утверждать, что телевидение и фильмы также заставляют людей действовать яростно.</edu>
  <edu id="e3" lang="ru" trans="google">некоторые могут утверждать, что телевидение и фильмы также заставляют людей действовать жестоко.</edu>
  <edu id="e3" lang="ru" trans="yandex">некоторые могут возразить, что телевидение и фильмы также заставляют людей прибегать к насильственным действиям.</edu>
  <edu id="e4" lang="en">but these are the acts of people who are violent in the first place.</edu>
  <edu id="e4" lang="ru" trans="promt">но это действия людей, которые являются жестокими во-первых.</edu>
  <edu id="e4" lang="ru" trans="google">но это акты людей, которые в первую очередь жестоки.</edu>
  <edu id="e4" lang="ru" trans="yandex">но эти действия людей, которые ведут себя агрессивно в первую очередь.</edu>
  <edu id="e5" implicit="true" lang="en">Video games don't cause people to act out violently.</edu>
  <edu id="e5" lang="ru" trans="promt">Видеоигры не заставляют людей разыгрывать яростно.</edu>
  <edu id="e5" lang="ru" trans="google">Видеоигры не заставляют людей действовать жестоко.</edu>
  <edu id="e5" lang="ru" trans="yandex">Видеоигры не заставит людей действовать жестоко.</edu>
  <adu id="a1" type="pro"/>
  <adu id="a2" type="pro"/>
  <adu id="a3" type="pro"/>
  <adu id="a4" type="opp"/>
  <adu id="a5" type="pro"/>
  <edge id="c5" src="e1" trg="a1" type="seg"/>
  <edge id="c6" src="e2" trg="a3" type="seg"/>
  <edge id="c7" src="e3" trg="a4" type="seg"/>
  <edge id="c8" src="e4" trg="a5" type="seg"/>
  <edge id="c9" src="e5" trg="a2" type="seg"/>
  <edge id="c1" src="a1" trg="a2" type="sup"/>
  <edge id="c2" src="a3" trg="c1" type="add"/>
  <edge id="c3" src="a4" trg="a3" type="reb"/>
  <edge id="c4" src="a5" trg="a4" type="reb"/>
</arggraph>
