<?xml version='1.0' encoding='UTF-8'?>
<arggraph id="micro_c054">
  <edu id="e1" lang="en">I live in Michigan, where we have a deposit.</edu>
  <edu id="e1" lang="ru" trans="promt">Я живу в Мичигане, где у нас есть депозит.</edu>
  <edu id="e1" lang="ru" trans="google">Я живу в Мичигане, где у нас есть депозит.</edu>
  <edu id="e1" lang="ru" trans="yandex">Я живу в Мичигане, где у нас есть депозит.</edu>
  <edu id="e2" lang="en">I regularly see people bringing huge amounts of bottles and cans to grocery stores to recycle them.</edu>
  <edu id="e2" lang="ru" trans="promt">Я регулярно вижу, что люди приносят огромные суммы бутылок и банок в продуктовые магазины, чтобы переработать их.</edu>
  <edu id="e2" lang="ru" trans="google">Я регулярно вижу, как люди приносят огромное количество бутылок и банок в продуктовые магазины, чтобы их перерабатывать.</edu>
  <edu id="e2" lang="ru" trans="yandex">Я регулярно вижу людей, приносящих огромное количество бутылок и банок в продуктовых магазинах, чтобы переработать их.</edu>
  <edu id="e3" lang="en">While I do not have exact statistics on the topic,</edu>
  <edu id="e3" lang="ru" trans="promt">В то время как у меня нет точной статистики по теме,</edu>
  <edu id="e3" lang="ru" trans="google">Хотя у меня нет точной статистики по этой теме,</edu>
  <edu id="e3" lang="ru" trans="yandex">Пока я не имею точной статистики на эту тему,</edu>
  <edu id="e4" lang="en">this indicates to me that deposits promote recycling and should therefore be adopted.</edu>
  <edu id="e4" lang="ru" trans="promt">это указывает мне, что депозиты способствуют переработке и должны поэтому быть приняты.</edu>
  <edu id="e4" lang="ru" trans="google">это указывает на то, что депозиты способствуют рециркуляции и поэтому должны быть приняты.</edu>
  <edu id="e4" lang="ru" trans="yandex">это указывает мне, что депозиты, способствуйте их утилизации и, следовательно, должны быть приняты.</edu>
  <edu id="e5" lang="en">This has also become a source of income for homeless people.</edu>
  <edu id="e5" lang="ru" trans="promt">Это также стало источником дохода для бездомных.</edu>
  <edu id="e5" lang="ru" trans="google">Это также стало источником дохода для бездомных.</edu>
  <edu id="e5" lang="ru" trans="yandex">Это также станет источником дохода для бездомных людей.</edu>
  <edu id="e6" lang="en">I see homeless people picking up littered cans so they can later recycle them for the deposit, which seems good to me.</edu>
  <edu id="e6" lang="ru" trans="promt">Я вижу, что бездомные взять замусорили банки, таким образом, они могут позже переработать их для депозита, который кажется хорошим мне.</edu>
  <edu id="e6" lang="ru" trans="google">Я вижу бездомных людей, собирающих засоренные банки, чтобы они могли позже переработать их для депозита, что мне кажется хорошим.</edu>
  <edu id="e6" lang="ru" trans="yandex">Я вижу бездомных людей, подбирая валялись консервные банки, чтобы они впоследствии можно переработать их на депозит, который, кажется, хорошо для меня.</edu>
  <adu id="a1" type="pro"/>
  <adu id="a2" type="pro"/>
  <adu id="a3" type="opp"/>
  <adu id="a4" type="pro"/>
  <adu id="a5" type="pro"/>
  <edge id="c5" src="e2" trg="a1" type="seg"/>
  <edge id="c6" src="e3" trg="a3" type="seg"/>
  <edge id="c7" src="e4" trg="a2" type="seg"/>
  <edge id="c8" src="e5" trg="a4" type="seg"/>
  <edge id="c9" src="e6" trg="a5" type="seg"/>
  <edge id="c1" src="a1" trg="a2" type="sup"/>
  <edge id="c2" src="a3" trg="a2" type="reb"/>
  <edge id="c3" src="a4" trg="a2" type="sup"/>
  <edge id="c4" src="a5" trg="a4" type="sup"/>
</arggraph>
