<?xml version='1.0' encoding='UTF-8'?>
<arggraph id="micro_c011">
  <edu id="e1" lang="en">Poaching is a criminal act that has ebbed and flowed over the course of time as consumer demand has fluctuated. Many of these criminal acts come out of countries where governments consist of officials easily corrupted through monetary payments or status changes.</edu>
  <edu id="e1" lang="ru" trans="promt">Вмешательство - преступление, которое быстро изменилось со временем, поскольку потребительский спрос колебался. Многие из этих преступлений выходят из стран, где правительства состоят из чиновников, легко развращенных через денежные платежи или изменения статуса.</edu>
  <edu id="e1" lang="ru" trans="google">Браконьерство - это преступный акт, который со временем течет и течет, поскольку потребительский спрос колеблется. Многие из этих преступных деяний выходят из стран, в которых правительства состоят из чиновников, которые легко коррумпированы денежными платежами или изменениями статуса.</edu>
  <edu id="e1" lang="ru" trans="yandex">Браконьерство-уголовно наказуемое деяние, который пошел на спад и текла в течение времени, как потребительский спрос колеблется. Многие из этих преступных деяний выйди из стран, где правительство состоит из чиновников легко повреждены путем денежных выплат или изменение статуса.</edu>
  <edu id="e2" lang="en">Without strong policing efforts, the likelihood of a successful deterrent to the mass killings of wild rhinos and other animals valued for their parts is unlikely.</edu>
  <edu id="e2" lang="ru" trans="promt">Без сильных усилий по охране вероятность успешного средства устрашения к массовым убийствам диких носорогов и других животных, оцененных за их части, маловероятна.</edu>
  <edu id="e2" lang="ru" trans="google">Без сильных полицейских усилий вероятность успешного сдерживания массовых убийств диких носорогов и других животных, оцененных их частями, маловероятна.</edu>
  <edu id="e2" lang="ru" trans="yandex">Без сильного усилия полиции, вероятность успешного сдерживания массовых убийств диких носорогов и других животных ценятся за их разделяет вряд ли.</edu>
  <edu id="e3" lang="en">The costs involved with the solution of removing the horns to prevent future poaching is throwing money away</edu>
  <edu id="e3" lang="ru" trans="promt">Затраты, связанные с решением удаления рогов, чтобы предотвратить будущее вмешательство, выбрасывают деньги</edu>
  <edu id="e3" lang="ru" trans="google">Расходы, связанные с решением проблемы удаления рогов для предотвращения будущего браконьерства, - это отбрасывание денег</edu>
  <edu id="e3" lang="ru" trans="yandex">Расходы, связанные с решением удалением рогов, чтобы в будущем предотвратить браконьерство-это выбрасывать деньги на ветер</edu>
  <edu id="e4" lang="en">to sidestep the real issues which are lax to nonexistent policing, non-consistent prosecution and lenient sentencing.</edu>
  <edu id="e4" lang="ru" trans="promt">обойти реальные проблемы, которые слабы к несуществующей охране, непоследовательному судебному преследованию и снисходительному приговору.</edu>
  <edu id="e4" lang="ru" trans="google">чтобы обойти реальные проблемы, которые являются слабыми для несуществующей полицейской деятельности, непротиворечивого преследования и мягкого вынесения приговора.</edu>
  <edu id="e4" lang="ru" trans="yandex">для того чтобы решить реальные проблемы, которые слабы на несуществующих полицейских, не-последовательное преследование и мягкого приговора.</edu>
  <edu id="e5" lang="en">It's the criminals who commit these violent acts against wildlife who need to be 'removed' from society itself.</edu>
  <edu id="e5" lang="ru" trans="promt">Это - преступники, которые совершают эти насильственные действия против дикой природы, кто должен быть 'удален' из самого общества.</edu>
  <edu id="e5" lang="ru" trans="google">Именно преступники совершают эти насильственные действия против дикой природы, которых нужно «удалить» из самого общества.</edu>
  <edu id="e5" lang="ru" trans="yandex">Это преступники, которые совершают насильственные действия против дикой природы, которые должны быть удалены от самого общества.</edu>
  <edu id="e6" implicit="true" lang="en">No,the rhino's horns should not be removed to protect them from being poached.</edu>
  <edu id="e6" lang="ru" trans="promt">Нет, рога носорога не должны быть удалены, чтобы защитить их от того, чтобы быть незаконно охотившимся.</edu>
  <edu id="e6" lang="ru" trans="google">Нет, рога носорога не следует удалять, чтобы защитить их от браконьерства.</edu>
  <edu id="e6" lang="ru" trans="yandex">Нет,рога носорога не должны быть удалены, чтобы защитить их от пашот.</edu>
  <adu id="a1" type="pro"/>
  <adu id="a2" type="pro"/>
  <adu id="a3" type="pro"/>
  <adu id="a4" type="pro"/>
  <adu id="a5" type="pro"/>
  <adu id="a6" type="pro"/>
  <edge id="c6" src="e1" trg="a1" type="seg"/>
  <edge id="c7" src="e2" trg="a2" type="seg"/>
  <edge id="c8" src="e3" trg="a3" type="seg"/>
  <edge id="c9" src="e4" trg="a4" type="seg"/>
  <edge id="c10" src="e5" trg="a6" type="seg"/>
  <edge id="c11" src="e6" trg="a5" type="seg"/>
  <edge id="c1" src="a1" trg="a6" type="sup"/>
  <edge id="c2" src="a2" trg="c1" type="add"/>
  <edge id="c3" src="a3" trg="a6" type="sup"/>
  <edge id="c4" src="a4" trg="a3" type="sup"/>
  <edge id="c5" src="a6" trg="a5" type="sup"/>
</arggraph>
