<?xml version='1.0' encoding='UTF-8'?>
<arggraph id="micro_c163">
  <edu id="e1" lang="en">Teens are inexperienced with life</edu>
  <edu id="e1" lang="ru" trans="promt">Подростки неопытны с жизнью</edu>
  <edu id="e1" lang="ru" trans="google">Подростки неопытны с жизнью</edu>
  <edu id="e1" lang="ru" trans="yandex">Подростки не имеют опыта в жизни</edu>
  <edu id="e2" lang="en">and may have trouble raising a child.</edu>
  <edu id="e2" lang="ru" trans="promt">и может испытать затруднения при воспитании ребенка.</edu>
  <edu id="e2" lang="ru" trans="google">и может возникнуть проблема с воспитанием ребенка.</edu>
  <edu id="e2" lang="ru" trans="yandex">и могут возникнуть проблемы с воспитанием ребенка.</edu>
  <edu id="e3" lang="en">However, it is a basic human right that people can have children and raise them.</edu>
  <edu id="e3" lang="ru" trans="promt">Однако это - основное право человека, что люди могут иметь детей и поднять их.</edu>
  <edu id="e3" lang="ru" trans="google">Тем не менее, это основное право человека, что люди могут иметь детей и воспитывать их.</edu>
  <edu id="e3" lang="ru" trans="yandex">Тем не менее, он является одним из основных прав человека, что люди могут иметь детей и воспитывать их.</edu>
  <edu id="e4" lang="en">Only severely unsuitable parents should be made to give up their kids.</edu>
  <edu id="e4" lang="ru" trans="promt">Только сильно неподходящие родители должны быть заставлены бросить своих детей.</edu>
  <edu id="e4" lang="ru" trans="google">Только тяжело неподходящие родители должны быть вынуждены отказаться от своих детей.</edu>
  <edu id="e4" lang="ru" trans="yandex">Только сильно неподходящих родителей отказываться от своих детей.</edu>
  <edu id="e5" lang="en">It is a responsibility of government to help children in difficult circumstances.</edu>
  <edu id="e5" lang="ru" trans="promt">Это - обязанность правительства помочь детям в трудных обстоятельствах.</edu>
  <edu id="e5" lang="ru" trans="google">Правительство несет ответственность за помощь детям в трудных условиях.</edu>
  <edu id="e5" lang="ru" trans="yandex">Это ответственность правительства, чтобы помочь детям в трудных обстоятельствах.</edu>
  <edu id="e6" implicit="true" lang="en">Teenagers that get pregnant should keep their children.</edu>
  <edu id="e6" lang="ru" trans="promt">Подростки, которые беременеют, должны держать своих детей.</edu>
  <edu id="e6" lang="ru" trans="google">Подростки, которые забеременеют, должны держать своих детей.</edu>
  <edu id="e6" lang="ru" trans="yandex">Подростки, которые забеременели, должны держать своих детей.</edu>
  <adu id="a1" type="pro"/>
  <adu id="a2" type="opp"/>
  <adu id="a3" type="opp"/>
  <adu id="a4" type="pro"/>
  <adu id="a5" type="pro"/>
  <adu id="a6" type="pro"/>
  <edge id="c6" src="e1" trg="a2" type="seg"/>
  <edge id="c7" src="e2" trg="a3" type="seg"/>
  <edge id="c8" src="e3" trg="a1" type="seg"/>
  <edge id="c9" src="e4" trg="a5" type="seg"/>
  <edge id="c10" src="e5" trg="a6" type="seg"/>
  <edge id="c11" src="e6" trg="a4" type="seg"/>
  <edge id="c1" src="a1" trg="c3" type="und"/>
  <edge id="c2" src="a2" trg="a3" type="sup"/>
  <edge id="c3" src="a3" trg="a4" type="reb"/>
  <edge id="c4" src="a5" trg="a4" type="sup"/>
  <edge id="c5" src="a6" trg="a4" type="sup"/>
</arggraph>
