<?xml version='1.0' encoding='UTF-8'?>
<arggraph id="micro_c007">
  <edu id="e1" lang="en">Do older people make better parents? In this day and age the answer can only be yes.</edu>
  <edu id="e1" lang="ru" trans="promt">Пожилые люди делают лучших родителей? В этот день и возраст ответ может только быть да.</edu>
  <edu id="e1" lang="ru" trans="google">У пожилых людей лучшие родители? В этом дне и возрасте ответ может быть только да.</edu>
  <edu id="e1" lang="ru" trans="yandex">У пожилых людей лучше родителей? В этот день и возраст, ответ может быть только да.</edu>
  <edu id="e2" lang="en">Older people are far more mature than this new generation of slackers and hipsters.</edu>
  <edu id="e2" lang="ru" trans="promt">Пожилые люди намного более зрелы, чем это новое поколение бездельников и хипстеров.</edu>
  <edu id="e2" lang="ru" trans="google">Пожилые люди гораздо более зрелые, чем это новое поколение бездельников и хипстеров.</edu>
  <edu id="e2" lang="ru" trans="yandex">Пожилые люди гораздо более зрелые, чем это новое поколение бездельники и стиляги.</edu>
  <edu id="e3" lang="en">Older people make far more money than younger people on average,</edu>
  <edu id="e3" lang="ru" trans="promt">Пожилые люди делают намного больше денег, чем молодежь в среднем,</edu>
  <edu id="e3" lang="ru" trans="google">Пожилые люди зарабатывают гораздо больше денег, чем молодые люди в среднем,</edu>
  <edu id="e3" lang="ru" trans="yandex">Пожилые люди зарабатывают гораздо больше, чем молодежь в среднем,</edu>
  <edu id="e4" lang="en">allowing them to take care of the needs and education of children.</edu>
  <edu id="e4" lang="ru" trans="promt">разрешение им заботиться о потребностях и образовании детей.</edu>
  <edu id="e4" lang="ru" trans="google">позволяя им заботиться о потребностях и образовании детей.</edu>
  <edu id="e4" lang="ru" trans="yandex">позволяя им заботиться о потребностях и воспитании детей.</edu>
  <edu id="e5" lang="en">Older people have far more experience than younger people.</edu>
  <edu id="e5" lang="ru" trans="promt">У пожилых людей есть намного больше опыта, чем молодежь.</edu>
  <edu id="e5" lang="ru" trans="google">У пожилых людей гораздо больше опыта, чем у молодых людей.</edu>
  <edu id="e5" lang="ru" trans="yandex">Пожилые люди имеют гораздо больше опыта, чем молодые люди.</edu>
  <edu id="e6" lang="en">Some might say that older people are not physically fit enough to take care of children the way younger people would be,</edu>
  <edu id="e6" lang="ru" trans="promt">Некоторые могли бы сказать, что пожилые люди не достаточно физически готовы заботиться о детях путем, молодежь была бы,</edu>
  <edu id="e6" lang="ru" trans="google">Некоторые могут сказать, что пожилые люди физически не достаточно приспособлены, чтобы заботиться о детях так, как будут молодыми людьми,</edu>
  <edu id="e6" lang="ru" trans="yandex">Некоторые могут сказать, что пожилые люди физически не подходят достаточно, чтобы заботиться о детях как молодых людей будут,</edu>
  <edu id="e7" lang="en">but health is on decline for younger people as well,</edu>
  <edu id="e7" lang="ru" trans="promt">но здоровье находится на снижении для молодежи также,</edu>
  <edu id="e7" lang="ru" trans="google">но здоровье также ухудшается для молодых людей,</edu>
  <edu id="e7" lang="ru" trans="yandex">но здоровье на снижение молодых людей,</edu>
  <edu id="e8" lang="en">so that really does not make much of a difference now.</edu>
  <edu id="e8" lang="ru" trans="promt">так, чтобы действительно не имел большую часть значения теперь.</edu>
  <edu id="e8" lang="ru" trans="google">так что это действительно не имеет большого значения сейчас.</edu>
  <edu id="e8" lang="ru" trans="yandex">так что действительно не имеет особой разницы сейчас.</edu>
  <adu id="a1" type="pro"/>
  <adu id="a2" type="pro"/>
  <adu id="a3" type="pro"/>
  <adu id="a4" type="pro"/>
  <adu id="a5" type="pro"/>
  <adu id="a6" type="opp"/>
  <adu id="a7" type="pro"/>
  <adu id="a8" type="pro"/>
  <edge id="c8" src="e1" trg="a1" type="seg"/>
  <edge id="c9" src="e2" trg="a2" type="seg"/>
  <edge id="c10" src="e3" trg="a3" type="seg"/>
  <edge id="c11" src="e4" trg="a4" type="seg"/>
  <edge id="c12" src="e5" trg="a5" type="seg"/>
  <edge id="c13" src="e6" trg="a6" type="seg"/>
  <edge id="c14" src="e7" trg="a7" type="seg"/>
  <edge id="c15" src="e8" trg="a8" type="seg"/>
  <edge id="c1" src="a2" trg="a1" type="sup"/>
  <edge id="c2" src="a3" trg="a1" type="sup"/>
  <edge id="c3" src="a4" trg="c2" type="add"/>
  <edge id="c4" src="a5" trg="a1" type="sup"/>
  <edge id="c5" src="a6" trg="a1" type="reb"/>
  <edge id="c6" src="a7" trg="a8" type="sup"/>
  <edge id="c7" src="a8" trg="c5" type="und"/>
</arggraph>
