<?xml version='1.0' encoding='UTF-8'?>
<arggraph id="micro_c025">
  <edu id="e1" lang="en">Eco-tourism can help protect wild areas and animals.</edu>
  <edu id="e1" lang="ru" trans="promt">Экологический туризм может помочь защитить дикие области и животных.</edu>
  <edu id="e1" lang="ru" trans="google">Экотуризм может помочь защитить дикие районы и животных.</edu>
  <edu id="e1" lang="ru" trans="yandex">Эко-туризм может помочь защитить диких местах и животных.</edu>
  <edu id="e2" lang="en">Because it helps raise awareness</edu>
  <edu id="e2" lang="ru" trans="promt">Поскольку это помогает повысить осведомленность</edu>
  <edu id="e2" lang="ru" trans="google">Потому что это помогает повысить осведомленность</edu>
  <edu id="e2" lang="ru" trans="yandex">Потому что это помогает повысить осведомленность</edu>
  <edu id="e3" lang="en">and also helps fund the groups trying to protect the areas.</edu>
  <edu id="e3" lang="ru" trans="promt">и также помогает финансировать группы, пытающиеся защищать области.</edu>
  <edu id="e3" lang="ru" trans="google">а также помогает финансировать группы, пытающиеся защитить районы.</edu>
  <edu id="e3" lang="ru" trans="yandex">а также помогает фонд группы пытаются защитить территории.</edu>
  <adu id="a1" type="pro"/>
  <adu id="a2" type="pro"/>
  <adu id="a3" type="pro"/>
  <edge id="c3" src="e1" trg="a1" type="seg"/>
  <edge id="c4" src="e2" trg="a2" type="seg"/>
  <edge id="c5" src="e3" trg="a3" type="seg"/>
  <edge id="c1" src="a2" trg="a1" type="sup"/>
  <edge id="c2" src="a3" trg="a1" type="sup"/>
</arggraph>
