<?xml version='1.0' encoding='UTF-8'?>
<arggraph id="micro_c154">
  <edu id="e1" lang="en">Divorce can be devastating to children in the family,</edu>
  <edu id="e1" lang="ru" trans="promt">Развод может быть разрушительным детям в семье,</edu>
  <edu id="e1" lang="ru" trans="google">Развод может быть разрушительным для детей в семье,</edu>
  <edu id="e1" lang="ru" trans="yandex">Развод может быть разрушительным для детей в семье,</edu>
  <edu id="e2" lang="en">but it is an event they can recover from.</edu>
  <edu id="e2" lang="ru" trans="promt">но это - событие, после которого они могут оправиться.</edu>
  <edu id="e2" lang="ru" trans="google">но это событие, от которого они могут оправиться.</edu>
  <edu id="e2" lang="ru" trans="yandex">но это событие они могут восстановиться.</edu>
  <edu id="e3" lang="en">Children are resilient and can often bounce back from traumatic events quicker and more easily than adults.</edu>
  <edu id="e3" lang="ru" trans="promt">Дети эластичны и могут часто приходить в норму от травмирующих более быстрых событий и более легко, чем взрослые.</edu>
  <edu id="e3" lang="ru" trans="google">Дети устойчивы и часто могут оправиться от травматических событий быстрее и легче, чем взрослые.</edu>
  <edu id="e3" lang="ru" trans="yandex">Дети являются устойчивыми и часто может оправиться от травматического события быстрее и легче, чем взрослые.</edu>
  <edu id="e4" lang="en">It is often more beneficial to have two parents in the household,</edu>
  <edu id="e4" lang="ru" trans="promt">Это часто более выгодно, чтобы иметь двух родителей в домашнем хозяйстве,</edu>
  <edu id="e4" lang="ru" trans="google">Часто бывает выгоднее иметь двух родителей в семье,</edu>
  <edu id="e4" lang="ru" trans="yandex">Это часто более выгодно иметь двух родителей в семье,</edu>
  <edu id="e5" lang="en">however, if the marriage is unhappy, divorce would be better for all members of the family.</edu>
  <edu id="e5" lang="ru" trans="promt">однако, если бы брак недоволен, развод был бы лучше для всех членов семьи.</edu>
  <edu id="e5" lang="ru" trans="google">однако, если брак несчастлив, развод будет лучше для всех членов семьи.</edu>
  <edu id="e5" lang="ru" trans="yandex">однако, если брак несчастлив, развод будет лучше для всех членов семьи.</edu>
  <edu id="e6" lang="en">As long as the kids are provided with a stable home life, divorce does not have to be an enormous trauma from which there is no recovering.</edu>
  <edu id="e6" lang="ru" trans="promt">Пока детям предоставляют стабильную домашнюю жизнь, развод не должен быть огромной травмой, от которой нет никакого восстановления.</edu>
  <edu id="e6" lang="ru" trans="google">Пока детям обеспечена стабильная домашняя жизнь, развод не должен быть огромной травмой, из которой нет восстановления.</edu>
  <edu id="e6" lang="ru" trans="yandex">Пока дети обеспечены стабильной семейной жизни, развод не должен быть огромным травма, от которой нет никакого восстановления.</edu>
  <adu id="a1" type="pro"/>
  <adu id="a2" type="opp"/>
  <adu id="a3" type="pro"/>
  <adu id="a4" type="pro"/>
  <adu id="a5" type="opp"/>
  <adu id="a6" type="pro"/>
  <edge id="c6" src="e1" trg="a5" type="seg"/>
  <edge id="c7" src="e2" trg="a6" type="seg"/>
  <edge id="c8" src="e3" trg="a4" type="seg"/>
  <edge id="c9" src="e4" trg="a2" type="seg"/>
  <edge id="c10" src="e5" trg="a3" type="seg"/>
  <edge id="c11" src="e6" trg="a1" type="seg"/>
  <edge id="c1" src="a2" trg="a1" type="reb"/>
  <edge id="c2" src="a3" trg="c1" type="und"/>
  <edge id="c3" src="a4" trg="a6" type="sup"/>
  <edge id="c4" src="a5" trg="a1" type="reb"/>
  <edge id="c5" src="a6" trg="c4" type="und"/>
</arggraph>
