<?xml version='1.0' encoding='UTF-8'?>
<arggraph id="micro_c194">
  <edu id="e1" lang="en">For the purposes of treatment and care it is absolutely okay to treat the family pet dog on par with other family members.</edu>
  <edu id="e1" lang="ru" trans="promt">В целях отношения и ухода это должно абсолютно хорошо рассматривать собаку наравне с другими членами семьи.</edu>
  <edu id="e1" lang="ru" trans="google">В целях лечения и ухода абсолютно нормально относиться к домашней собаке наравне с другими членами семьи.</edu>
  <edu id="e1" lang="ru" trans="yandex">Для целей лечения и ухода это абсолютно нормально относиться к семье собака наравне с другими членами семьи.</edu>
  <edu id="e2" lang="en">Dogs need water, food, and medical treatment just like humans.</edu>
  <edu id="e2" lang="ru" trans="promt">Собакам нужны вода, еда и лечение точно так же, как люди.</edu>
  <edu id="e2" lang="ru" trans="google">Собакам нужна вода, еда и лечение, как люди.</edu>
  <edu id="e2" lang="ru" trans="yandex">Собакам нужна вода, еда, и лечение просто как люди.</edu>
  <edu id="e3" lang="en">They also need attention and affection just like humans.</edu>
  <edu id="e3" lang="ru" trans="promt">Им также необходимо уделять внимание и привязанность точно так же, как люди.</edu>
  <edu id="e3" lang="ru" trans="google">Они также нуждаются в внимании и привязанности, как люди.</edu>
  <edu id="e3" lang="ru" trans="yandex">Они также требуют внимания и ласки так же, как люди.</edu>
  <edu id="e4" lang="en">That doesn't mean, of course, that family members should feel free to eat out of the dogs bowl without expecting a subsequent illness to occur.</edu>
  <edu id="e4" lang="ru" trans="promt">Это не означает, конечно, что члены семьи должны не стесняться есть из миски собак, не ожидая, что произойдет последующая болезнь.</edu>
  <edu id="e4" lang="ru" trans="google">Это, конечно же, не означает, что члены семьи должны чувствовать себя свободными от еды из чаши для собак, не ожидая последующей болезни.</edu>
  <edu id="e4" lang="ru" trans="yandex">Это не значит, конечно, что члены семьи должны чувствовать себя свободно, чтобы поесть из миски собаки, не ожидая последующего заболеваниями.</edu>
  <edu id="e5" lang="en">Common sense dictates that dogs are a different species and some reasonable precautions need to be taken to in certain situations.</edu>
  <edu id="e5" lang="ru" trans="promt">Здравый смысл диктует, что собаки - различная разновидность, и некоторые разумные меры предосторожности должны быть приняты к в определенных ситуациях.</edu>
  <edu id="e5" lang="ru" trans="google">Здравый смысл диктует, что собаки - другой вид, и в определенных ситуациях необходимо принимать определенные разумные меры предосторожности.</edu>
  <edu id="e5" lang="ru" trans="yandex">Здравый смысл подсказывает, что собаки разных пород и некоторые разумные меры предосторожности должны быть приняты в определенных ситуациях.</edu>
  <edu id="e6" lang="en">It is said that dogs are man's best friend. If that is true then they should be treated as such.</edu>
  <edu id="e6" lang="ru" trans="promt">Сказано, что собаки - лучший друг человека. Если это верно тогда, их нужно рассматривать как таковые.</edu>
  <edu id="e6" lang="ru" trans="google">Говорят, что собаки - лучший друг человека. Если это так, то их следует рассматривать как таковые.</edu>
  <edu id="e6" lang="ru" trans="yandex">Говорят, что собаки-лучшие друзья человека. Если это правда, то они должны рассматриваться как таковые.</edu>
  <adu id="a1" type="pro"/>
  <adu id="a2" type="pro"/>
  <adu id="a3" type="pro"/>
  <adu id="a4" type="pro"/>
  <adu id="a5" type="opp"/>
  <adu id="a6" type="opp"/>
  <edge id="c6" src="e1" trg="a1" type="seg"/>
  <edge id="c7" src="e2" trg="a2" type="seg"/>
  <edge id="c8" src="e3" trg="a3" type="seg"/>
  <edge id="c9" src="e4" trg="a6" type="seg"/>
  <edge id="c10" src="e5" trg="a5" type="seg"/>
  <edge id="c11" src="e6" trg="a4" type="seg"/>
  <edge id="c1" src="a2" trg="a1" type="sup"/>
  <edge id="c2" src="a3" trg="a1" type="sup"/>
  <edge id="c3" src="a4" trg="a1" type="sup"/>
  <edge id="c4" src="a5" trg="a1" type="reb"/>
  <edge id="c5" src="a6" trg="a5" type="exa"/>
</arggraph>
