<?xml version='1.0' encoding='UTF-8'?>
<arggraph id="micro_c011">
  <edu id="e1" lang="en">Poaching is a criminal act that has ebbed and flowed over the course of time as consumer demand has fluctuated. Many of these criminal acts come out of countries where governments consist of officials easily corrupted through monetary payments or status changes.</edu>
  <edu id="e1" lang="ru" trans="human">Браконьерство - это преступное деяние, интерес к которому со временем то ослабевал, то вновь вспыхивал по мере изменения потребительского спроса. Часто корни таких преступлений происходят из стран, где правительства состоят из чиновников, которых легко подкупить денежными выплатами или изменениями статуса.</edu>
  <edu id="e2" lang="en">Without strong policing efforts, the likelihood of a successful deterrent to the mass killings of wild rhinos and other animals valued for their parts is unlikely.</edu>
  <edu id="e2" lang="ru" trans="human">Без решительных усилий полиции вероятность успешного сдерживания массовых убийств диких носорогов и других ценных животных, маловероятна.</edu>
  <edu id="e3" lang="en">The costs involved with the solution of removing the horns to prevent future poaching is throwing money away</edu>
  <edu id="e3" lang="ru" trans="human">Деньги, потраченные на удаление рогов для предотвращения возможного акта браконьерства – это выбрасывание денег на ветер, </edu>
  <edu id="e4" lang="en">to sidestep the real issues which are lax to nonexistent policing, non-consistent prosecution and lenient sentencing.</edu>
  <edu id="e4" lang="ru" trans="human">чтобы отвлечь от решения реальных вопросов, связанных со слабой позицией правоохранительных органов, непоследовательным судебным преследованием и мягким приговором. </edu>
  <edu id="e5" lang="en">It's the criminals who commit these violent acts against wildlife who need to be 'removed' from society itself.</edu>
  <edu id="e5" lang="ru" trans="human">«Удалять» из общества надо преступников, совершающих насильственные действия против дикой природы, </edu>
  <edu id="e6" implicit="true" lang="en">No,the rhino's horns should not be removed to protect them from being poached.</edu>
  <edu id="e6" lang="ru" trans="human">а не рога носорогов в целях их защиты от браконьеров.</edu>
  <adu id="a1" type="pro"/>
  <adu id="a2" type="pro"/>
  <adu id="a3" type="pro"/>
  <adu id="a4" type="pro"/>
  <adu id="a5" type="pro"/>
  <adu id="a6" type="pro"/>
  <edge id="c6" src="e1" trg="a1" type="seg"/>
  <edge id="c7" src="e2" trg="a2" type="seg"/>
  <edge id="c8" src="e3" trg="a3" type="seg"/>
  <edge id="c9" src="e4" trg="a4" type="seg"/>
  <edge id="c10" src="e5" trg="a6" type="seg"/>
  <edge id="c11" src="e6" trg="a5" type="seg"/>
  <edge id="c1" src="a1" trg="a6" type="sup"/>
  <edge id="c2" src="a2" trg="c1" type="add"/>
  <edge id="c3" src="a3" trg="a6" type="sup"/>
  <edge id="c4" src="a4" trg="a3" type="sup"/>
  <edge id="c5" src="a6" trg="a5" type="sup"/>
</arggraph>
