<?xml version='1.0' encoding='UTF-8'?>
<arggraph id="micro_c007">
  <edu id="e1" lang="en">Do older people make better parents? In this day and age the answer can only be yes.На сегодняшний день ответ может быть только «да».</edu>
  <edu id="e1" lang="ru" trans="human">Становятся ли пожилые люди лучшими родителями?</edu>
  <edu id="e2" lang="en">Older people are far more mature than this new generation of slackers and hipsters.</edu>
  <edu id="e2" lang="ru" trans="human">Пожилые люди – более зрелые, чем это новое поколение бездельников и хипстеров. </edu>
  <edu id="e3" lang="en">Older people make far more money than younger people on average,</edu>
  <edu id="e3" lang="ru" trans="human">Пожилые люди зарабатывают в среднем намного больше денег, чем молодые, </edu>
  <edu id="e4" lang="en">allowing them to take care of the needs and education of children.</edu>
  <edu id="e4" lang="ru" trans="human">что позволяет им заботиться о потребностях детей и их образовании. </edu>
  <edu id="e5" lang="en">Older people have far more experience than younger people.</edu>
  <edu id="e5" lang="ru" trans="human">К тому же, старшее поколение более опытное, чем младшее.</edu>
  <edu id="e6" lang="en">Some might say that older people are not physically fit enough to take care of children the way younger people would be,</edu>
  <edu id="e6" lang="ru" trans="human">Кто-то может сказать, что пожилые недостаточно здоровы, чтобы заботиться о детях так, как это могут делать молодые, </edu>
  <edu id="e7" lang="en">but health is on decline for younger people as well,</edu>
  <edu id="e7" lang="ru" trans="human">но и у молодых здоровье ухудшается, </edu>
  <edu id="e8" lang="en">so that really does not make much of a difference now.</edu>
  <edu id="e8" lang="ru" trans="human">так что сейчас это не имеет такого уж большого значения. </edu>
  <adu id="a1" type="pro"/>
  <adu id="a2" type="pro"/>
  <adu id="a3" type="pro"/>
  <adu id="a4" type="pro"/>
  <adu id="a5" type="pro"/>
  <adu id="a6" type="opp"/>
  <adu id="a7" type="pro"/>
  <adu id="a8" type="pro"/>
  <edge id="c8" src="e1" trg="a1" type="seg"/>
  <edge id="c9" src="e2" trg="a2" type="seg"/>
  <edge id="c10" src="e3" trg="a3" type="seg"/>
  <edge id="c11" src="e4" trg="a4" type="seg"/>
  <edge id="c12" src="e5" trg="a5" type="seg"/>
  <edge id="c13" src="e6" trg="a6" type="seg"/>
  <edge id="c14" src="e7" trg="a7" type="seg"/>
  <edge id="c15" src="e8" trg="a8" type="seg"/>
  <edge id="c1" src="a2" trg="a1" type="sup"/>
  <edge id="c2" src="a3" trg="a1" type="sup"/>
  <edge id="c3" src="a4" trg="c2" type="add"/>
  <edge id="c4" src="a5" trg="a1" type="sup"/>
  <edge id="c5" src="a6" trg="a1" type="reb"/>
  <edge id="c6" src="a7" trg="a8" type="sup"/>
  <edge id="c7" src="a8" trg="c5" type="und"/>
</arggraph>
