<?xml version='1.0' encoding='UTF-8'?>
<arggraph id="micro_c109">
  <edu id="e1" lang="en">Composting can be very beneficial for our environment.</edu>
  <edu id="e1" lang="ru" trans="human"></edu>
  <edu id="e2" lang="en">It is a well known fact that we toss out huge amounts of food waste, whether as scraps from meal preparation, or that head of lettuce we forgot in the back of the refrigerator.</edu>
  <edu id="e2" lang="ru" trans="human"></edu>
  <edu id="e3" lang="en">Composting is the best way to mitigate the loss</edu>
  <edu id="e3" lang="ru" trans="human"></edu>
  <edu id="e4" lang="en">and turn it into a highly beneficial fertilizer.</edu>
  <edu id="e4" lang="ru" trans="human"></edu>
  <edu id="e5" lang="en">There is some consideration required to consider the logistics of composting</edu>
  <edu id="e5" lang="ru" trans="human"></edu>
  <edu id="e6" lang="en">since it takes a good amount space</edu>
  <edu id="e6" lang="ru" trans="human"></edu>
  <edu id="e7" lang="en">and can, but not always, produce an odor.</edu>
  <edu id="e7" lang="ru" trans="human"></edu>
  <edu id="e8" lang="en">However, any space required is more than offset by the reduction of material sent to landfills.</edu>
  <edu id="e8" lang="ru" trans="human"></edu>
  <edu id="e9" lang="en">Composted fertilizers are some of the most environmentally friendly fertilizers</edu>
  <edu id="e9" lang="ru" trans="human"></edu>
  <edu id="e10" lang="en">and are highly effective in growing healthy plants to start the cycle over again.</edu>
  <edu id="e10" lang="ru" trans="human"></edu>
  <adu id="a1" type="pro"/>
  <adu id="a2" type="pro"/>
  <adu id="a3" type="pro"/>
  <adu id="a4" type="pro"/>
  <adu id="a5" type="opp"/>
  <adu id="a6" type="opp"/>
  <adu id="a7" type="opp"/>
  <adu id="a8" type="pro"/>
  <adu id="a9" type="pro"/>
  <adu id="a10" type="pro"/>
  <edge id="c10" src="e1" trg="a1" type="seg"/>
  <edge id="c11" src="e2" trg="a2" type="seg"/>
  <edge id="c12" src="e3" trg="a3" type="seg"/>
  <edge id="c13" src="e4" trg="a4" type="seg"/>
  <edge id="c14" src="e5" trg="a5" type="seg"/>
  <edge id="c15" src="e6" trg="a6" type="seg"/>
  <edge id="c16" src="e7" trg="a7" type="seg"/>
  <edge id="c17" src="e8" trg="a8" type="seg"/>
  <edge id="c18" src="e9" trg="a9" type="seg"/>
  <edge id="c19" src="e10" trg="a10" type="seg"/>
  <edge id="c1" src="a2" trg="a1" type="sup"/>
  <edge id="c2" src="a3" trg="a2" type="sup"/>
  <edge id="c3" src="a4" trg="a2" type="sup"/>
  <edge id="c4" src="a5" trg="a1" type="reb"/>
  <edge id="c5" src="a6" trg="a5" type="sup"/>
  <edge id="c6" src="a7" trg="a5" type="sup"/>
  <edge id="c7" src="a8" trg="c5" type="und"/>
  <edge id="c8" src="a9" trg="a4" type="sup"/>
  <edge id="c9" src="a10" trg="c8" type="add"/>
</arggraph>
