<?xml version='1.0' encoding='UTF-8'?>
<arggraph id="micro_c027">
  <edu id="e1" lang="en">People should date long enough to know each other. This will vary from couple to couple.</edu>
  <edu id="e1" lang="ru" trans="human"></edu>
  <edu id="e2" lang="en">Once two people can trust each other and are best friends as well as lovers they should feel free to get engaged.</edu>
  <edu id="e2" lang="ru" trans="human"></edu>
  <edu id="e3" lang="en">Otherwise, the marriage may fail.</edu>
  <edu id="e3" lang="ru" trans="human"></edu>
  <adu id="a1" type="pro"/>
  <adu id="a2" type="pro"/>
  <adu id="a3" type="pro"/>
  <edge id="c3" src="e1" trg="a1" type="seg"/>
  <edge id="c4" src="e2" trg="a2" type="seg"/>
  <edge id="c5" src="e3" trg="a3" type="seg"/>
  <edge id="c1" src="a2" trg="a1" type="sup"/>
  <edge id="c2" src="a3" trg="c1" type="add"/>
</arggraph>
