<?xml version='1.0' encoding='UTF-8'?>
<arggraph id="micro_c101">
  <edu id="e1" lang="en">Paper books are a joy to read. Electronic books can never replace this feeling.</edu>
  <edu id="e1" lang="ru" trans="human">Читать бумажные книги - радость. Электронные книги никогда не смогут заменить это чувство.</edu>
  <edu id="e2" lang="en">Many voracious readers love to hold books</edu>
  <edu id="e2" lang="ru" trans="human">Многие ненасытные читатели любят подержать книги в руках</edu>
  <edu id="e3" lang="en">and smell the ink and paper.</edu>
  <edu id="e3" lang="ru" trans="human">и почувствовать запах чернил и бумаги.</edu>
  <edu id="e4" lang="en">It could be argued that e-books are more convenient, and that is true.</edu>
  <edu id="e4" lang="ru" trans="human">Можно утверждать, что электронные книги удобнее, и это правда.</edu>
  <edu id="e5" lang="en">However, the experience of reading a book is far more than just the information we get from it.</edu>
  <edu id="e5" lang="ru" trans="human">Однако, чтение книги – это гораздо больше, чем просто информация, которую мы получаем из нее.</edu>
  <adu id="a1" type="pro"/>
  <adu id="a2" type="pro"/>
  <adu id="a3" type="pro"/>
  <adu id="a4" type="opp"/>
  <adu id="a5" type="pro"/>
  <edge id="c5" src="e1" trg="a1" type="seg"/>
  <edge id="c6" src="e2" trg="a2" type="seg"/>
  <edge id="c7" src="e3" trg="a3" type="seg"/>
  <edge id="c8" src="e4" trg="a4" type="seg"/>
  <edge id="c9" src="e5" trg="a5" type="seg"/>
  <edge id="c1" src="a2" trg="a1" type="sup"/>
  <edge id="c2" src="a3" trg="a1" type="sup"/>
  <edge id="c3" src="a4" trg="a1" type="reb"/>
  <edge id="c4" src="a5" trg="c3" type="und"/>
</arggraph>
