<?xml version='1.0' encoding='UTF-8'?>
<arggraph id="micro_c153">
  <edu id="e1" lang="en">A divorce can be beneficial for the children.</edu>
  <edu id="e1" lang="ru" trans="human">Для детей развод может оказаться благоприятным.</edu>
  <edu id="e2" lang="en">It removes them from a toxic environment.</edu>
  <edu id="e2" lang="ru" trans="human">Он вынимает их из невыносимой обстановки.</edu>
  <edu id="e3" lang="en">It also allows the parents to focus on the children instead of fighting with their spouse.</edu>
  <edu id="e3" lang="ru" trans="human">Развод также позволяет родителям сосредоточиться на детях вместо того, чтобы бороться со своим супругом.</edu>
  <adu id="a1" type="pro"/>
  <adu id="a2" type="pro"/>
  <adu id="a3" type="pro"/>
  <edge id="c3" src="e1" trg="a1" type="seg"/>
  <edge id="c4" src="e2" trg="a2" type="seg"/>
  <edge id="c5" src="e3" trg="a3" type="seg"/>
  <edge id="c1" src="a2" trg="a1" type="sup"/>
  <edge id="c2" src="a3" trg="a1" type="sup"/>
</arggraph>
