<?xml version='1.0' encoding='UTF-8'?>
<arggraph id="micro_c089">
  <edu id="e1" lang="en">Video games are much more than just having fun and goofing off.</edu>
  <edu id="e1" lang="ru" trans="human">Видеоигры значат гораздо больше, чем просто возможность веселиться и дурачиться.</edu>
  <edu id="e2" lang="en">Many games can teach people several skills without even realizing it, such as planning ahead, patience and persistence, efficiency, and more.</edu>
  <edu id="e2" lang="ru" trans="human">Многие игры могут научить людей некоторым навыкам, даже не осознавая этого, например, планированию на будущее, терпению и настойчивости, эффективности и многому другому.</edu>
  <edu id="e3" lang="en">If games were actually tailored to the learning aspect, they could still be seriously fun (and have super cool graphics), but require a skill - like math or grammar - to be learned, to win the game.</edu>
  <edu id="e3" lang="ru" trans="human">Если бы игры на самом деле были подстроены под процесс обучения, они могли бы быть на самом деле развлечением (и иметь супер крутую графику), но при этом требовать определенных навыков – например, в математике или синтаксисе, – чтобы чему-то научиться или победить в игре.</edu>
  <edu id="e4" lang="en">This ensures something good is being gained from video games in school, and technology is well-utilized.</edu>
  <edu id="e4" lang="ru" trans="human">Это гарантирует преобретение хорошего опыта от видеоигр в школе и использование современных технологий по их прямому назначению.</edu>
  <adu id="a1" type="pro"/>
  <adu id="a2" type="pro"/>
  <adu id="a3" type="pro"/>
  <adu id="a4" type="pro"/>
  <edge id="c4" src="e1" trg="a4" type="seg"/>
  <edge id="c5" src="e2" trg="a3" type="seg"/>
  <edge id="c6" src="e3" trg="a1" type="seg"/>
  <edge id="c7" src="e4" trg="a2" type="seg"/>
  <edge id="c1" src="a2" trg="a1" type="sup"/>
  <edge id="c2" src="a3" trg="a4" type="exa"/>
  <edge id="c3" src="a4" trg="a1" type="sup"/>
</arggraph>
