<?xml version='1.0' encoding='UTF-8'?>
<arggraph id="micro_c020">
  <edu id="e1" lang="en">To some extent cell phones and social media have made families closer.</edu>
  <edu id="e1" lang="ru" trans="human">В какой-то мере, мобильные телефоны и социальные сети сблизили семьи.</edu>
  <edu id="e2" lang="en">They have allowed for easier communication,</edu>
  <edu id="e2" lang="ru" trans="human">Они сделали общение доступнее,</edu>
  <edu id="e3" lang="en">so that means families are communicating when they otherwise wouldn't have.</edu>
  <edu id="e3" lang="ru" trans="human">это означает, что семьи общаются даже тогда, когда раньше общение было невозможно.</edu>
  <edu id="e4" lang="en">This is likely to bring them closer together on average.</edu>
  <edu id="e4" lang="ru" trans="human">В целом, вполне вероятно, что такая ситуация может сделать членов семьи ближе.</edu>
  <adu id="a1" type="pro"/>
  <adu id="a2" type="pro"/>
  <adu id="a3" type="pro"/>
  <edge id="c3" src="e1" trg="a1" type="seg"/>
  <edge id="c4" src="e2" trg="a3" type="seg"/>
  <edge id="c5" src="e3" trg="a2" type="seg"/>
  <edge id="c6" src="e4" trg="a1" type="seg"/>
  <edge id="c1" src="a2" trg="a1" type="sup"/>
  <edge id="c2" src="a3" trg="a2" type="sup"/>
</arggraph>
