<?xml version='1.0' encoding='UTF-8'?>
<arggraph id="micro_c005">
  <edu id="e1" lang="en">I believe that older people don't make better parents.</edu>
  <edu id="e1" lang="ru" trans="human">Мне кажется, что пожилые люди не являются лучшими родителями.</edu>
  <edu id="e2" lang="en">While they do have more experience in life</edu>
  <edu id="e2" lang="ru" trans="human">Хотя у них больше жизненного опыта</edu>
  <edu id="e3" lang="en">and may be able to offer their child more guidance when it comes to difficult decisions that child will have to face,</edu>
  <edu id="e3" lang="ru" trans="human">и они способны дать своему ребенку лучший совет, когда доходит до принятия трудных решений, с которыми ребенку приходится сталкиваться.</edu>
  <edu id="e4" lang="en">they also are going to have a more difficult time staying active with the child.</edu>
  <edu id="e4" lang="ru" trans="human">Но им будет трудно оставаться активными с ребенком,</edu>
  <edu id="e5" lang="en">Children are INCREDIBLY active</edu>
  <edu id="e5" lang="ru" trans="human">а дети НЕВЕРОЯТНО активны,</edu>
  <edu id="e6" lang="en">and it takes a lot of energy to keep up with them.</edu>
  <edu id="e6" lang="ru" trans="human">и требуется много энергии, чтобы везде успевать за ними.</edu>
  <edu id="e7" lang="en">It would seem to me to discourage physical activity if the parents are older, and this is at a time when children as a whole are becoming less physically fit and less active.</edu>
  <edu id="e7" lang="ru" trans="human">Мне кажется, пожилой возраст родителей уменьшает их физическую активность, а это, в свою очередь, делает детей менее физически крепкими и менее активными.</edu>
  <edu id="e8" lang="en">While I do acknowledge that older parents do have more life knowledge,</edu>
  <edu id="e8" lang="ru" trans="human">Хотя, я должен признать, что у пожилых людей больше знаний,</edu>
  <edu id="e9" lang="en">the inexperience of a young parent can be offset by their parents (the child's grandparents), god parents, and family friends.</edu>
  <edu id="e9" lang="ru" trans="human">неопытность молодого родителя может быть компенсирована мудрыми советами их родителей (бабушек и дедушек ребенка), их крестными родителями и друзьями семьи.</edu>
  <adu id="a1" type="opp"/>
  <adu id="a2" type="opp"/>
  <adu id="a3" type="pro"/>
  <adu id="a4" type="pro"/>
  <adu id="a5" type="pro"/>
  <adu id="a6" type="pro"/>
  <adu id="a7" type="pro"/>
  <adu id="a8" type="pro"/>
  <edge id="c8" src="e1" trg="a7" type="seg"/>
  <edge id="c9" src="e2" trg="a1" type="seg"/>
  <edge id="c10" src="e3" trg="a2" type="seg"/>
  <edge id="c11" src="e4" trg="a3" type="seg"/>
  <edge id="c12" src="e5" trg="a4" type="seg"/>
  <edge id="c13" src="e6" trg="a5" type="seg"/>
  <edge id="c14" src="e7" trg="a8" type="seg"/>
  <edge id="c15" src="e8" trg="a1" type="seg"/>
  <edge id="c16" src="e9" trg="a6" type="seg"/>
  <edge id="c1" src="a1" trg="a2" type="sup"/>
  <edge id="c2" src="a2" trg="a7" type="reb"/>
  <edge id="c3" src="a3" trg="a8" type="sup"/>
  <edge id="c4" src="a4" trg="a3" type="sup"/>
  <edge id="c5" src="a5" trg="c4" type="add"/>
  <edge id="c6" src="a6" trg="c1" type="und"/>
  <edge id="c7" src="a8" trg="c2" type="und"/>
</arggraph>
