<?xml version='1.0' encoding='UTF-8'?>
<arggraph id="micro_c122">
  <edu id="e1" lang="en">Nuclear energy has been used for years with very few major issues.</edu>
  <edu id="e1" lang="ru" trans="human">Атомная энергия используется в течение многих лет, и серьезных проблем было очень немного.</edu>
  <edu id="e2" lang="en">It is cheap to produce</edu>
  <edu id="e2" lang="ru" trans="human">Ее дешево производить,</edu>
  <edu id="e3" lang="en">and our society uses large amounts of energy.</edu>
  <edu id="e3" lang="ru" trans="human">а наше общество использует большое количество энергии.</edu>
  <edu id="e4" lang="en">However, it is dirty and damages the environment.</edu>
  <edu id="e4" lang="ru" trans="human">Однако, она загрязняет и наносит вред окружающей среде.</edu>
  <edu id="e5" lang="en">But as humans we've become so dependent on electricity that we can overlook some of the downfalls of nuclear energy.</edu>
  <edu id="e5" lang="ru" trans="human">Но мы, люди, стали настолько зависимы от электричества, что можем не обращать внимания на некоторые недостатки атомной энергии.</edu>
  <edu id="e6" implicit="true" lang="en">We should use nuclear energy.</edu>
  <edu id="e6" lang="ru" trans="human">Мы должны использовать атомную энергию.</edu>
  <adu id="a1" type="pro"/>
  <adu id="a2" type="pro"/>
  <adu id="a3" type="pro"/>
  <adu id="a4" type="pro"/>
  <adu id="a5" type="opp"/>
  <adu id="a6" type="pro"/>
  <edge id="c6" src="e1" trg="a1" type="seg"/>
  <edge id="c7" src="e2" trg="a2" type="seg"/>
  <edge id="c8" src="e3" trg="a3" type="seg"/>
  <edge id="c9" src="e4" trg="a5" type="seg"/>
  <edge id="c10" src="e5" trg="a6" type="seg"/>
  <edge id="c11" src="e6" trg="a4" type="seg"/>
  <edge id="c1" src="a1" trg="a4" type="sup"/>
  <edge id="c2" src="a2" trg="a4" type="sup"/>
  <edge id="c3" src="a3" trg="c2" type="add"/>
  <edge id="c4" src="a5" trg="a4" type="reb"/>
  <edge id="c5" src="a6" trg="c4" type="und"/>
</arggraph>
