<?xml version='1.0' encoding='UTF-8'?>
<arggraph id="micro_c074">
  <edu id="e1" lang="en">Violent video games do increase violent behavior, especially in young children.</edu>
  <edu id="e1" lang="ru" trans="human">Жестокие видеоигры действительно усиливают агрессивное поведение, особенно у маленьких детей.</edu>
  <edu id="e2" lang="en">Young children play violent games and assume this behavior is normal,</edu>
  <edu id="e2" lang="ru" trans="human">Маленькие дети играют в жестокие игры и считают, что это нормальное поведение,</edu>
  <edu id="e3" lang="en">and carry it out into the real world.</edu>
  <edu id="e3" lang="ru" trans="human">и выносят его в реальный мир.</edu>
  <edu id="e4" lang="en">The proof is the increase in violent crimes</edu>
  <edu id="e4" lang="ru" trans="human">Доказательством является рост числа насильственных преступлений</edu>
  <edu id="e5" lang="en">and increase in school shootings.</edu>
  <edu id="e5" lang="ru" trans="human">и увеличение числа перестрелок в школе.</edu>
  <adu id="a1" type="pro"/>
  <adu id="a2" type="pro"/>
  <adu id="a3" type="pro"/>
  <adu id="a4" type="pro"/>
  <adu id="a5" type="pro"/>
  <edge id="c5" src="e1" trg="a1" type="seg"/>
  <edge id="c6" src="e2" trg="a2" type="seg"/>
  <edge id="c7" src="e3" trg="a3" type="seg"/>
  <edge id="c8" src="e4" trg="a4" type="seg"/>
  <edge id="c9" src="e5" trg="a5" type="seg"/>
  <edge id="c1" src="a2" trg="a1" type="sup"/>
  <edge id="c2" src="a3" trg="c1" type="add"/>
  <edge id="c3" src="a4" trg="a3" type="sup"/>
  <edge id="c4" src="a5" trg="a3" type="sup"/>
</arggraph>
