<?xml version='1.0' encoding='UTF-8'?>
<arggraph id="micro_c064">
  <edu id="e1" lang="en">Social media has not improved the lives of teenagers.</edu>
  <edu id="e1" lang="ru" trans="human">Социальные сети не улучшили жизнь подростков.</edu>
  <edu id="e2" lang="en">There is so much negativity on social media.</edu>
  <edu id="e2" lang="ru" trans="human">В социальных сетях очень много негатива.</edu>
  <edu id="e3" lang="en">Too many people believe that they can say whatever they want without any consequences.</edu>
  <edu id="e3" lang="ru" trans="human">Очень много людей полагают, что они могут говорить все, что хотят, без каких-либо последствий.</edu>
  <edu id="e4" lang="en">People say things on social media that they would not say in person.</edu>
  <edu id="e4" lang="ru" trans="human">Люди говорят в социальных сетях то, что они не сказали бы лично кому-либо.</edu>
  <adu id="a1" type="pro"/>
  <adu id="a2" type="pro"/>
  <adu id="a3" type="pro"/>
  <adu id="a4" type="pro"/>
  <edge id="c4" src="e1" trg="a1" type="seg"/>
  <edge id="c5" src="e2" trg="a2" type="seg"/>
  <edge id="c6" src="e3" trg="a3" type="seg"/>
  <edge id="c7" src="e4" trg="a4" type="seg"/>
  <edge id="c1" src="a2" trg="a1" type="sup"/>
  <edge id="c2" src="a3" trg="a1" type="sup"/>
  <edge id="c3" src="a4" trg="a1" type="sup"/>
</arggraph>
