<?xml version='1.0' encoding='UTF-8'?>
<arggraph id="micro_c143">
  <edu id="e1" lang="en">Wind energy is a viable form of alternative energy production that should be encouraged in use.</edu>
  <edu id="e1" lang="ru" trans="human">Энергия ветра является жизнеспособной формой альтернативного производства энергии, которую следует поощрять к использованию.</edu>
  <edu id="e2" lang="en">Government regulation is important for this,</edu>
  <edu id="e2" lang="ru" trans="human">Для этого важно государственное регулирование,</edu>
  <edu id="e3" lang="en">as it provides incentives for using wind energy</edu>
  <edu id="e3" lang="ru" trans="human">так как оно стимулирует использование энергии ветра</edu>
  <edu id="e4" lang="en">and penalties for relying on other, more polluting forms of energy.</edu>
  <edu id="e4" lang="ru" trans="human">и наказания за использование других, более загрязняющих видов энергии.</edu>
  <edu id="e5" lang="en">The world must reduce its reliance on fossil fuels as a main source of energy,</edu>
  <edu id="e5" lang="ru" trans="human">Мир должен снизить зависимость от ископаемых видов топлива как основных источников энергии,</edu>
  <edu id="e6" lang="en">as fossil fuel is finite</edu>
  <edu id="e6" lang="ru" trans="human">так как такое топливо ограничено</edu>
  <edu id="e7" lang="en">and it's use causes widespread damage to the environment.</edu>
  <edu id="e7" lang="ru" trans="human">и его использование наносит значительный ущерб окружающей среде.</edu>
  <edu id="e8" lang="en">Another option of alternate energy, nuclear power, has its own environmental and safety risks that make it non-viable as a main source of power.</edu>
  <edu id="e8" lang="ru" trans="human">Другое решение альтернативной энергетики, ядерная энергетика, имеет свою собственную угрозу для окружающей среды и безопасности, которая  делает ее нежизнеспособной в качестве основного источника энергии.</edu>
  <edu id="e9" lang="en">Wind energy, along with other types of energy such as solar power, is self-renewing, clean, and relatively safe for both people and the surrounding ecosystems.</edu>
  <edu id="e9" lang="ru" trans="human">Энергия ветра, наряду с другими видами энергии, такими как солнечная энергия, является самообновляющейся, чистой и относительно безопасной как для людей, так и для окружающих экосистем.</edu>
  <adu id="a1" type="pro"/>
  <adu id="a2" type="pro"/>
  <adu id="a3" type="pro"/>
  <adu id="a4" type="pro"/>
  <adu id="a5" type="pro"/>
  <adu id="a6" type="pro"/>
  <adu id="a7" type="pro"/>
  <adu id="a8" type="pro"/>
  <adu id="a9" type="pro"/>
  <edge id="c9" src="e1" trg="a4" type="seg"/>
  <edge id="c10" src="e2" trg="a1" type="seg"/>
  <edge id="c11" src="e3" trg="a2" type="seg"/>
  <edge id="c12" src="e4" trg="a3" type="seg"/>
  <edge id="c13" src="e5" trg="a5" type="seg"/>
  <edge id="c14" src="e6" trg="a6" type="seg"/>
  <edge id="c15" src="e7" trg="a7" type="seg"/>
  <edge id="c16" src="e8" trg="a8" type="seg"/>
  <edge id="c17" src="e9" trg="a9" type="seg"/>
  <edge id="c1" src="a2" trg="a1" type="sup"/>
  <edge id="c2" src="a3" trg="a1" type="sup"/>
  <edge id="c3" src="a4" trg="a1" type="sup"/>
  <edge id="c4" src="a5" trg="a4" type="sup"/>
  <edge id="c5" src="a6" trg="a5" type="sup"/>
  <edge id="c6" src="a7" trg="a5" type="sup"/>
  <edge id="c7" src="a8" trg="a4" type="sup"/>
  <edge id="c8" src="a9" trg="a4" type="sup"/>
</arggraph>
