<?xml version='1.0' encoding='UTF-8'?>
<arggraph id="micro_c192">
  <edu id="e1" lang="en">People who own dogs should show them respect,</edu>
  <edu id="e1" lang="ru" trans="human">Люди, которые владеют собаками, должны проявлять к ним уважение,</edu>
  <edu id="e2" lang="en">but they should not treat them like a family member.</edu>
  <edu id="e2" lang="ru" trans="human">но они не должны относиться к ним как к членам семьи.</edu>
  <edu id="e3" lang="en">To treat a dog the same as a family member is disrespectful to the rest of the family.</edu>
  <edu id="e3" lang="ru" trans="human">Относиться к собаке так же, как к члену семьи, неуважительно по отношению к остальным членам семьи.</edu>
  <edu id="e4" lang="en">A dog has no idea what a birthday is or feels the need to wear clothes. While you can have a party for your pet and dress it up in a party outfit, that doesn't make it human, only looks silly, and makes the dog uncomfortable.</edu>
  <edu id="e4" lang="ru" trans="human">Собака понятия не имеет, что такое день рождения, и не считает нужным носить одежду. Вы конечно можете устроить вечеринку для своего питомца и одеть его в подобающий наряд, но это не сделает питомца человеком. Это будет выглядеть глупо и доставит питомцу дискомфорт.</edu>
  <adu id="a1" type="opp"/>
  <adu id="a2" type="pro"/>
  <adu id="a3" type="pro"/>
  <adu id="a4" type="pro"/>
  <edge id="c4" src="e1" trg="a1" type="seg"/>
  <edge id="c5" src="e2" trg="a2" type="seg"/>
  <edge id="c6" src="e3" trg="a3" type="seg"/>
  <edge id="c7" src="e4" trg="a4" type="seg"/>
  <edge id="c1" src="a1" trg="a2" type="reb"/>
  <edge id="c2" src="a3" trg="a2" type="sup"/>
  <edge id="c3" src="a4" trg="a2" type="sup"/>
</arggraph>
