<?xml version='1.0' encoding='UTF-8'?>
<arggraph id="micro_c082">
  <edu id="e1" lang="en">Being a vegetarian or vegan does not help the environment.</edu>
  <edu id="e1" lang="ru" trans="human">Быть вегетарианцем или веганом не помогает окружающей среде.</edu>
  <edu id="e2" lang="en">The amount of waste and pollution produced by farming vegetables is comparable to the waste expelled from processing meat.</edu>
  <edu id="e2" lang="ru" trans="human">Количество отходов и загрязнений, выделяющихся при выращивании овощей, сопоставимо с отходами, которые вырабатываются при переработке мяса.</edu>
  <edu id="e3" lang="en">Consuming no meat or animal products will not help the environment at all.</edu>
  <edu id="e3" lang="ru" trans="human">Отказ от употребления мяса или продуктов животного происхождения совсем не поможет окружающей среде.</edu>
  <adu id="a1" type="pro"/>
  <adu id="a2" type="pro"/>
  <edge id="c2" src="e1" trg="a1" type="seg"/>
  <edge id="c3" src="e2" trg="a2" type="seg"/>
  <edge id="c4" src="e3" trg="a1" type="seg"/>
  <edge id="c1" src="a2" trg="a1" type="sup"/>
</arggraph>
