<?xml version='1.0' encoding='UTF-8'?>
<arggraph id="micro_c160">
  <edu id="e1" lang="en">No, teenage marriages are not a good idea.</edu>
  <edu id="e1" lang="ru" trans="human">Да, подростковые браки – это плохая идея.</edu>
  <edu id="e2" lang="en">People change personality-wise, goal-wise, and in many other ways after their teen years.</edu>
  <edu id="e2" lang="ru" trans="human">После подросткового возраста люди меняются: мудреют, ставят новые цели и многое другое.</edu>
  <edu id="e3" lang="en">Teens are not yet ready for all the responsibility that comes with marriage.</edu>
  <edu id="e3" lang="ru" trans="human">Подростки еще не готовы ко всей ответственности, которую несет брак.</edu>
  <edu id="e4" lang="en">They need to focus on their personal goals and getting their lives in order before sharing their life with anyone else.</edu>
  <edu id="e4" lang="ru" trans="human">Они должны сосредоточиться на своих личных целях и привести свою жизнь в порядок, прежде чем разделять свою жизнь с кем-либо еще.</edu>
  <adu id="a1" type="pro"/>
  <adu id="a2" type="pro"/>
  <adu id="a3" type="pro"/>
  <adu id="a4" type="pro"/>
  <edge id="c4" src="e1" trg="a1" type="seg"/>
  <edge id="c5" src="e2" trg="a2" type="seg"/>
  <edge id="c6" src="e3" trg="a3" type="seg"/>
  <edge id="c7" src="e4" trg="a4" type="seg"/>
  <edge id="c1" src="a2" trg="a3" type="sup"/>
  <edge id="c2" src="a3" trg="a1" type="sup"/>
  <edge id="c3" src="a4" trg="a3" type="sup"/>
</arggraph>
