<?xml version='1.0' encoding='UTF-8'?>
<arggraph id="micro_c189">
  <edu id="e1" lang="en">Video games do not necessarily have a bad impact on family life as long as they are played within a reasonable time limit and if all members can enjoy the games together.</edu>
  <edu id="e1" lang="ru" trans="human">Видеоигры не обязательно оказывают плохое влияние на семейную жизнь, если в них играют небольшое количество времени, и если все участники могут наслаждаться игрой друг с другом.</edu>
  <edu id="e2" lang="en">If video games consume a good part of the day and are not enjoyed by all then yes, they could have an impact in that there will be no actual social interaction of those in the family unit.</edu>
  <edu id="e2" lang="ru" trans="human">Если видеоигры занимают значительную часть дня и не все получают должное удовольствие, то да, они могут оказать влияние в том смысле, что не будет реального социального взаимодействия тех, кто находится в семье.</edu>
  <edu id="e3" lang="en">If the entire family participates in the game then they are all enjoying themselves together and bonding. Thus there is no bad impact.</edu>
  <edu id="e3" lang="ru" trans="human">Если вся семья участвует в игре, то все члены семьи сближаются и хорошо проводят время друг с другом. Таким образом, плохого воздействия нет.</edu>
  <edu id="e4" lang="en">It is just like people playing board games.</edu>
  <edu id="e4" lang="ru" trans="human">Как люди, играющие в настольные игры.</edu>
  <edu id="e5" lang="en">Monopoly can take many hours to play and there is no bad impact on family life because all are playing together.</edu>
  <edu id="e5" lang="ru" trans="human">В монополию можно играть часами, и это не окажет вредного влияния на семейную жизнь, потому что все члены семьи играют вместе.</edu>
  <adu id="a1" type="pro"/>
  <adu id="a2" type="opp"/>
  <adu id="a3" type="pro"/>
  <adu id="a4" type="pro"/>
  <adu id="a5" type="pro"/>
  <edge id="c5" src="e1" trg="a1" type="seg"/>
  <edge id="c6" src="e2" trg="a2" type="seg"/>
  <edge id="c7" src="e3" trg="a3" type="seg"/>
  <edge id="c8" src="e4" trg="a4" type="seg"/>
  <edge id="c9" src="e5" trg="a5" type="seg"/>
  <edge id="c1" src="a2" trg="a1" type="reb"/>
  <edge id="c2" src="a3" trg="c1" type="und"/>
  <edge id="c3" src="a4" trg="a1" type="sup"/>
  <edge id="c4" src="a5" trg="a4" type="exa"/>
</arggraph>
