<?xml version='1.0' encoding='UTF-8'?>
<arggraph id="micro_c188">
  <edu id="e1" lang="en">Video games do have an a bad impact on life</edu>
  <edu id="e1" lang="ru" trans="human">Видеоигры плохо влияют на жизнь,</edu>
  <edu id="e2" lang="en">because it takes away from the time you should be spending with family and going outside.</edu>
  <edu id="e2" lang="ru" trans="human">потому что это отнимает у вас время, которое вам следует проводить с семьей и на свежем воздухе.</edu>
  <edu id="e3" lang="en">Ultimately, in the end however if used responsibly video games can be fun for a recreation event.</edu>
  <edu id="e3" lang="ru" trans="human">Однако, в конечном итоге, использование видеоигр с умом может стать забавным развлечением.</edu>
  <adu id="a1" type="pro"/>
  <adu id="a2" type="pro"/>
  <adu id="a3" type="opp"/>
  <edge id="c3" src="e1" trg="a1" type="seg"/>
  <edge id="c4" src="e2" trg="a2" type="seg"/>
  <edge id="c5" src="e3" trg="a3" type="seg"/>
  <edge id="c1" src="a2" trg="a1" type="sup"/>
  <edge id="c2" src="a3" trg="a1" type="reb"/>
</arggraph>
