<?xml version='1.0' encoding='UTF-8'?>
<arggraph id="micro_c170">
  <edu id="e1" lang="en">The primary job of a parent is to prepare the child to live independently on their own.</edu>
  <edu id="e1" lang="ru" trans="human">Основная задача родителя - подготовить ребенка к самостоятельной жизни.</edu>
  <edu id="e2" lang="en">A helicopter parent does not allow the child to develop life skills needed to do that.</edu>
  <edu id="e2" lang="ru" trans="human">Родитель, чрезмерно "трясущийся" над своим чадом, не позволяет ребенку развивать необходимые жизненные навыки.</edu>
  <edu id="e3" lang="en">A child eventually grows up and parents eventually die.</edu>
  <edu id="e3" lang="ru" trans="human">Ребенок в конце концов вырастает, а родители в конце концов умирают.</edu>
  <edu id="e4" lang="en">When a child grows up to adulthood from helicopter parents they face challenges that can make surviving the harsh realities of adulthood impossible.</edu>
  <edu id="e4" lang="ru" trans="human">Когда ребенок вырастает до зрелого возраста в семье, где родители, чрезмерно опекали его, он сталкивается с проблемами, которые могут сделать его выживание в суровых реалиях просто невозможным.</edu>
  <edu id="e5" implicit="true" lang="en">Helicopter parents are bad for their children.</edu>
  <edu id="e5" lang="ru" trans="human">Родители, чрезмерно опекающие своих детей – это плохо.</edu>
  <adu id="a1" type="pro"/>
  <adu id="a2" type="pro"/>
  <adu id="a3" type="pro"/>
  <adu id="a4" type="pro"/>
  <adu id="a5" type="pro"/>
  <edge id="c5" src="e1" trg="a2" type="seg"/>
  <edge id="c6" src="e2" trg="a3" type="seg"/>
  <edge id="c7" src="e3" trg="a4" type="seg"/>
  <edge id="c8" src="e4" trg="a5" type="seg"/>
  <edge id="c9" src="e5" trg="a1" type="seg"/>
  <edge id="c1" src="a2" trg="a1" type="sup"/>
  <edge id="c2" src="a3" trg="c1" type="add"/>
  <edge id="c3" src="a4" trg="a1" type="sup"/>
  <edge id="c4" src="a5" trg="c3" type="add"/>
</arggraph>
