<?xml version='1.0' encoding='UTF-8'?>
<arggraph id="micro_c154">
  <edu id="e1" lang="en">Divorce can be devastating to children in the family,</edu>
  <edu id="e1" lang="ru" trans="human">Развод может иметь разрушительные последствия для детей в семье,</edu>
  <edu id="e2" lang="en">but it is an event they can recover from.</edu>
  <edu id="e2" lang="ru" trans="human">но они в силах оправиться от этого.</edu>
  <edu id="e3" lang="en">Children are resilient and can often bounce back from traumatic events quicker and more easily than adults.</edu>
  <edu id="e3" lang="ru" trans="human">Дети выносливы и зачастую могут оправиться от травматических событий быстрее и легче, чем взрослые.</edu>
  <edu id="e4" lang="en">It is often more beneficial to have two parents in the household,</edu>
  <edu id="e4" lang="ru" trans="human">Конечно, лучше иметь двух родителей в семье,</edu>
  <edu id="e5" lang="en">however, if the marriage is unhappy, divorce would be better for all members of the family.</edu>
  <edu id="e5" lang="ru" trans="human">однако, если люди в браке несчастливы, развод- лучшее решение  для всех членов семьи.</edu>
  <edu id="e6" lang="en">As long as the kids are provided with a stable home life, divorce does not have to be an enormous trauma from which there is no recovering.</edu>
  <edu id="e6" lang="ru" trans="human">До тех пор, пока дети растут  в крепкой семье, развод не будет для них огромной травмой, от которой нельзя оправиться.</edu>
  <adu id="a1" type="pro"/>
  <adu id="a2" type="opp"/>
  <adu id="a3" type="pro"/>
  <adu id="a4" type="pro"/>
  <adu id="a5" type="opp"/>
  <adu id="a6" type="pro"/>
  <edge id="c6" src="e1" trg="a5" type="seg"/>
  <edge id="c7" src="e2" trg="a6" type="seg"/>
  <edge id="c8" src="e3" trg="a4" type="seg"/>
  <edge id="c9" src="e4" trg="a2" type="seg"/>
  <edge id="c10" src="e5" trg="a3" type="seg"/>
  <edge id="c11" src="e6" trg="a1" type="seg"/>
  <edge id="c1" src="a2" trg="a1" type="reb"/>
  <edge id="c2" src="a3" trg="c1" type="und"/>
  <edge id="c3" src="a4" trg="a6" type="sup"/>
  <edge id="c4" src="a5" trg="a1" type="reb"/>
  <edge id="c5" src="a6" trg="c4" type="und"/>
</arggraph>
