<?xml version='1.0' encoding='UTF-8'?>
<arggraph id="micro_c151">
  <edu id="e1" lang="en">Divorce is an unfortunate turn of events in any marriage and kids are the one who are hit hardest by it.</edu>
  <edu id="e1" lang="ru" trans="human"></edu>
  <edu id="e2" lang="en">However, with some counselling and support they can recover from it.</edu>
  <edu id="e2" lang="ru" trans="human"></edu>
  <edu id="e3" implicit="true" lang="en">Kids can recover from a divorce.</edu>
  <edu id="e3" lang="ru" trans="human"></edu>
  <adu id="a1" type="opp"/>
  <adu id="a2" type="pro"/>
  <adu id="a3" type="pro"/>
  <edge id="c3" src="e1" trg="a1" type="seg"/>
  <edge id="c4" src="e2" trg="a2" type="seg"/>
  <edge id="c5" src="e3" trg="a3" type="seg"/>
  <edge id="c1" src="a1" trg="a3" type="reb"/>
  <edge id="c2" src="a2" trg="c1" type="und"/>
</arggraph>
