<?xml version='1.0' encoding='UTF-8'?>
<arggraph id="micro_c145">
  <edu id="e1" lang="en">Long distance relationships on average do not work.</edu>
  <edu id="e1" lang="ru" trans="human"></edu>
  <edu id="e2" lang="en">There are many opportunities for people in long distance relationships to engage in risky behavior with people who are not their partner due to the distance.</edu>
  <edu id="e2" lang="ru" trans="human"></edu>
  <edu id="e3" lang="en">Many people say that long distance relationships work as well as regular relationships</edu>
  <edu id="e3" lang="ru" trans="human"></edu>
  <edu id="e4" lang="en">but that has yet to be proven.</edu>
  <edu id="e4" lang="ru" trans="human"></edu>
  <adu id="a1" type="pro"/>
  <adu id="a2" type="pro"/>
  <adu id="a3" type="opp"/>
  <adu id="a4" type="pro"/>
  <edge id="c4" src="e1" trg="a1" type="seg"/>
  <edge id="c5" src="e2" trg="a2" type="seg"/>
  <edge id="c6" src="e3" trg="a3" type="seg"/>
  <edge id="c7" src="e4" trg="a4" type="seg"/>
  <edge id="c1" src="a2" trg="a1" type="sup"/>
  <edge id="c2" src="a3" trg="a1" type="reb"/>
  <edge id="c3" src="a4" trg="a3" type="reb"/>
</arggraph>
