<?xml version='1.0' encoding='UTF-8'?>
<arggraph id="micro_c130">
  <edu id="e1" lang="en">The trash needs to go somewhere.</edu>
  <edu id="e1" lang="ru" trans="human">Мусор куда-то нужно убирать.</edu>
  <edu id="e2" lang="en">The garbage needs to be dumped somewhere.</edu>
  <edu id="e2" lang="ru" trans="human">Мусор нужно куда-то выбрасывать.</edu>
  <edu id="e3" lang="en">There are places in the world without landfills, and they suck.</edu>
  <edu id="e3" lang="ru" trans="human">В мире есть места без свалок, они полный отстой.</edu>
  <edu id="e4" lang="en">Landfills are nasty and toxic, this is reasonably true.</edu>
  <edu id="e4" lang="ru" trans="human">Свалки опасны и токсичны, и это правда.</edu>
  <edu id="e5" lang="en">Where then should the trash get put? Out the window?</edu>
  <edu id="e5" lang="ru" trans="human">Но куда же тогда девать мусор? Выбрасывать через окно?</edu>
  <edu id="e6" lang="en">Landfills are necessary.</edu>
  <edu id="e6" lang="ru" trans="human">Свалки необходимы.</edu>
  <adu id="a1" type="pro"/>
  <adu id="a2" type="opp"/>
  <adu id="a3" type="pro"/>
  <adu id="a4" type="pro"/>
  <adu id="a5" type="pro"/>
  <adu id="a6" type="pro"/>
  <edge id="c6" src="e1" trg="a4" type="seg"/>
  <edge id="c7" src="e2" trg="a5" type="seg"/>
  <edge id="c8" src="e3" trg="a6" type="seg"/>
  <edge id="c9" src="e4" trg="a2" type="seg"/>
  <edge id="c10" src="e5" trg="a3" type="seg"/>
  <edge id="c11" src="e6" trg="a1" type="seg"/>
  <edge id="c1" src="a2" trg="a1" type="reb"/>
  <edge id="c2" src="a3" trg="c1" type="und"/>
  <edge id="c3" src="a4" trg="a1" type="sup"/>
  <edge id="c4" src="a5" trg="a1" type="sup"/>
  <edge id="c5" src="a6" trg="a1" type="sup"/>
</arggraph>
