<?xml version='1.0' encoding='UTF-8'?>
<arggraph id="micro_c199">
  <edu id="e1" lang="en">A larger family will create a better atmosphere for a child.</edu>
  <edu id="e1" lang="ru" trans="human"></edu>
  <edu id="e2" lang="en">They will be more outgoing, more playful,</edu>
  <edu id="e2" lang="ru" trans="human"></edu>
  <edu id="e3" lang="en">because of not being around just adults all the time.</edu>
  <edu id="e3" lang="ru" trans="human"></edu>
  <edu id="e4" lang="en">In my experience, being an only child you are more serious.</edu>
  <edu id="e4" lang="ru" trans="human"></edu>
  <edu id="e5" lang="en">On the negative, a larger family costs a whole lot more.</edu>
  <edu id="e5" lang="ru" trans="human"></edu>
  <edu id="e6" lang="en">In the long run, yes a larger family is better for children,</edu>
  <edu id="e6" lang="ru" trans="human"></edu>
  <edu id="e7" lang="en">because they will learn so much more.</edu>
  <edu id="e7" lang="ru" trans="human"></edu>
  <adu id="a1" type="pro"/>
  <adu id="a2" type="opp"/>
  <adu id="a3" type="pro"/>
  <adu id="a4" type="pro"/>
  <adu id="a5" type="pro"/>
  <adu id="a6" type="pro"/>
  <adu id="a7" type="pro"/>
  <edge id="c7" src="e1" trg="a4" type="seg"/>
  <edge id="c8" src="e2" trg="a5" type="seg"/>
  <edge id="c9" src="e3" trg="a6" type="seg"/>
  <edge id="c10" src="e4" trg="a7" type="seg"/>
  <edge id="c11" src="e5" trg="a2" type="seg"/>
  <edge id="c12" src="e6" trg="a1" type="seg"/>
  <edge id="c13" src="e7" trg="a3" type="seg"/>
  <edge id="c1" src="a2" trg="a1" type="reb"/>
  <edge id="c2" src="a3" trg="a1" type="sup"/>
  <edge id="c3" src="a4" trg="a3" type="sup"/>
  <edge id="c4" src="a5" trg="a4" type="sup"/>
  <edge id="c5" src="a6" trg="a5" type="sup"/>
  <edge id="c6" src="a7" trg="a4" type="sup"/>
</arggraph>
