<?xml version='1.0' encoding='UTF-8'?>
<arggraph id="micro_c047">
  <edu id="e1" lang="en">Driving while using cell phones is dangerous.</edu>
  <edu id="e1" lang="ru" trans="human">Пользоваться телефоном за рулем опасно.</edu>
  <edu id="e2" lang="en">Using a cell phone while driving distracts drivers from road hazards and the task at hand,</edu>
  <edu id="e2" lang="ru" trans="human">Телефон отвлекает водитетелей от поставленных задач за рулем и угроз на дороге,</edu>
  <edu id="e3" lang="en">potentially putting the driver and others on the road at risk of a serious accident.</edu>
  <edu id="e3" lang="ru" trans="human">потенциально подвергая других водителей и участников дорожного движения серьезной опасности</edu>
  <edu id="e4" lang="en">While the use of a mobile GPS can be necessary in many cases,</edu>
  <edu id="e4" lang="ru" trans="human">Хотя мобильный GPS может быть необходим во многих случаях,</edu>
  <edu id="e5" lang="en">ultimately, the cons of using cells when driving outweigh this value.</edu>
  <edu id="e5" lang="ru" trans="human">в конечном итоге, недостатков использования телефонов за рулем перевешивают это его достоинство.</edu>
  <adu id="a1" type="pro"/>
  <adu id="a2" type="pro"/>
  <adu id="a3" type="pro"/>
  <adu id="a4" type="opp"/>
  <adu id="a5" type="pro"/>
  <edge id="c5" src="e1" trg="a1" type="seg"/>
  <edge id="c6" src="e2" trg="a2" type="seg"/>
  <edge id="c7" src="e3" trg="a3" type="seg"/>
  <edge id="c8" src="e4" trg="a4" type="seg"/>
  <edge id="c9" src="e5" trg="a5" type="seg"/>
  <edge id="c1" src="a2" trg="a3" type="sup"/>
  <edge id="c2" src="a3" trg="a1" type="sup"/>
  <edge id="c3" src="a4" trg="a1" type="reb"/>
  <edge id="c4" src="a5" trg="c3" type="und"/>
</arggraph>
