<?xml version='1.0' encoding='UTF-8'?>
<arggraph id="micro_c100">
  <edu id="e1" lang="en">Although there has been a rapid increase in digital publishing,</edu>
  <edu id="e1" lang="ru" trans="human"></edu>
  <edu id="e2" lang="en">it is unlikely that paper books will become obsolete in the future.</edu>
  <edu id="e2" lang="ru" trans="human"></edu>
  <edu id="e3" lang="en">Tactility is a large part of the reading experience</edu>
  <edu id="e3" lang="ru" trans="human"></edu>
  <edu id="e4" lang="en">-- the turn of the pages,</edu>
  <edu id="e4" lang="ru" trans="human"></edu>
  <edu id="e5" lang="en">the heft of the book,</edu>
  <edu id="e5" lang="ru" trans="human"></edu>
  <edu id="e6" lang="en">even the smell of the ink.</edu>
  <edu id="e6" lang="ru" trans="human"></edu>
  <edu id="e7" lang="en">Readers, especially avid ones, are often drawn to the physical presence of literature as much as its content.</edu>
  <edu id="e7" lang="ru" trans="human"></edu>
  <adu id="a1" type="pro"/>
  <adu id="a2" type="pro"/>
  <adu id="a3" type="opp"/>
  <adu id="a4" type="pro"/>
  <adu id="a5" type="pro"/>
  <adu id="a6" type="pro"/>
  <adu id="a7" type="pro"/>
  <edge id="c7" src="e1" trg="a3" type="seg"/>
  <edge id="c8" src="e2" trg="a1" type="seg"/>
  <edge id="c9" src="e3" trg="a2" type="seg"/>
  <edge id="c10" src="e4" trg="a4" type="seg"/>
  <edge id="c11" src="e5" trg="a5" type="seg"/>
  <edge id="c12" src="e6" trg="a6" type="seg"/>
  <edge id="c13" src="e7" trg="a7" type="seg"/>
  <edge id="c1" src="a2" trg="a1" type="sup"/>
  <edge id="c2" src="a3" trg="a1" type="reb"/>
  <edge id="c3" src="a4" trg="a2" type="exa"/>
  <edge id="c4" src="a5" trg="a2" type="exa"/>
  <edge id="c5" src="a6" trg="a2" type="exa"/>
  <edge id="c6" src="a7" trg="a2" type="sup"/>
</arggraph>
