<?xml version='1.0' encoding='UTF-8'?>
<arggraph id="micro_c113">
  <edu id="e1" lang="en">Smart watches won't replace cell phones.</edu>
  <edu id="e1" lang="ru" trans="human">Умные часы не заменят мобильные телефоны.</edu>
  <edu id="e2" lang="en">I think they are a great component to pair with a smart phone.</edu>
  <edu id="e2" lang="ru" trans="human">Я думаю, что они отлично дополняют смартфон</edu>
  <edu id="e3" lang="en">But for someone like me who has really bad eye, you can't see the smaller text.</edu>
  <edu id="e3" lang="ru" trans="human">Но для кого-то вроде меня, у кого действительно плохое зрение, трудно разглядеть маленький шрифт</edu>
  <edu id="e4" lang="en">Or, for someone who is clumsy like myself and is always bumping into things, the watch is destined to break.</edu>
  <edu id="e4" lang="ru" trans="human">Или у того, кто так же неуклюж, как я, и всегда стукается обо все - часы точно сломаются.</edu>
  <adu id="a1" type="pro"/>
  <adu id="a2" type="opp"/>
  <adu id="a3" type="pro"/>
  <adu id="a4" type="pro"/>
  <edge id="c4" src="e1" trg="a1" type="seg"/>
  <edge id="c5" src="e2" trg="a2" type="seg"/>
  <edge id="c6" src="e3" trg="a3" type="seg"/>
  <edge id="c7" src="e4" trg="a4" type="seg"/>
  <edge id="c1" src="a2" trg="a1" type="reb"/>
  <edge id="c2" src="a3" trg="c1" type="und"/>
  <edge id="c3" src="a4" trg="c1" type="und"/>
</arggraph>
