<?xml version='1.0' encoding='UTF-8'?>
<arggraph id="micro_c110">
  <edu id="e1" lang="en">I do not believe smart watches will replace cell phones,</edu>
  <edu id="e1" lang="ru" trans="human">Я не верю, что умные часы заменят мобильные телефоны,</edu>
  <edu id="e2" lang="en">there is so much smart watches cannot do.</edu>
  <edu id="e2" lang="ru" trans="human">так как их не может быть слишком много.</edu>
  <edu id="e3" lang="en">The limits can have an effect on the devises compatibility with other objects.</edu>
  <edu id="e3" lang="ru" trans="human">Ограничения могут влиять на совместимость устройств с другими объектами.</edu>
  <edu id="e4" lang="en">I do not think people will give up their phones for an object that fits on their arm.</edu>
  <edu id="e4" lang="ru" trans="human">Я не думаю, что люди откажутся от своих телефонов ради предмета, который надевается им на руку.</edu>
  <adu id="a1" type="pro"/>
  <adu id="a2" type="pro"/>
  <adu id="a3" type="pro"/>
  <adu id="a4" type="pro"/>
  <edge id="c4" src="e1" trg="a1" type="seg"/>
  <edge id="c5" src="e2" trg="a2" type="seg"/>
  <edge id="c6" src="e3" trg="a3" type="seg"/>
  <edge id="c7" src="e4" trg="a4" type="seg"/>
  <edge id="c1" src="a2" trg="a1" type="sup"/>
  <edge id="c2" src="a3" trg="a1" type="sup"/>
  <edge id="c3" src="a4" trg="a1" type="sup"/>
</arggraph>
