<?xml version='1.0' encoding='UTF-8'?>
<arggraph id="micro_c060">
  <edu id="e1" lang="en">Social media has improved the lives of teenagers,</edu>
  <edu id="e1" lang="ru" trans="human">Социальные сети улучшили жизнь подростков,</edu>
  <edu id="e2" lang="en">because they have the world at their fingertips.</edu>
  <edu id="e2" lang="ru" trans="human">потому что весь мир в их руках.</edu>
  <edu id="e3" lang="en">They can use social media to gather important information from friends and families to enhance the academic abilities.</edu>
  <edu id="e3" lang="ru" trans="human">Они могут использовать социальные сети для получения важной информации от друзей и родственников, чтобы повысить свои академические способности.</edu>
  <edu id="e4" lang="en">Teenagers have the opportunity to engage with teachers, professors and leaders to gain great knowledge for their academic studies.</edu>
  <edu id="e4" lang="ru" trans="human">Подростки имеют возможность пообщаться с преподавателями, профессорами и руководителями, чтобы получить отличные знания для учебы.</edu>
  <adu id="a1" type="pro"/>
  <adu id="a2" type="pro"/>
  <adu id="a3" type="pro"/>
  <adu id="a4" type="pro"/>
  <edge id="c4" src="e1" trg="a1" type="seg"/>
  <edge id="c5" src="e2" trg="a2" type="seg"/>
  <edge id="c6" src="e3" trg="a3" type="seg"/>
  <edge id="c7" src="e4" trg="a4" type="seg"/>
  <edge id="c1" src="a2" trg="a1" type="sup"/>
  <edge id="c2" src="a3" trg="a2" type="sup"/>
  <edge id="c3" src="a4" trg="a2" type="sup"/>
</arggraph>
