<?xml version='1.0' encoding='UTF-8'?>
<arggraph id="micro_c053">
  <edu id="e1" lang="en">Recycling lessens the likelihood of wildlife death related to littering.</edu>
  <edu id="e1" lang="ru" trans="human">Переработка мусора уменьшает вероятность смерти диких животных, связанной с мусором.</edu>
  <edu id="e2" lang="en">People are more likely to recycle if there is monetary value involved.</edu>
  <edu id="e2" lang="ru" trans="human">Люди с большей вероятностью будут перерабатывать мусор, если это связано с денежными вопросами.</edu>
  <edu id="e3" lang="en">Also, if one state adopts a deposit on soft drink bottles and cans in order to promote recycling then all of the states should adopt this deposit.</edu>
  <edu id="e3" lang="ru" trans="human">Кроме того, если какой-либо штат принимает бутылки и банки в целях содействия утилизации, то все штаты должны принимать бутылки.</edu>
  <edu id="e4" lang="en">However, one would question if people will drive around wasting gas to get to the recycling center.</edu>
  <edu id="e4" lang="ru" trans="human">Однако, есть сомнения, будут ли люди тратить время и бензин на то, чтобы добраться до центра переработки?</edu>
  <edu id="e5" lang="en">The idea of saving wildlife and gaining money from the recycling products would be expected to outweigh the negative aspect of having to use gas actually recycle.</edu>
  <edu id="e5" lang="ru" trans="human">Предполагается, что идея о защите дикой природы и получения денег за переработку мусора все-таки возьмет верх над нежеланием тратить деньги на топливо, чтобы добраться до центра переработки.</edu>
  <edu id="e6" implicit="true" lang="en">All states should adopt a deposit on soft dring bottles and cans in order to promote recycling.</edu>
  <edu id="e6" lang="ru" trans="human">Чтобы стимулировать переработку мусора гражданами, все штаты должны начать принимать на переработку бутылок и жестяных банок.</edu>
  <adu id="a1" type="pro"/>
  <adu id="a2" type="pro"/>
  <adu id="a3" type="pro"/>
  <adu id="a4" type="opp"/>
  <adu id="a5" type="pro"/>
  <adu id="a6" type="pro"/>
  <edge id="c6" src="e1" trg="a1" type="seg"/>
  <edge id="c7" src="e2" trg="a2" type="seg"/>
  <edge id="c8" src="e3" trg="a3" type="seg"/>
  <edge id="c9" src="e4" trg="a4" type="seg"/>
  <edge id="c10" src="e5" trg="a5" type="seg"/>
  <edge id="c11" src="e6" trg="a6" type="seg"/>
  <edge id="c1" src="a1" trg="a6" type="sup"/>
  <edge id="c2" src="a2" trg="a6" type="sup"/>
  <edge id="c3" src="a3" trg="a6" type="sup"/>
  <edge id="c4" src="a4" trg="a6" type="reb"/>
  <edge id="c5" src="a5" trg="c4" type="und"/>
</arggraph>
