<?xml version='1.0' encoding='UTF-8'?>
<arggraph id="micro_c037">
  <edu id="e1" lang="en">I do not believe movies have any effect on relationships.</edu>
  <edu id="e1" lang="ru" trans="human">Я не верю, что фильмы как-то влияют на отношения.</edu>
  <edu id="e2" lang="en">If one blamed a movie for their relationship problems, they are in denial about issues that are already there.</edu>
  <edu id="e2" lang="ru" trans="human">Если кто-то винит фильм в том, что у него появились проблемы в собственных отношениях, он просто отрицает трудности, которые и так у него имелись.</edu>
  <edu id="e3" lang="en">Movies are an escape</edu>
  <edu id="e3" lang="ru" trans="human">Фильмы – это возможность сбежать,</edu>
  <edu id="e4" lang="en">and most people know things are sugar coated and not like real life in most cases.</edu>
  <edu id="e4" lang="ru" trans="human">и большинство людей знают, что они показывают жизнь в красивой обёртке, они не соответствуют реальной жизни в большинстве случаев.</edu>
  <adu id="a1" type="pro"/>
  <adu id="a2" type="pro"/>
  <adu id="a3" type="pro"/>
  <adu id="a4" type="pro"/>
  <edge id="c4" src="e1" trg="a1" type="seg"/>
  <edge id="c5" src="e2" trg="a2" type="seg"/>
  <edge id="c6" src="e3" trg="a3" type="seg"/>
  <edge id="c7" src="e4" trg="a4" type="seg"/>
  <edge id="c1" src="a2" trg="a1" type="sup"/>
  <edge id="c2" src="a3" trg="a1" type="sup"/>
  <edge id="c3" src="a4" trg="c2" type="add"/>
</arggraph>
