<?xml version='1.0' encoding='UTF-8'?>
<arggraph id="micro_c068">
  <edu id="e1" lang="en">I think that supermarkets should charge a small amount for plastic bags.</edu>
  <edu id="e1" lang="ru" trans="human">Я считаю, что супермаркеты должны взимать небольшую сумму за пластиковые пакеты.</edu>
  <edu id="e2" lang="en">This charge could help people remember and consider the idea of using 'free' reusable bags.</edu>
  <edu id="e2" lang="ru" trans="human">Эта сумма может помочь людям вспомнить и поразмышлять над идеей использования «бесплатных» многоразовых сумок.</edu>
  <edu id="e3" lang="en">But also, the fee for the plastic bags could go towards the cost of recycling the bags.</edu>
  <edu id="e3" lang="ru" trans="human">Кроме того, плата за пластиковые пакеты может пойти на расходы по переработке пакетов.</edu>
  <edu id="e4" lang="en">They could add a program for collecting clean used bags.</edu>
  <edu id="e4" lang="ru" trans="human">Они могли бы добавить программу для сбора чистых использованных сумок.</edu>
  <edu id="e5" lang="en">But if the fee was small, it wouldn't be too bad for those who forgot their reusable bags, or have their reasons for using plastic each time.</edu>
  <edu id="e5" lang="ru" trans="human">Но если бы плата была небольшой, это было бы не так уж плохо для тех, кто забыл свои многоразовые сумки или у них есть причины каждый раз использовать пластик.</edu>
  <adu id="a1" type="pro"/>
  <adu id="a2" type="pro"/>
  <adu id="a3" type="pro"/>
  <adu id="a4" type="pro"/>
  <adu id="a5" type="pro"/>
  <edge id="c5" src="e1" trg="a1" type="seg"/>
  <edge id="c6" src="e2" trg="a2" type="seg"/>
  <edge id="c7" src="e3" trg="a3" type="seg"/>
  <edge id="c8" src="e4" trg="a5" type="seg"/>
  <edge id="c9" src="e5" trg="a4" type="seg"/>
  <edge id="c1" src="a2" trg="a1" type="sup"/>
  <edge id="c2" src="a3" trg="a1" type="sup"/>
  <edge id="c3" src="a4" trg="a1" type="sup"/>
  <edge id="c4" src="a5" trg="a3" type="sup"/>
</arggraph>
