<?xml version='1.0' encoding='UTF-8'?>
<arggraph id="micro_c090">
  <edu id="e1" lang="en">Video games can definitely be used as a positive tool in schools to help teachers teach.</edu>
  <edu id="e1" lang="ru" trans="human">Видео игры можно вне всякого сомнения использовать как эффективный инструмент в школах, чтобы помогать учителям обучать детей.</edu>
  <edu id="e2" lang="en">It gives students something they enjoy mixed with something they can learn.</edu>
  <edu id="e2" lang="ru" trans="human">Дети могут одновременно и учиться, и развлекаться.</edu>
  <edu id="e3" lang="en">Old fashioned learning is great</edu>
  <edu id="e3" lang="ru" trans="human">Традиционные методы обучения – это великолепно,</edu>
  <edu id="e4" lang="en">but kids sometimes tire of that quickly, and they need something to hold their attention.</edu>
  <edu id="e4" lang="ru" trans="human">но дети иногда быстро устают и им нужно что-то, чтобы удерживать их внимание.</edu>
  <adu id="a1" type="pro"/>
  <adu id="a2" type="pro"/>
  <adu id="a3" type="opp"/>
  <adu id="a4" type="pro"/>
  <edge id="c4" src="e1" trg="a1" type="seg"/>
  <edge id="c5" src="e2" trg="a2" type="seg"/>
  <edge id="c6" src="e3" trg="a3" type="seg"/>
  <edge id="c7" src="e4" trg="a4" type="seg"/>
  <edge id="c1" src="a2" trg="a1" type="sup"/>
  <edge id="c2" src="a3" trg="a1" type="reb"/>
  <edge id="c3" src="a4" trg="c2" type="und"/>
</arggraph>
