<?xml version='1.0' encoding='UTF-8'?>
<arggraph id="micro_c035">
  <edu id="e1" lang="en">Fracking has uncovered cheap natural gas.</edu>
  <edu id="e1" lang="ru" trans="human">Методом фрекинга обнаружили дешевый природный газ.</edu>
  <edu id="e2" lang="en">The aggregate savings to the American household are then passed on to the economy in the way of spending.</edu>
  <edu id="e2" lang="ru" trans="human">Совокупные сбережения американской семьи затем передаются экономике в виде расходов.</edu>
  <edu id="e3" lang="en">Also, the coal industry has imploded as a consequence which is more of a pollutant than natural gas.</edu>
  <edu id="e3" lang="ru" trans="human">Кроме того, оказалось, что угольная отрасль является более загрязняющей, чем природный газ.</edu>
  <edu id="e4" lang="en">The potential contamination damage caused by the fracking process is outweighed by the reduction of energy costs to the American household.</edu>
  <edu id="e4" lang="ru" trans="human">Потенциальный ущерб от загрязнения, вызванный процессом фрекинга, перевешивается снижением затрат на электроэнергию для американской семьи.</edu>
  <edu id="e5" implicit="true" lang="en">Yes, we need fracking despite its risks.</edu>
  <edu id="e5" lang="ru" trans="human">Да, нам нужен фрекинг, несмотря на его риски.</edu>
  <adu id="a1" type="pro"/>
  <adu id="a2" type="pro"/>
  <adu id="a3" type="pro"/>
  <adu id="a4" type="pro"/>
  <adu id="a5" type="pro"/>
  <edge id="c5" src="e1" trg="a3" type="seg"/>
  <edge id="c6" src="e2" trg="a4" type="seg"/>
  <edge id="c7" src="e3" trg="a5" type="seg"/>
  <edge id="c8" src="e4" trg="a2" type="seg"/>
  <edge id="c9" src="e5" trg="a1" type="seg"/>
  <edge id="c1" src="a2" trg="a1" type="sup"/>
  <edge id="c2" src="a3" trg="a2" type="sup"/>
  <edge id="c3" src="a4" trg="c2" type="add"/>
  <edge id="c4" src="a5" trg="c2" type="add"/>
</arggraph>
