<?xml version='1.0' encoding='UTF-8'?>
<arggraph id="micro_c029">
  <edu id="e1" lang="en">There should be no upper or lower limit on how long people date before becoming engaged.</edu>
  <edu id="e1" lang="ru" trans="human">Не должно быть верхнего или нижнего предела того, как долго люди встречаются, прежде чем они решают пожениться.</edu>
  <edu id="e2" lang="en">Everyone has their own circumstances.</edu>
  <edu id="e2" lang="ru" trans="human">У каждого свои обстоятельства.</edu>
  <edu id="e3" lang="en">Some people may be more comfortable with extended dating.</edu>
  <edu id="e3" lang="ru" trans="human">Некоторым людям удобнее встречаться дольше.</edu>
  <edu id="e4" lang="en">Others may prefer the custom of arranged marriages, where no dating takes place.</edu>
  <edu id="e4" lang="ru" trans="human">Другие предпочитают обычай заключать брак по договорённости без свиданий вообще.</edu>
  <edu id="e5" lang="en">Therefore there's no simple hard and fast rule that suffices for this question.</edu>
  <edu id="e5" lang="ru" trans="human">Поэтому для решения этого вопроса не существует каких-либо твердых и безоговорочных правил.</edu>
  <adu id="a1" type="pro"/>
  <adu id="a2" type="pro"/>
  <adu id="a3" type="pro"/>
  <adu id="a4" type="pro"/>
  <edge id="c4" src="e1" trg="a1" type="seg"/>
  <edge id="c5" src="e2" trg="a2" type="seg"/>
  <edge id="c6" src="e3" trg="a3" type="seg"/>
  <edge id="c7" src="e4" trg="a4" type="seg"/>
  <edge id="c8" src="e5" trg="a1" type="seg"/>
  <edge id="c1" src="a2" trg="a1" type="sup"/>
  <edge id="c2" src="a3" trg="a2" type="sup"/>
  <edge id="c3" src="a4" trg="c2" type="add"/>
</arggraph>
