<?xml version='1.0' encoding='UTF-8'?>
<arggraph id="micro_c181">
  <edu id="e1" lang="en">While being an only child does have a few advantages, such as only children tend to get more attention from their parents.</edu>
  <edu id="e1" lang="ru" trans="human">Хотя преимуществ быть единственным ребенком в семье совсем немного, например, такие дети, как правило, получают больше внимания от своих родителей.</edu>
  <edu id="e2" lang="en">Children with siblings are happier as they always have someone to go to for help, or someone to play with.</edu>
  <edu id="e2" lang="ru" trans="human">Дети, у которых есть братья и сестры счастливее, потому что у них всегда есть к кому обратиться за помощью или с кем поиграть.</edu>
  <edu id="e3" lang="en">While children with siblings might get less attention from their parents,</edu>
  <edu id="e3" lang="ru" trans="human">Хотя дети, у которых есть братья и сестры, могут получать меньше внимания от своих родителей,</edu>
  <edu id="e4" lang="en">they get attention from more people.</edu>
  <edu id="e4" lang="ru" trans="human">Им необходимо внимание большего количества людей.</edu>
  <edu id="e5" lang="en">They have more people to love and trust.</edu>
  <edu id="e5" lang="ru" trans="human">У них есть больше людей, которых можно любить и которым можно доверять.</edu>
  <edu id="e6" implicit="true" lang="en">It is not good to be an only child.</edu>
  <edu id="e6" lang="ru" trans="human">Нехорошо быть единственным ребенком в семье.</edu>
  <adu id="a1" type="pro"/>
  <adu id="a2" type="pro"/>
  <adu id="a3" type="opp"/>
  <adu id="a4" type="pro"/>
  <adu id="a5" type="pro"/>
  <edge id="c5" src="e1" trg="a3" type="seg"/>
  <edge id="c6" src="e2" trg="a2" type="seg"/>
  <edge id="c7" src="e3" trg="a3" type="seg"/>
  <edge id="c8" src="e4" trg="a4" type="seg"/>
  <edge id="c9" src="e5" trg="a5" type="seg"/>
  <edge id="c10" src="e6" trg="a1" type="seg"/>
  <edge id="c1" src="a2" trg="a1" type="sup"/>
  <edge id="c2" src="a3" trg="a1" type="reb"/>
  <edge id="c3" src="a4" trg="c2" type="und"/>
  <edge id="c4" src="a5" trg="a1" type="sup"/>
</arggraph>
