<?xml version='1.0' encoding='UTF-8'?>
<arggraph id="micro_c139">
  <edu id="e1" lang="en">I do not believe that government regulation would make a difference.</edu>
  <edu id="e1" lang="ru" trans="human">Я не верю, что государственное регулирование в силах что-то изменить.</edu>
  <edu id="e2" lang="en">Funding an industry does not guarantee success.</edu>
  <edu id="e2" lang="ru" trans="human">Финансирование промышленной отрасли не гарантирует достижения успеха.</edu>
  <edu id="e3" lang="en">If the industry is self sustainable and profitable, they would eventually be able to stand on their own.</edu>
  <edu id="e3" lang="ru" trans="human">Если предприятие является стабильным и высокодоходным,  то оно в конце концов самостоятельно сможет крепко встать на ноги.</edu>
  <edu id="e4" lang="en">If not, than the government is putting money into keeping something alive that is not a viable option otherwise.</edu>
  <edu id="e4" lang="ru" trans="human">Если нет, то правительство впустую вкладывает деньги в поддержании предприятия на плаву, что в не является приемлемым вариантом.</edu>
  <edu id="e5" lang="en">In conclusion, government aid would not be a factor in the wind industry spreading faster.</edu>
  <edu id="e5" lang="ru" trans="human">В заключение, государственная помощь не является причиной быстрого распространения ветроэнергетики.</edu>
  <adu id="a1" type="pro"/>
  <adu id="a2" type="pro"/>
  <adu id="a3" type="pro"/>
  <adu id="a4" type="pro"/>
  <edge id="c4" src="e1" trg="a4" type="seg"/>
  <edge id="c5" src="e2" trg="a1" type="seg"/>
  <edge id="c6" src="e3" trg="a2" type="seg"/>
  <edge id="c7" src="e4" trg="a3" type="seg"/>
  <edge id="c8" src="e5" trg="a4" type="seg"/>
  <edge id="c1" src="a1" trg="a4" type="sup"/>
  <edge id="c2" src="a2" trg="a1" type="sup"/>
  <edge id="c3" src="a3" trg="c2" type="add"/>
</arggraph>
