<?xml version='1.0' encoding='UTF-8'?>
<arggraph id="micro_c183">
  <edu id="e1" lang="en">Spending time together as a family engaged in sports together is a good thing.</edu>
  <edu id="e1" lang="ru" trans="human">Хорошо проводить время вместе всей семьей, занимаясь спортом.</edu>
  <edu id="e2" lang="en">It increases a sense of family togetherness,</edu>
  <edu id="e2" lang="ru" trans="human">Это увеличивает чувство единения семьи,</edu>
  <edu id="e3" lang="en">gets people outside and into the fresh air and sunshine,</edu>
  <edu id="e3" lang="ru" trans="human">люди выходят на улицу, на свежий воздух и солнце,</edu>
  <edu id="e4" lang="en">and gets the heart rate going.</edu>
  <edu id="e4" lang="ru" trans="human">учащается пульс.</edu>
  <edu id="e5" lang="en">This in turn helps to keep weight at a healthy level, and increases longevity.</edu>
  <edu id="e5" lang="ru" trans="human">Это, в свою очередь, помогает поддерживать вес на здоровом уровне и увеличивает продолжительность жизни.</edu>
  <edu id="e6" lang="en">One might argue that it's dangerous for some people to engage in strenuous activity.</edu>
  <edu id="e6" lang="ru" trans="human">Можно возразить, что некоторым людям опасно заниматься слишком энергичными занятиями.</edu>
  <edu id="e7" lang="en">However, many sports can be ""toned down"" for novices or those who are just starting out,</edu>
  <edu id="e7" lang="ru" trans="human">Однако, многие виды спорта могут быть «смягчены» для новичков или тех, кто только начинает,</edu>
  <edu id="e8" lang="en">and with the permission of your doctor, sports are always a good thing.</edu>
  <edu id="e8" lang="ru" trans="human">и с разрешения вашего врача спорт всегда полезен для вашего здоровья.</edu>
  <adu id="a1" type="pro"/>
  <adu id="a2" type="pro"/>
  <adu id="a3" type="pro"/>
  <adu id="a4" type="pro"/>
  <adu id="a5" type="pro"/>
  <adu id="a6" type="opp"/>
  <adu id="a7" type="pro"/>
  <adu id="a8" type="pro"/>
  <edge id="c8" src="e1" trg="a1" type="seg"/>
  <edge id="c9" src="e2" trg="a2" type="seg"/>
  <edge id="c10" src="e3" trg="a3" type="seg"/>
  <edge id="c11" src="e4" trg="a4" type="seg"/>
  <edge id="c12" src="e5" trg="a5" type="seg"/>
  <edge id="c13" src="e6" trg="a6" type="seg"/>
  <edge id="c14" src="e7" trg="a7" type="seg"/>
  <edge id="c15" src="e8" trg="a8" type="seg"/>
  <edge id="c1" src="a2" trg="a1" type="sup"/>
  <edge id="c2" src="a3" trg="a1" type="sup"/>
  <edge id="c3" src="a4" trg="a1" type="sup"/>
  <edge id="c4" src="a5" trg="c3" type="add"/>
  <edge id="c5" src="a6" trg="c3" type="und"/>
  <edge id="c6" src="a7" trg="a6" type="reb"/>
  <edge id="c7" src="a8" trg="a6" type="reb"/>
</arggraph>
