<?xml version='1.0' encoding='UTF-8'?>
<arggraph id="micro_c010">
  <edu id="e1" lang="en">Older parents may make better parents.</edu>
  <edu id="e1" lang="ru" trans="human"></edu>
  <edu id="e2" lang="en">They may be more financially secure.</edu>
  <edu id="e2" lang="ru" trans="human"></edu>
  <edu id="e3" lang="en">They may have more patience</edu>
  <edu id="e3" lang="ru" trans="human"></edu>
  <edu id="e4" lang="en">and be in a more secure relationship.</edu>
  <edu id="e4" lang="ru" trans="human"></edu>
  <edu id="e5" lang="en">One problem is they may not be as able to keep up with their kids or not be able to do as much fun stuff with them.</edu>
  <edu id="e5" lang="ru" trans="human"></edu>
  <edu id="e6" lang="en">But they can provide a more stable home.</edu>
  <edu id="e6" lang="ru" trans="human"></edu>
  <edu id="e7" lang="en">They will be more able to make sure their kids have everything they need.</edu>
  <edu id="e7" lang="ru" trans="human"></edu>
  <adu id="a1" type="pro"/>
  <adu id="a2" type="pro"/>
  <adu id="a3" type="pro"/>
  <adu id="a4" type="pro"/>
  <adu id="a5" type="pro"/>
  <adu id="a6" type="opp"/>
  <adu id="a7" type="pro"/>
  <edge id="c7" src="e1" trg="a1" type="seg"/>
  <edge id="c8" src="e2" trg="a3" type="seg"/>
  <edge id="c9" src="e3" trg="a4" type="seg"/>
  <edge id="c10" src="e4" trg="a5" type="seg"/>
  <edge id="c11" src="e5" trg="a6" type="seg"/>
  <edge id="c12" src="e6" trg="a7" type="seg"/>
  <edge id="c13" src="e7" trg="a2" type="seg"/>
  <edge id="c1" src="a2" trg="a1" type="sup"/>
  <edge id="c2" src="a3" trg="a2" type="sup"/>
  <edge id="c3" src="a4" trg="c2" type="add"/>
  <edge id="c4" src="a5" trg="c2" type="add"/>
  <edge id="c5" src="a6" trg="a1" type="reb"/>
  <edge id="c6" src="a7" trg="c5" type="und"/>
</arggraph>
