<?xml version='1.0' encoding='UTF-8'?>
<arggraph id="micro_c079">
  <edu id="e1" lang="en">Violent games cause people to react in an uncertain manner.</edu>
  <edu id="e1" lang="ru" trans="human">Видеоигры с элементами жестокости заставляют людей реагировать непредсказуемо.</edu>
  <edu id="e2" lang="en">It causes a type of stimulation that can trigger a violent reaction.</edu>
  <edu id="e2" lang="ru" trans="human">Это вызывает тип стимуляции, который может вызвать агрессивную реакцию.</edu>
  <edu id="e3" lang="en">For example, there is a certain area in the brain that can malfunction and cause adverse reactions.</edu>
  <edu id="e3" lang="ru" trans="human">Например, в мозге есть определенная область, которая может давать сбои и вызывать отрицательные реакции.</edu>
  <edu id="e4" lang="en">Thus, if an individual constantly plays violent video game this may trigger an improper reaction.</edu>
  <edu id="e4" lang="ru" trans="human">Таким образом, если человек постоянно играет в видеоигру с элементами жестокости, это может вызвать неправильную реакцию.</edu>
  <edu id="e5" lang="en">Additionally, some people may not fully grasp the impact that the violent games are doing to their psychological well-being.</edu>
  <edu id="e5" lang="ru" trans="human">Кроме того, некоторые люди могут не до конца понимать, какое влияние оказывают игры с элементами жестокости на их психологическое состояние.</edu>
  <adu id="a1" type="pro"/>
  <adu id="a2" type="pro"/>
  <adu id="a3" type="pro"/>
  <adu id="a4" type="pro"/>
  <adu id="a5" type="pro"/>
  <edge id="c5" src="e1" trg="a2" type="seg"/>
  <edge id="c6" src="e2" trg="a3" type="seg"/>
  <edge id="c7" src="e3" trg="a4" type="seg"/>
  <edge id="c8" src="e4" trg="a1" type="seg"/>
  <edge id="c9" src="e5" trg="a5" type="seg"/>
  <edge id="c1" src="a2" trg="a1" type="sup"/>
  <edge id="c2" src="a3" trg="a2" type="sup"/>
  <edge id="c3" src="a4" trg="a3" type="exa"/>
  <edge id="c4" src="a5" trg="a1" type="sup"/>
</arggraph>
