<?xml version='1.0' encoding='UTF-8'?>
<arggraph id="micro_c075">
  <edu id="e1" lang="en">Violent video games do not cause people to act out violently.</edu>
  <edu id="e1" lang="ru" trans="human">Жестокие видеоигры не заставляют людей действовать грубо.</edu>
  <edu id="e2" lang="en">There are those that say that violence in video games exposes children to hurting people which could cause them to act those things out in reality.</edu>
  <edu id="e2" lang="ru" trans="human">Есть те, кто говорит, что насилие в видеоиграх подталкивает детей к причинению вреда другим людям, что может заставить их так вести себя и в реальности.</edu>
  <edu id="e3" lang="en">I disagree.</edu>
  <edu id="e3" lang="ru" trans="human">Я не согласен.</edu>
  <edu id="e4" lang="en">In fact, I believe the evidence shows that the opposite is the case.</edu>
  <edu id="e4" lang="ru" trans="human">На самом деле, я считаю, что есть доказательства показывающие совершенно обратное.</edu>
  <edu id="e5" lang="en">Children, especially young boys who have an outlet for the expression that involves simulated events and not real ones helps them to learn about and work through important themes like violence.</edu>
  <edu id="e5" lang="ru" trans="human">Дети, особенно мальчики, у которых есть некий способ самовыражения, который включает в себя смоделированные, а не реальные события. Это помогает им узнать и самим пройти через такие важные темы, как насилие.</edu>
  <edu id="e6" lang="en">If there was not a medium for children to act out these situations in harmless ways they might experiment in reality.</edu>
  <edu id="e6" lang="ru" trans="human">Если бы для детей не было возможности разыграть эти ситуации безобидным образом, они могли бы экспериментировать в реальности.</edu>
  <edu id="e7" lang="en">This would have even more disastrous consequences than a few hours gaming.</edu>
  <edu id="e7" lang="ru" trans="human">Это приведет к еще более катастрофическим последствиям, чем несколько часов игры.</edu>
  <adu id="a1" type="pro"/>
  <adu id="a2" type="opp"/>
  <adu id="a3" type="pro"/>
  <adu id="a4" type="pro"/>
  <adu id="a5" type="pro"/>
  <adu id="a6" type="pro"/>
  <adu id="a7" type="pro"/>
  <edge id="c7" src="e1" trg="a1" type="seg"/>
  <edge id="c8" src="e2" trg="a2" type="seg"/>
  <edge id="c9" src="e3" trg="a3" type="seg"/>
  <edge id="c10" src="e4" trg="a4" type="seg"/>
  <edge id="c11" src="e5" trg="a5" type="seg"/>
  <edge id="c12" src="e6" trg="a6" type="seg"/>
  <edge id="c13" src="e7" trg="a7" type="seg"/>
  <edge id="c1" src="a2" trg="a1" type="reb"/>
  <edge id="c2" src="a3" trg="a2" type="reb"/>
  <edge id="c3" src="a4" trg="a3" type="sup"/>
  <edge id="c4" src="a5" trg="a4" type="sup"/>
  <edge id="c5" src="a6" trg="a5" type="sup"/>
  <edge id="c6" src="a7" trg="c5" type="add"/>
</arggraph>
