<?xml version='1.0' encoding='UTF-8'?>
<arggraph id="micro_c127">
  <edu id="e1" lang="en">There is no solution to the nuclear waste problem.</edu>
  <edu id="e1" lang="ru" trans="human">Нет решения проблемы атомных отходов. </edu>
  <edu id="e2" lang="en">It takes thousands of years to dilute nuclear waste to a level considered safe.</edu>
  <edu id="e2" lang="ru" trans="human">Чтобы разложить атомные отходы до уровня, считающегося безопасным, требуются тысячи лет. </edu>
  <edu id="e3" lang="en">Managing nuclear waste poses a huge risk to people and the environment.</edu>
  <edu id="e3" lang="ru" trans="human">Атомные отходы создают огромный риск для людей и окружающей среды.</edu>
  <edu id="e4" lang="en">The risk of contamination by far outweighs any economical advantage that creates nuclear waste.</edu>
  <edu id="e4" lang="ru" trans="human">Риск загрязнения намного перевешивает любые экономические преимущества, которые создают атомные отходы. </edu>
  <edu id="e5" lang="en">However, experts have in fact developed the necessary technologies, which mostly are being used today to ensure that the environment and the public are protected.</edu>
  <edu id="e5" lang="ru" trans="human">Тем не менее, эксперты фактически разработали необходимые технологии, которые в основном используются уже сегодня для обеспечения защиты окружающей среды и населения. </edu>
  <edu id="e6" lang="en">If nuclear waste were to get in the wrong hands, (ex. terrorist) the results could be catastrophic.</edu>
  <edu id="e6" lang="ru" trans="human">Если атомные отходы попадут не в те руки (например, террористов), результаты могут быть катастрофическими.</edu>
  <edu id="e7" lang="en">Thus, the risk involved handling nuclear waste responsibly is far to great for people and the planet.</edu>
  <edu id="e7" lang="ru" trans="human">Таким образом, риск ответственного обращения с атомными отходами весьма велик для людей и планеты.</edu>
  <adu id="a1" type="pro"/>
  <adu id="a2" type="pro"/>
  <adu id="a3" type="pro"/>
  <adu id="a4" type="pro"/>
  <adu id="a5" type="pro"/>
  <adu id="a6" type="opp"/>
  <edge id="c6" src="e1" trg="a1" type="seg"/>
  <edge id="c7" src="e2" trg="a2" type="seg"/>
  <edge id="c8" src="e3" trg="a3" type="seg"/>
  <edge id="c9" src="e4" trg="a4" type="seg"/>
  <edge id="c10" src="e5" trg="a6" type="seg"/>
  <edge id="c11" src="e6" trg="a5" type="seg"/>
  <edge id="c12" src="e7" trg="a1" type="seg"/>
  <edge id="c1" src="a2" trg="a4" type="sup"/>
  <edge id="c2" src="a3" trg="a4" type="sup"/>
  <edge id="c3" src="a4" trg="a1" type="sup"/>
  <edge id="c4" src="a5" trg="a1" type="sup"/>
  <edge id="c5" src="a6" trg="a1" type="reb"/>
</arggraph>
