<?xml version='1.0' encoding='UTF-8'?>
<arggraph id="micro_c190">
  <edu id="e1" lang="en">Video games are the enemy of quality family time.</edu>
  <edu id="e1" lang="ru" trans="human">Видеоигры - враг семейного времяпрепровождения.</edu>
  <edu id="e2" lang="en">There are few times in the average family were they can interact with each other on a close level without any interruptions.</edu>
  <edu id="e2" lang="ru" trans="human">Среднестатистическая семья может тесно взаимодействовать друг с другом без каких-либо перерывов всего лишь несколько раз.</edu>
  <edu id="e3" lang="en">Video games can become addictive and time consuming.</edu>
  <edu id="e3" lang="ru" trans="human">Видеоигры могут вызывать привыкание и занимать много времени.</edu>
  <edu id="e4" lang="en">On the other hand, they can also teach meaningful skills to the users.</edu>
  <edu id="e4" lang="ru" trans="human">С другой стороны, они также могут обучать пользователей важным навыкам.</edu>
  <edu id="e5" lang="en">The time playing video games should be limited by parents or caregivers.</edu>
  <edu id="e5" lang="ru" trans="human">Родителям следует ограничивать время, отведенное для видеоигр.</edu>
  <adu id="a1" type="pro"/>
  <adu id="a2" type="pro"/>
  <adu id="a3" type="opp"/>
  <adu id="a4" type="pro"/>
  <adu id="a5" type="pro"/>
  <edge id="c5" src="e1" trg="a5" type="seg"/>
  <edge id="c6" src="e2" trg="a1" type="seg"/>
  <edge id="c7" src="e3" trg="a2" type="seg"/>
  <edge id="c8" src="e4" trg="a3" type="seg"/>
  <edge id="c9" src="e5" trg="a4" type="seg"/>
  <edge id="c1" src="a1" trg="a5" type="sup"/>
  <edge id="c2" src="a2" trg="a4" type="sup"/>
  <edge id="c3" src="a3" trg="a4" type="reb"/>
  <edge id="c4" src="a5" trg="a4" type="sup"/>
</arggraph>
