<?xml version='1.0' encoding='UTF-8'?>
<arggraph id="micro_c058">
  <edu id="e1" lang="en">A deposit on soft drink bottles is a really good idea,</edu>
  <edu id="e1" lang="ru" trans="human"></edu>
  <edu id="e2" lang="en">it would help the environment</edu>
  <edu id="e2" lang="ru" trans="human"></edu>
  <edu id="e3" lang="en">and clean up the roads.</edu>
  <edu id="e3" lang="ru" trans="human"></edu>
  <edu id="e4" lang="en">The areas of green space are littered with cans.</edu>
  <edu id="e4" lang="ru" trans="human"></edu>
  <edu id="e5" lang="en">The items you can make from recycling are good for the environment</edu>
  <edu id="e5" lang="ru" trans="human"></edu>
  <adu id="a1" type="pro"/>
  <adu id="a2" type="pro"/>
  <adu id="a3" type="pro"/>
  <adu id="a4" type="pro"/>
  <adu id="a5" type="pro"/>
  <edge id="c5" src="e1" trg="a1" type="seg"/>
  <edge id="c6" src="e2" trg="a2" type="seg"/>
  <edge id="c7" src="e3" trg="a3" type="seg"/>
  <edge id="c8" src="e4" trg="a4" type="seg"/>
  <edge id="c9" src="e5" trg="a5" type="seg"/>
  <edge id="c1" src="a2" trg="a1" type="sup"/>
  <edge id="c2" src="a3" trg="a1" type="sup"/>
  <edge id="c3" src="a4" trg="a3" type="sup"/>
  <edge id="c4" src="a5" trg="a1" type="sup"/>
</arggraph>
