<?xml version='1.0' encoding='UTF-8'?>
<arggraph id="micro_c142">
  <edu id="e1" lang="en">The government can regulate electric companies so that they have to incorporate more wind energy into their plans. By forcing them to use wind energy this will indeed speed it up.</edu>
  <edu id="e1" lang="ru" trans="human">Правительство может регулировать деятельность электрических компаний, с тем, чтобы они внедрялии в свои проекты больше энергии ветра. Если заставлять их использовать энергию ветра, то это действительно ускорит ее распространение.</edu>
  <edu id="e2" lang="en">Also as more and more customers are offered it in their utility plans and thus, there will be an increase in demand for it which will speed it up also.</edu>
  <edu id="e2" lang="ru" trans="human">Так как её все больше и больше предлагают клиентам в проектах коммунальных программ, то спрос на нее увеличится и тем самым ускорит ее распространение.</edu>
  <edu id="e3" lang="en">There are those that say that government regulation always comes with too much red tape and inevitably slows progress.</edu>
  <edu id="e3" lang="ru" trans="human">Есть те, кто говорит, что государственное регулирование всегда сопровождается излишним бюрократической волокитой и неизбежно замедляет прогресс.</edu>
  <edu id="e4" lang="en">In the case of wind energy, even with red tape regulation can only speed up the spread.</edu>
  <edu id="e4" lang="ru" trans="human">В случае ветроэенергетики  даже при бюрократическом регулировании можно ускорить распространение.</edu>
  <edu id="e5" lang="en">Without regulation companies will not use it.</edu>
  <edu id="e5" lang="ru" trans="human">Без этого регулирования компании не будут ее использовать.</edu>
  <adu id="a1" type="pro"/>
  <adu id="a2" type="pro"/>
  <adu id="a3" type="opp"/>
  <adu id="a4" type="pro"/>
  <adu id="a5" type="pro"/>
  <edge id="c5" src="e1" trg="a1" type="seg"/>
  <edge id="c6" src="e2" trg="a2" type="seg"/>
  <edge id="c7" src="e3" trg="a3" type="seg"/>
  <edge id="c8" src="e4" trg="a4" type="seg"/>
  <edge id="c9" src="e5" trg="a5" type="seg"/>
  <edge id="c1" src="a2" trg="a1" type="sup"/>
  <edge id="c2" src="a3" trg="a1" type="reb"/>
  <edge id="c3" src="a4" trg="a3" type="reb"/>
  <edge id="c4" src="a5" trg="a4" type="sup"/>
</arggraph>
