<?xml version='1.0' encoding='UTF-8'?>
<arggraph id="micro_c147">
  <edu id="e1" lang="en">Long distance relationships test the strength of any relationship.</edu>
  <edu id="e1" lang="ru" trans="human">Отношения на расстоянии проверяют прочность любых отношений.</edu>
  <edu id="e2" lang="en">Each person involved must want the relationship to work for it to actually happen.</edu>
  <edu id="e2" lang="ru" trans="human">Оба человека в паре  должны очень  хотеть этих отношений.</edu>
  <edu id="e3" lang="en">They would also need to understand that there is going to be a lack of any physical contact for a long period of time.</edu>
  <edu id="e3" lang="ru" trans="human">Они также должны понимать, что в течение длительного периода времени будет отсутствовать какой-либо физический контакт.</edu>
  <edu id="e4" lang="en">I feel that in humanity there is a need for physical intimacy for anyone</edu>
  <edu id="e4" lang="ru" trans="human">Я считаю, что в человеческой сущности есть потребность в физической близости,</edu>
  <edu id="e5" lang="en">so by being so distant you can't make that happen.</edu>
  <edu id="e5" lang="ru" trans="human">но находясь так далеко, вы не можете её осуществить.</edu>
  <edu id="e6" lang="en">For this reason I think they usually work at first but however over time they will fail to meet all the criteria of a good relationship.</edu>
  <edu id="e6" lang="ru" trans="human">По этому  я думаю, что обычно они существуют по началу, но со временем они не будут отвечать всем критериям хороших отношений.</edu>
  <adu id="a1" type="pro"/>
  <adu id="a2" type="pro"/>
  <adu id="a3" type="pro"/>
  <adu id="a4" type="pro"/>
  <edge id="c4" src="e3" trg="a1" type="seg"/>
  <edge id="c5" src="e4" trg="a2" type="seg"/>
  <edge id="c6" src="e5" trg="a3" type="seg"/>
  <edge id="c7" src="e6" trg="a4" type="seg"/>
  <edge id="c1" src="a1" trg="a4" type="sup"/>
  <edge id="c2" src="a2" trg="c1" type="add"/>
  <edge id="c3" src="a3" trg="c1" type="add"/>
</arggraph>
