<?xml version='1.0' encoding='UTF-8'?>
<arggraph id="micro_c081">
  <edu id="e1" lang="en">Being a vegetarian or vegan helps the environment</edu>
  <edu id="e1" lang="ru" trans="human">Вегетарианец или веган помогает окружающей среде</edu>
  <edu id="e2" lang="en">by using less resources.</edu>
  <edu id="e2" lang="ru" trans="human">тем, что использует меньше ресурсов.</edu>
  <edu id="e3" lang="en">For example, the production of meat use more resources in terms of cattle feed, energy, and human labor.</edu>
  <edu id="e3" lang="ru" trans="human">Например, производство мяса требует больше ресурсов, а именно корм для скота, энергию и человеческий труд.</edu>
  <edu id="e4" lang="en">Harvesting  vegetables will reduce waste.</edu>
  <edu id="e4" lang="ru" trans="human">Сбор овощей позволит сократить отходы.</edu>
  <edu id="e5" lang="en">The proper crops will also feed more people.</edu>
  <edu id="e5" lang="ru" trans="human">Хороший урожай также позволит обеспечить едой большее количество людей.</edu>
  <edu id="e6" lang="en">However, being vegetarian requires more vigilance in terms of sufficient vitamins, which meat eaters need not concern.</edu>
  <edu id="e6" lang="ru" trans="human">Однако, вегетерианцам стоит обращать больше внимание на получение достаточного количества витаминов, которые получают люди, которые едят мясо.</edu>
  <edu id="e7" lang="en">Overall, being vegetarian is easier on the environment</edu>
  <edu id="e7" lang="ru" trans="human">В целом, быть вегетарианцем полезней для окружающей среды</edu>
  <edu id="e8" lang="en">because production of fruit, vegetables and grain relieve strain on resources</edu>
  <edu id="e8" lang="ru" trans="human">потому что производство фруктов, овощей и зерна позволяет уменьшить усилия на производство других ресурсов</edu>
  <edu id="e9" lang="en">and is a healthier life style.</edu>
  <edu id="e9" lang="ru" trans="human">и обеспечивает более здоровый образ жизни.</edu>
  <adu id="a1" type="pro"/>
  <adu id="a2" type="pro"/>
  <adu id="a3" type="pro"/>
  <adu id="a4" type="pro"/>
  <adu id="a5" type="pro"/>
  <adu id="a6" type="opp"/>
  <adu id="a7" type="pro"/>
  <edge id="c7" src="e1" trg="a1" type="seg"/>
  <edge id="c8" src="e2" trg="a2" type="seg"/>
  <edge id="c9" src="e3" trg="a3" type="seg"/>
  <edge id="c10" src="e4" trg="a4" type="seg"/>
  <edge id="c11" src="e5" trg="a5" type="seg"/>
  <edge id="c12" src="e6" trg="a6" type="seg"/>
  <edge id="c13" src="e7" trg="a1" type="seg"/>
  <edge id="c14" src="e8" trg="a2" type="seg"/>
  <edge id="c15" src="e9" trg="a7" type="seg"/>
  <edge id="c1" src="a2" trg="a1" type="sup"/>
  <edge id="c2" src="a3" trg="a2" type="exa"/>
  <edge id="c3" src="a4" trg="a1" type="sup"/>
  <edge id="c4" src="a5" trg="a1" type="sup"/>
  <edge id="c5" src="a6" trg="a1" type="reb"/>
  <edge id="c6" src="a7" trg="a1" type="sup"/>
</arggraph>
