<?xml version='1.0' encoding='UTF-8'?>
<arggraph id="micro_c028">
  <edu id="e1" lang="en">People should date at least one year before getting engaged.</edu>
  <edu id="e1" lang="ru" trans="human">Люди должны встречаться как минимум год до того, как обручиться.</edu>
  <edu id="e2" lang="en">Taking the time to get to know someone, especially someone you plan to spend your whole life with, is critical.</edu>
  <edu id="e2" lang="ru" trans="human">Очень важно уделить время знакомству с кем-то, особенно с тем, с кем вы планируете провести всю свою жизнь.</edu>
  <edu id="e3" lang="en">Though some people may believe shorter time would be okay,</edu>
  <edu id="e3" lang="ru" trans="human">Хотя некоторые люди считают, что и более короткое время было бы приемлемым,</edu>
  <edu id="e4" lang="en">looking at the high rate of divorce,</edu>
  <edu id="e4" lang="ru" trans="human">учитывая высокий уровень разводов,</edu>
  <edu id="e5" lang="en">I believe some of that is due to people rushing in to get married too quickly.</edu>
  <edu id="e5" lang="ru" trans="human">я полагаю, это отчасти связано с тем, что люди спешат выйти замуж слишком быстро.</edu>
  <adu id="a1" type="pro"/>
  <adu id="a2" type="pro"/>
  <adu id="a3" type="opp"/>
  <adu id="a4" type="pro"/>
  <adu id="a5" type="pro"/>
  <edge id="c5" src="e1" trg="a1" type="seg"/>
  <edge id="c6" src="e2" trg="a2" type="seg"/>
  <edge id="c7" src="e3" trg="a3" type="seg"/>
  <edge id="c8" src="e4" trg="a4" type="seg"/>
  <edge id="c9" src="e5" trg="a5" type="seg"/>
  <edge id="c1" src="a2" trg="a1" type="sup"/>
  <edge id="c2" src="a3" trg="a1" type="reb"/>
  <edge id="c3" src="a4" trg="a3" type="reb"/>
  <edge id="c4" src="a5" trg="c3" type="add"/>
</arggraph>
