<?xml version='1.0' encoding='UTF-8'?>
<arggraph id="micro_c072">
  <edu id="e1" lang="en">Supermarkets should charge for plastic bags</edu>
  <edu id="e1" lang="ru" trans="human">Супермаркеты должны взимать плату за пластиковые пакеты</edu>
  <edu id="e2" lang="en">in order to encourage the use of reusable bags.</edu>
  <edu id="e2" lang="ru" trans="human">с целью поощрения использования многоразовых сумок.</edu>
  <edu id="e3" lang="en">The approximately one trillion plastic bags used annually across the world pose a serious threat to various animals</edu>
  <edu id="e3" lang="ru" trans="human">Приблизительно один триллион пластиковых пакетов, используемых ежегодно по всему миру, представляют серьезную угрозу для различных животных</edu>
  <edu id="e4" lang="en">and a long term environmental menace.</edu>
  <edu id="e4" lang="ru" trans="human">и долгосрочную экологическую угрозу.</edu>
  <edu id="e5" lang="en">Although alternatives like paper and cotton reusable bags potentially create a negative impact greater than plastic bags,</edu>
  <edu id="e5" lang="ru" trans="human">Хотя такие альтернативы, как бумажные и хлопчатобумажные многоразовые пакеты, потенциально оказывают большее негативное влияние, чем пластиковые пакеты,</edu>
  <edu id="e6" lang="en">a well-informed and properly motivated population can significantly reduce environmental hazards.</edu>
  <edu id="e6" lang="ru" trans="human">хорошо информированное и должным образом мотивированное население может значительно снизить опасность для окружающей среды.</edu>
  <edu id="e7" lang="en">Existing disposable plastic bags aren't going anywhere any time soon</edu>
  <edu id="e7" lang="ru" trans="human">Существующие одноразовые пластиковые пакеты никуда не денутся в ближайшее время,</edu>
  <edu id="e8" lang="en">since it takes up to a 1000 years for one to breakdown.</edu>
  <edu id="e8" lang="ru" trans="human">так как для их разложения требуется до 1000 лет</edu>
  <edu id="e9" lang="en">If a charge for plastic bags leads to even a small reduction in usage, the world will be better for it.</edu>
  <edu id="e9" lang="ru" trans="human">Если плата за пластиковые пакеты приведет даже к небольшому сокращению их использования, миру от этого будет лучше</edu>
  <adu id="a1" type="pro"/>
  <adu id="a2" type="pro"/>
  <adu id="a3" type="pro"/>
  <adu id="a4" type="pro"/>
  <adu id="a5" type="opp"/>
  <adu id="a6" type="pro"/>
  <adu id="a7" type="pro"/>
  <adu id="a8" type="pro"/>
  <adu id="a9" type="pro"/>
  <edge id="c9" src="e1" trg="a1" type="seg"/>
  <edge id="c10" src="e2" trg="a2" type="seg"/>
  <edge id="c11" src="e3" trg="a3" type="seg"/>
  <edge id="c12" src="e4" trg="a4" type="seg"/>
  <edge id="c13" src="e5" trg="a5" type="seg"/>
  <edge id="c14" src="e6" trg="a6" type="seg"/>
  <edge id="c15" src="e7" trg="a7" type="seg"/>
  <edge id="c16" src="e8" trg="a8" type="seg"/>
  <edge id="c17" src="e9" trg="a9" type="seg"/>
  <edge id="c1" src="a2" trg="a1" type="sup"/>
  <edge id="c2" src="a3" trg="a2" type="sup"/>
  <edge id="c3" src="a4" trg="a2" type="sup"/>
  <edge id="c4" src="a5" trg="a2" type="reb"/>
  <edge id="c5" src="a6" trg="c4" type="und"/>
  <edge id="c6" src="a7" trg="a2" type="sup"/>
  <edge id="c7" src="a8" trg="a7" type="sup"/>
  <edge id="c8" src="a9" trg="a1" type="sup"/>
</arggraph>
