<?xml version='1.0' encoding='UTF-8'?>
<arggraph id="micro_c187">
  <edu id="e1" lang="en">Video games do not have a negative impact on family life.</edu>
  <edu id="e1" lang="ru" trans="human">Видеоигры не оказывают негативного влияния на семейную жизнь.</edu>
  <edu id="e2" lang="en">This is a classic example of treating a symptom and ignoring the disease.</edu>
  <edu id="e2" lang="ru" trans="human">Это классический пример лечения симптома и игнорирования заболевания.</edu>
  <edu id="e3" lang="en">Would you say does tending a garden negatively affect family life? Of course you wouldn't.</edu>
  <edu id="e3" lang="ru" trans="human">Считаете ли вы что, занятие садоводством отрицательно влияет на семейную жизнь? Конечно, нет.</edu>
  <edu id="e4" lang="en">Both are activities designed to relax a person.</edu>
  <edu id="e4" lang="ru" trans="human">Оба вида деятельности предназначены для того, чтобы человек расслабился.</edu>
  <edu id="e5" lang="en">Such activities cannot be inherently bad.</edu>
  <edu id="e5" lang="ru" trans="human">Такая деятельность не может быть изначально плохой.</edu>
  <edu id="e6" lang="en">It's what the person does with that activity that makes it bad.</edu>
  <edu id="e6" lang="ru" trans="human">То, как сам человек занимается этой деятельностью, делает ее плохой.</edu>
  <adu id="a1" type="pro"/>
  <adu id="a2" type="pro"/>
  <adu id="a3" type="pro"/>
  <adu id="a4" type="pro"/>
  <adu id="a5" type="pro"/>
  <adu id="a6" type="pro"/>
  <edge id="c6" src="e1" trg="a1" type="seg"/>
  <edge id="c7" src="e2" trg="a2" type="seg"/>
  <edge id="c8" src="e3" trg="a3" type="seg"/>
  <edge id="c9" src="e4" trg="a6" type="seg"/>
  <edge id="c10" src="e5" trg="a4" type="seg"/>
  <edge id="c11" src="e6" trg="a5" type="seg"/>
  <edge id="c1" src="a2" trg="a1" type="sup"/>
  <edge id="c2" src="a3" trg="a4" type="sup"/>
  <edge id="c3" src="a4" trg="a2" type="sup"/>
  <edge id="c4" src="a5" trg="a2" type="sup"/>
  <edge id="c5" src="a6" trg="c2" type="add"/>
</arggraph>
