<?xml version='1.0' encoding='UTF-8'?>
<arggraph id="micro_c184">
  <edu id="e1" lang="en">Any family activity has the potential for bonding, sharing, and emulation.</edu>
  <edu id="e1" lang="ru" trans="human">В каждой семейной деятельности есть потенциал для создания более тесных связей, совместных интересов и подражанию.</edu>
  <edu id="e2" lang="en">Some may think that competitive environment generally associated with sport can be disruptive of family harmony.</edu>
  <edu id="e2" lang="ru" trans="human">Некоторые могут подумать, что соревновательная среда, обычно ассоциируемая со спортом, может нарушить семейную гармонию.</edu>
  <edu id="e3" lang="en">This is not necessarily the case.</edu>
  <edu id="e3" lang="ru" trans="human">Это не обязательно так</edu>
  <edu id="e4" lang="en">Adults have the opportunity to demonstrate sportsmanship and proper behavior to their children.</edu>
  <edu id="e4" lang="ru" trans="human">У взрослых есть возможность продемонстрировать мужество и подобающее поведение своим детям.</edu>
  <edu id="e5" lang="en">There is ample opportunity for family bonding whether competing as a team or against one other.</edu>
  <edu id="e5" lang="ru" trans="human">Существует уйма возможностей для семейного сближения, будь то игра в команде или друг против друга.</edu>
  <edu id="e6" lang="en">The documented contribution of sport to physical and mental well-being also argues in favor of family participation.</edu>
  <edu id="e6" lang="ru" trans="human">Документально подтверждено благотворное влияние спорта на физическое и психическое состояние, что также говорит в пользу занятия им всей семьёй.</edu>
  <edu id="e7" implicit="true" lang="en">Doing sports together is a good thing for families.</edu>
  <edu id="e7" lang="ru" trans="human">Заниматься спортом вместе - полезно для семей.</edu>
  <adu id="a1" type="pro"/>
  <adu id="a2" type="opp"/>
  <adu id="a3" type="pro"/>
  <adu id="a4" type="pro"/>
  <adu id="a5" type="pro"/>
  <adu id="a6" type="pro"/>
  <edge id="c6" src="e1" trg="a1" type="seg"/>
  <edge id="c7" src="e2" trg="a2" type="seg"/>
  <edge id="c8" src="e3" trg="a3" type="seg"/>
  <edge id="c9" src="e4" trg="a4" type="seg"/>
  <edge id="c10" src="e5" trg="a1" type="seg"/>
  <edge id="c11" src="e6" trg="a5" type="seg"/>
  <edge id="c12" src="e7" trg="a6" type="seg"/>
  <edge id="c1" src="a1" trg="a6" type="sup"/>
  <edge id="c2" src="a2" trg="a6" type="reb"/>
  <edge id="c3" src="a3" trg="a2" type="reb"/>
  <edge id="c4" src="a4" trg="a3" type="sup"/>
  <edge id="c5" src="a5" trg="a6" type="sup"/>
</arggraph>
