<?xml version='1.0' encoding='UTF-8'?>
<arggraph id="micro_c078">
  <edu id="e1" lang="en">Violent video games, in and of themselves, do not cause people to act out violently.</edu>
  <edu id="e1" lang="ru" trans="human">Сами по себе видеоигры с элементами жестокости не вынуждают людей проявлять жестокость.</edu>
  <edu id="e2" lang="en">No studies have shown that.</edu>
  <edu id="e2" lang="ru" trans="human">Никакие исследования этого не показали.</edu>
  <edu id="e3" lang="en">Perhaps violent people are drawn to violent games,</edu>
  <edu id="e3" lang="ru" trans="human">Возможно, видеоигры с элементами жестокости привлекают жестоких людей,</edu>
  <edu id="e4" lang="en">but that is only a correlation.</edu>
  <edu id="e4" lang="ru" trans="human">но это только возможное соотношение.</edu>
  <edu id="e5" lang="en">Most people understand video games are fantasy.</edu>
  <edu id="e5" lang="ru" trans="human">Большинство людей понимают, что видеоигры-это лишь фантазия</edu>
  <adu id="a1" type="pro"/>
  <adu id="a2" type="pro"/>
  <adu id="a3" type="opp"/>
  <adu id="a4" type="pro"/>
  <adu id="a5" type="pro"/>
  <edge id="c5" src="e1" trg="a1" type="seg"/>
  <edge id="c6" src="e2" trg="a2" type="seg"/>
  <edge id="c7" src="e3" trg="a3" type="seg"/>
  <edge id="c8" src="e4" trg="a4" type="seg"/>
  <edge id="c9" src="e5" trg="a5" type="seg"/>
  <edge id="c1" src="a2" trg="a1" type="sup"/>
  <edge id="c2" src="a3" trg="a1" type="reb"/>
  <edge id="c3" src="a4" trg="c2" type="und"/>
  <edge id="c4" src="a5" trg="a1" type="sup"/>
</arggraph>
