<?xml version='1.0' encoding='UTF-8'?>
<arggraph id="micro_c162">
  <edu id="e1" lang="en">I firmly believe in the right to choose,</edu>
  <edu id="e1" lang="ru" trans="human">Я твердо верю в право выбора,</edu>
  <edu id="e2" lang="en">but differ in the areas that we have the right to take a life.</edu>
  <edu id="e2" lang="ru" trans="human">но не верю в право выбора в тех сферах жизни, в которых мы имеем право отнять жизнь.</edu>
  <edu id="e3" lang="en">I feel that anyone, no matter the age, even a teenager should seek other outlets such as adoption, or raising the child, depending on how they got pregnant (such as rape).</edu>
  <edu id="e3" lang="ru" trans="human">Я считаю, что любой, независимо от возраста, даже подросток, должен искать другие выходы, такие как усыновление или воспитание ребенка, в зависимости от того, как они забеременели (например, изнасилование).</edu>
  <edu id="e4" lang="en">No child deserves to become pregnant against their will,</edu>
  <edu id="e4" lang="ru" trans="human">Ни один ребенок не заслуживает забеременеть против своей воли,</edu>
  <edu id="e5" lang="en">but one should indeed take responsibility if it is of their own accord.</edu>
  <edu id="e5" lang="ru" trans="human">но человек должен взять на себя ответственность, если это согласуется с его собственными желаниями.</edu>
  <edu id="e6" implicit="true" lang="en">Teenagers that get pregnant should keep their children.</edu>
  <edu id="e6" lang="ru" trans="human">Подростки, которые беременеют, должны оставлять  своих детей.</edu>
  <adu id="a1" type="pro"/>
  <adu id="a2" type="opp"/>
  <adu id="a3" type="pro"/>
  <adu id="a4" type="pro"/>
  <adu id="a5" type="opp"/>
  <adu id="a6" type="pro"/>
  <edge id="c6" src="e1" trg="a5" type="seg"/>
  <edge id="c7" src="e2" trg="a6" type="seg"/>
  <edge id="c8" src="e3" trg="a4" type="seg"/>
  <edge id="c9" src="e4" trg="a2" type="seg"/>
  <edge id="c10" src="e5" trg="a3" type="seg"/>
  <edge id="c11" src="e6" trg="a1" type="seg"/>
  <edge id="c1" src="a2" trg="a1" type="reb"/>
  <edge id="c2" src="a3" trg="c1" type="und"/>
  <edge id="c3" src="a4" trg="a1" type="sup"/>
  <edge id="c4" src="a5" trg="a1" type="reb"/>
  <edge id="c5" src="a6" trg="a5" type="reb"/>
</arggraph>
