<?xml version='1.0' encoding='UTF-8'?>
<arggraph id="micro_c116">
  <edu id="e1" lang="en">No I would not live in a high-pollution city</edu>
  <edu id="e1" lang="ru" trans="human">Нет, я бы не жил в городе с высоким уровнем загрязнени</edu>
  <edu id="e2" lang="en">because of the effects on one's health.</edu>
  <edu id="e2" lang="ru" trans="human">из-за воздействия на здоровье.</edu>
  <edu id="e3" lang="en">Pollution can cause respiratory disease such as emphysema and asthma.</edu>
  <edu id="e3" lang="ru" trans="human">загрязнения из-за воздействия на здоровье. Загрязнение может вызвать респираторные заболевания, такие как эмфизема легких и астма.</edu>
  <edu id="e4" lang="en">In addition, lung damage can be done by inhaling all that dirt.</edu>
  <edu id="e4" lang="ru" trans="human">Кроме того, вдыхая грязный воздух можно нанести вред легким.</edu>
  <edu id="e5" lang="en">There are many more cons versus pros in this situation.</edu>
  <edu id="e5" lang="ru" trans="human">Намного больше минусов, чем плюсов.</edu>
  <adu id="a1" type="pro"/>
  <adu id="a2" type="pro"/>
  <adu id="a3" type="pro"/>
  <adu id="a4" type="pro"/>
  <adu id="a5" type="pro"/>
  <edge id="c5" src="e1" trg="a1" type="seg"/>
  <edge id="c6" src="e2" trg="a2" type="seg"/>
  <edge id="c7" src="e3" trg="a3" type="seg"/>
  <edge id="c8" src="e4" trg="a4" type="seg"/>
  <edge id="c9" src="e5" trg="a5" type="seg"/>
  <edge id="c1" src="a2" trg="a1" type="sup"/>
  <edge id="c2" src="a3" trg="a2" type="exa"/>
  <edge id="c3" src="a4" trg="a2" type="exa"/>
  <edge id="c4" src="a5" trg="a1" type="sup"/>
</arggraph>
