<?xml version='1.0' encoding='UTF-8'?>
<arggraph id="micro_c091">
  <edu id="e1" lang="en">People are always trying to think of innovative ways to improve schools, adding video games is now one of them. This makes little sense, however.</edu>
  <edu id="e1" lang="ru" trans="human"></edu>
  <edu id="e2" lang="en">Adding technology of any kind, even computers, hasn't improved national test scores.</edu>
  <edu id="e2" lang="ru" trans="human"></edu>
  <edu id="e3" lang="en">Some would argue that schools need more money to spend on this kind of creative approach.</edu>
  <edu id="e3" lang="ru" trans="human"></edu>
  <edu id="e4" lang="en">Spending more money, hasn't improved national test scores though.</edu>
  <edu id="e4" lang="ru" trans="human"></edu>
  <edu id="e5" lang="en">In the long run, improved test scores and student performance comes from the basics: reading, writing, arithmetic, and especially discipline in the classroom.</edu>
  <edu id="e5" lang="ru" trans="human"></edu>
  <edu id="e6" lang="en">Learning comes from hard work; there's no way to sugar-coat it with fun video games.</edu>
  <edu id="e6" lang="ru" trans="human"></edu>
  <edu id="e7" lang="en">Qualified teachers, actually teaching students is what's necessary.</edu>
  <edu id="e7" lang="ru" trans="human"></edu>
  <adu id="a1" type="pro"/>
  <adu id="a2" type="pro"/>
  <adu id="a3" type="opp"/>
  <adu id="a4" type="pro"/>
  <adu id="a5" type="pro"/>
  <adu id="a6" type="pro"/>
  <adu id="a7" type="pro"/>
  <edge id="c7" src="e1" trg="a1" type="seg"/>
  <edge id="c8" src="e2" trg="a2" type="seg"/>
  <edge id="c9" src="e3" trg="a3" type="seg"/>
  <edge id="c10" src="e4" trg="a4" type="seg"/>
  <edge id="c11" src="e5" trg="a5" type="seg"/>
  <edge id="c12" src="e6" trg="a6" type="seg"/>
  <edge id="c13" src="e7" trg="a7" type="seg"/>
  <edge id="c1" src="a2" trg="a1" type="sup"/>
  <edge id="c2" src="a3" trg="a1" type="reb"/>
  <edge id="c3" src="a4" trg="a3" type="reb"/>
  <edge id="c4" src="a5" trg="a4" type="sup"/>
  <edge id="c5" src="a6" trg="a1" type="sup"/>
  <edge id="c6" src="a7" trg="a1" type="sup"/>
</arggraph>
