<?xml version='1.0' encoding='UTF-8'?>
<arggraph id="micro_c121">
  <edu id="e1" lang="en">Nuclear energy has been proven time and time again to be safe.</edu>
  <edu id="e1" lang="ru" trans="human">Снова и снова доказывают, что атомная энергия безопасна.</edu>
  <edu id="e2" lang="en">It has been proven, over six decades, to have a minimal impact on the environment,</edu>
  <edu id="e2" lang="ru" trans="human">В течение шести десятилетий было доказано, что она оказывает минимальное воздействие на окружающую среду,</edu>
  <edu id="e3" lang="en">as they emit almost no greenhouse gases.</edu>
  <edu id="e3" lang="ru" trans="human">поскольку практически не выделяет парниковых газов.</edu>
  <edu id="e4" lang="en">The chances of anything untoward happening to a nuclear facility are also slim.</edu>
  <edu id="e4" lang="ru" trans="human">Шансы на то, что что-то плохое случится с атомным объектом, также невелики.</edu>
  <edu id="e5" lang="en">There have been a few nuclear events since Chernobyl,</edu>
  <edu id="e5" lang="ru" trans="human">После Чернобыля произошло несколько происшествий,</edu>
  <edu id="e6" lang="en">but there have been relatively few fatalities associated with it.</edu>
  <edu id="e6" lang="ru" trans="human">но жертв было относительно мало.</edu>
  <adu id="a1" type="pro"/>
  <adu id="a2" type="pro"/>
  <adu id="a3" type="pro"/>
  <adu id="a4" type="pro"/>
  <adu id="a5" type="opp"/>
  <adu id="a6" type="pro"/>
  <edge id="c6" src="e1" trg="a1" type="seg"/>
  <edge id="c7" src="e2" trg="a2" type="seg"/>
  <edge id="c8" src="e3" trg="a3" type="seg"/>
  <edge id="c9" src="e4" trg="a4" type="seg"/>
  <edge id="c10" src="e5" trg="a5" type="seg"/>
  <edge id="c11" src="e6" trg="a6" type="seg"/>
  <edge id="c1" src="a2" trg="a1" type="sup"/>
  <edge id="c2" src="a3" trg="a2" type="sup"/>
  <edge id="c3" src="a4" trg="a1" type="sup"/>
  <edge id="c4" src="a5" trg="a1" type="reb"/>
  <edge id="c5" src="a6" trg="c4" type="und"/>
</arggraph>
