<?xml version='1.0' encoding='UTF-8'?>
<arggraph id="micro_c175">
  <edu id="e1" lang="en">Helicopter parents, because they are overly protective,</edu>
  <edu id="e1" lang="ru" trans="human">Чрезмерно опекающие своих детей родители,</edu>
  <edu id="e2" lang="en">tend not to allow their children to develop the ability to effectively cope with adversity on their own.</edu>
  <edu id="e2" lang="ru" trans="human">как правило, не позволяют своим детям развить способность эффективно справляться с трудностями самостоятельно.</edu>
  <edu id="e3" lang="en">Further, such parents' constant hovering prevents their children from really experiencing independence or fully appreciating the benefits (and perils) of risk taking.</edu>
  <edu id="e3" lang="ru" trans="human">Кроме того, постоянная назойливость таких родителей не позволяет их детям реально ощутить независимость или полностью оценить преимущества (и опасности) риска.</edu>
  <edu id="e4" lang="en">There are, of course, real safety concerns from which children need to be protected.</edu>
  <edu id="e4" lang="ru" trans="human">Конечно, существуют реальные проблемы, связанные с безопасностью, от которых нужно защищать детей.</edu>
  <edu id="e5" lang="en">However, excessive parental caution is likely to result in children who grow into adults less capable than otherwise in dealing with a complex, sometimes unfriendly, world.</edu>
  <edu id="e5" lang="ru" trans="human">Однако чрезмерная осторожность со стороны родителей может привести к тому, что дети, которые станут взрослыми, будут менее способными иметь дело со сложным, иногда недружелюбным миром.</edu>
  <edu id="e6" implicit="true" lang="en">Helicopter parents are bad for their children.</edu>
  <edu id="e6" lang="ru" trans="human">Чрезмерная опека со стороны родителей очень вредна для детей.</edu>
  <adu id="a1" type="pro"/>
  <adu id="a2" type="pro"/>
  <adu id="a3" type="pro"/>
  <adu id="a4" type="pro"/>
  <adu id="a5" type="opp"/>
  <adu id="a6" type="pro"/>
  <edge id="c6" src="e1" trg="a2" type="seg"/>
  <edge id="c7" src="e2" trg="a3" type="seg"/>
  <edge id="c8" src="e3" trg="a4" type="seg"/>
  <edge id="c9" src="e4" trg="a5" type="seg"/>
  <edge id="c10" src="e5" trg="a6" type="seg"/>
  <edge id="c11" src="e6" trg="a1" type="seg"/>
  <edge id="c1" src="a2" trg="a3" type="sup"/>
  <edge id="c2" src="a3" trg="a1" type="sup"/>
  <edge id="c3" src="a4" trg="a1" type="sup"/>
  <edge id="c4" src="a5" trg="c3" type="und"/>
  <edge id="c5" src="a6" trg="c4" type="und"/>
</arggraph>
