<?xml version='1.0' encoding='UTF-8'?>
<arggraph id="micro_c114">
  <edu id="e1" lang="en">Regardless of a good job offer, I would not live in Beijing.</edu>
  <edu id="e1" lang="ru" trans="human">Несмотря на хорошие вакансии, я бы не хотел жить в Пекине.</edu>
  <edu id="e2" lang="en">The pollution will have enough of an impact on my health that will negate any benefits from working there.</edu>
  <edu id="e2" lang="ru" trans="human">Загрязнение окружающей среды будет очень сказываться на моем здоровье, что сведет на «нет» любые преимущества работы.</edu>
  <edu id="e3" lang="en">Add to that the social and political limitations</edu>
  <edu id="e3" lang="ru" trans="human">Добавьте к этому социальные и политические ограничения,</edu>
  <edu id="e4" lang="en">and it won't be much of a life there.</edu>
  <edu id="e4" lang="ru" trans="human">и прекрасной жизни там точно не будет.</edu>
  <adu id="a1" type="pro"/>
  <adu id="a2" type="pro"/>
  <adu id="a3" type="pro"/>
  <adu id="a4" type="pro"/>
  <edge id="c4" src="e1" trg="a1" type="seg"/>
  <edge id="c5" src="e2" trg="a3" type="seg"/>
  <edge id="c6" src="e3" trg="a4" type="seg"/>
  <edge id="c7" src="e4" trg="a2" type="seg"/>
  <edge id="c1" src="a2" trg="a1" type="sup"/>
  <edge id="c2" src="a3" trg="a2" type="sup"/>
  <edge id="c3" src="a4" trg="a2" type="sup"/>
</arggraph>
