<?xml version='1.0' encoding='UTF-8'?>
<arggraph id="micro_c065">
  <edu id="e1" lang="en">Social media has hurt the lives of teenagers in several ways.</edu>
  <edu id="e1" lang="ru" trans="human">Социальные сети повредили жизни подростков несколькими способами.</edu>
  <edu id="e2" lang="en">First it has seemingly kept children from many real life interactions and confined them to the front of a computer screen or cell phone.</edu>
  <edu id="e2" lang="ru" trans="human">Во-первых, они, по-видимому, удерживали детей от многих реальных взаимодействий и приковывали их к экрану компьютера или дисплею мобильного телефона.</edu>
  <edu id="e3" lang="en">Also it has redefined the term 'friend' and therefor friendship.</edu>
  <edu id="e3" lang="ru" trans="human">Также они по-новому стали понимать термин «друг» и, следовательно, дружба.</edu>
  <edu id="e4" lang="en">More and more people are concerned with how many 'likes' they receive while pulling away from making true and lasting friendships and building life experiences.</edu>
  <edu id="e4" lang="ru" trans="human">Все больше и больше людей беспокоятся о том, сколько «лайков» они получают, отказываясь от установления настоящих и длительных дружеских отношений, и накопления жизненного опыта.</edu>
  <adu id="a1" type="pro"/>
  <adu id="a2" type="pro"/>
  <adu id="a3" type="pro"/>
  <adu id="a4" type="pro"/>
  <edge id="c4" src="e1" trg="a1" type="seg"/>
  <edge id="c5" src="e2" trg="a2" type="seg"/>
  <edge id="c6" src="e3" trg="a3" type="seg"/>
  <edge id="c7" src="e4" trg="a4" type="seg"/>
  <edge id="c1" src="a2" trg="a1" type="sup"/>
  <edge id="c2" src="a3" trg="a1" type="sup"/>
  <edge id="c3" src="a4" trg="a3" type="sup"/>
</arggraph>
