<?xml version='1.0' encoding='UTF-8'?>
<arggraph id="micro_c056">
  <edu id="e1" lang="en">All states should adopt a deposit on soft drink bottles and cans</edu>
  <edu id="e1" lang="ru" trans="human">Все штаты должны принять закон о получении денежного вознаграждения за сдачу банок и бутылок от безалкогольных напитков,</edu>
  <edu id="e2" lang="en">because it greatly incentives recycling.</edu>
  <edu id="e2" lang="ru" trans="human">так как это очень стимулирует переработку мусора.</edu>
  <edu id="e3" lang="en">The five or ten cent deposit is noticeable and serves as a reminder of recycling during checkout.</edu>
  <edu id="e3" lang="ru" trans="human">Денежное вознаграждение в размере 5% или 10% является достаточным и напоминает о необходимости переработки мусора во время проверок.</edu>
  <edu id="e4" lang="en">Once you have collected a bag or two full of cans and bottles, returning those cans and bottles is worth $5-$15, a meaningful amount of money for many people and families.</edu>
  <edu id="e4" lang="ru" trans="human">После того, как вы собрали одну или две сумки с банками и бутылками, денежное вознаграждение за эти банки и бутылки составит 5-15 долларов, что является значительной суммой для многих граждан.</edu>
  <edu id="e5" lang="en">Recycling is vital</edu>
  <edu id="e5" lang="ru" trans="human">Переоработка мусора жизненно необходима,</edu>
  <edu id="e6" lang="en">and incentivizing it in this simple way works.</edu>
  <edu id="e6" lang="ru" trans="human">и стимулирование к переработке мусора таким простым путём является действительно эффективным.</edu>
  <adu id="a1" type="pro"/>
  <adu id="a2" type="pro"/>
  <adu id="a3" type="pro"/>
  <adu id="a4" type="pro"/>
  <adu id="a5" type="pro"/>
  <adu id="a6" type="pro"/>
  <edge id="c6" src="e1" trg="a1" type="seg"/>
  <edge id="c7" src="e2" trg="a2" type="seg"/>
  <edge id="c8" src="e3" trg="a3" type="seg"/>
  <edge id="c9" src="e4" trg="a4" type="seg"/>
  <edge id="c10" src="e5" trg="a5" type="seg"/>
  <edge id="c11" src="e6" trg="a6" type="seg"/>
  <edge id="c1" src="a2" trg="a1" type="sup"/>
  <edge id="c2" src="a3" trg="a2" type="sup"/>
  <edge id="c3" src="a4" trg="a3" type="exa"/>
  <edge id="c4" src="a5" trg="a2" type="sup"/>
  <edge id="c5" src="a6" trg="c4" type="add"/>
</arggraph>
