<?xml version='1.0' encoding='UTF-8'?>
<arggraph id="micro_c194">
  <edu id="e1" lang="en">For the purposes of treatment and care it is absolutely okay to treat the family pet dog on par with other family members.</edu>
  <edu id="e1" lang="ru" trans="human">Во время лечения и ухода абсолютно нормально относиться к домашним собакам так же, как и к другим членам семьи.</edu>
  <edu id="e2" lang="en">Dogs need water, food, and medical treatment just like humans.</edu>
  <edu id="e2" lang="ru" trans="human">Собаки нуждаются в воде, еде и медицинской помощи так же, как и люди.</edu>
  <edu id="e3" lang="en">They also need attention and affection just like humans.</edu>
  <edu id="e3" lang="ru" trans="human">Они так же нуждаются во внимании и любви, как люди.</edu>
  <edu id="e4" lang="en">That doesn't mean, of course, that family members should feel free to eat out of the dogs bowl without expecting a subsequent illness to occur.</edu>
  <edu id="e4" lang="ru" trans="human">Это, конечно, не означает, что члены семьи могут спокойно есть из миски для собак, не задумываясь о последующем заболевании.</edu>
  <edu id="e5" lang="en">Common sense dictates that dogs are a different species and some reasonable precautions need to be taken to in certain situations.</edu>
  <edu id="e5" lang="ru" trans="human">Здравый смысл подсказывает, что собаки относятся к другому виду, и в определенных ситуациях необходимо принимать разумные меры предосторожности.</edu>
  <edu id="e6" lang="en">It is said that dogs are man's best friend. If that is true then they should be treated as such.</edu>
  <edu id="e6" lang="ru" trans="human">Говорят, что собака - лучший друг человека. Если это правда, то к ним следует относиться как к таковым.</edu>
  <adu id="a1" type="pro"/>
  <adu id="a2" type="pro"/>
  <adu id="a3" type="pro"/>
  <adu id="a4" type="pro"/>
  <adu id="a5" type="opp"/>
  <adu id="a6" type="opp"/>
  <edge id="c6" src="e1" trg="a1" type="seg"/>
  <edge id="c7" src="e2" trg="a2" type="seg"/>
  <edge id="c8" src="e3" trg="a3" type="seg"/>
  <edge id="c9" src="e4" trg="a6" type="seg"/>
  <edge id="c10" src="e5" trg="a5" type="seg"/>
  <edge id="c11" src="e6" trg="a4" type="seg"/>
  <edge id="c1" src="a2" trg="a1" type="sup"/>
  <edge id="c2" src="a3" trg="a1" type="sup"/>
  <edge id="c3" src="a4" trg="a1" type="sup"/>
  <edge id="c4" src="a5" trg="a1" type="reb"/>
  <edge id="c5" src="a6" trg="a5" type="exa"/>
</arggraph>
