<?xml version='1.0' encoding='UTF-8'?>
<arggraph id="micro_c051">
  <edu id="e1" lang="en">Anyone who operating a vehicle should be strictly prohibited to use a cell phone in any capacity, unless its hands-free; which mean no phone calls, making or receiving, no texting, messaging, no surfing the web, viewing videos or photos and no playing games.</edu>
  <edu id="e1" lang="ru" trans="human">Любому, кто управляет транспортным средством, должно быть строго запрещено использовать мобильный телефон в любом виде, кроме случаев, когда водитель использует hands free; что означает запрет на телефонные звонки, их совершение и прием, запрет на набор текстовых сообщений или иных сообщений, веб-серфинг, просмотра видео или фотографий, а также запрет на игры.</edu>
  <edu id="e2" lang="en">Being distracting by one's cell phone can significantly increase the chances of getting into a major car accident, cause harm to the driver, their passengers and other motorists on the road.</edu>
  <edu id="e2" lang="ru" trans="human">Переключение внимания на мобильный телефон может значительно увеличить шансы попасть в крупную автомобильную аварию, нанести вред водителю, его пассажирам и другим автомобилистам на дороге.</edu>
  <edu id="e3" lang="en">No matter who good a driver you might think you are, and you may feel that your paying attention well enough,</edu>
  <edu id="e3" lang="ru" trans="human">Вы можете думать, что водите машину прекрасно и достаточно хорошо сконцентрированы на дороге,</edu>
  <edu id="e4" lang="en">but the truth of the matter is, driving needs the driver's full attention.</edu>
  <edu id="e4" lang="ru" trans="human">но, в конечном итоге, управление автомобилем требует от водителя полной концентрации внимания.</edu>
  <edu id="e5" lang="en">Any caught driving while operating a cell phone should be punished with steep fines.</edu>
  <edu id="e5" lang="ru" trans="human">Любой, кто будет замечен за рулем с мобильным телефоном, должен быть наказан большими штрафами.</edu>
  <adu id="a1" type="pro"/>
  <adu id="a2" type="pro"/>
  <adu id="a3" type="pro"/>
  <adu id="a4" type="opp"/>
  <edge id="c4" src="e1" trg="a1" type="seg"/>
  <edge id="c5" src="e2" trg="a2" type="seg"/>
  <edge id="c6" src="e3" trg="a4" type="seg"/>
  <edge id="c7" src="e4" trg="a3" type="seg"/>
  <edge id="c8" src="e5" trg="a1" type="seg"/>
  <edge id="c1" src="a2" trg="a1" type="sup"/>
  <edge id="c2" src="a3" trg="a4" type="reb"/>
  <edge id="c3" src="a4" trg="a2" type="reb"/>
</arggraph>
