<?xml version='1.0' encoding='UTF-8'?>
<arggraph id="micro_c144">
  <edu id="e1" lang="en">For the most part, I think long distance relationships work for a short time, but in the long run, no.</edu>
  <edu id="e1" lang="ru" trans="human">По большей части, я думаю, что отношения на расстоянии работают только в течение короткого времени, но не в долгосрочной перспективе.</edu>
  <edu id="e2" lang="en">It can be exciting to see someone after an absence.</edu>
  <edu id="e2" lang="ru" trans="human">Очень волнительно видеть кого-то после долгого отстутсвия.</edu>
  <edu id="e3" lang="en">However, not having your partner with you all of the time can cause strain in even the best relationships.</edu>
  <edu id="e3" lang="ru" trans="human">Тем не менее, большое напряжение вызывает отсутсвие партнера рядом с вами, даже если у вас прекрасные отношения. </edu>
  <adu id="a1" type="pro"/>
  <adu id="a2" type="opp"/>
  <adu id="a3" type="pro"/>
  <edge id="c3" src="e1" trg="a1" type="seg"/>
  <edge id="c4" src="e2" trg="a2" type="seg"/>
  <edge id="c5" src="e3" trg="a3" type="seg"/>
  <edge id="c1" src="a2" trg="a1" type="reb"/>
  <edge id="c2" src="a3" trg="c1" type="und"/>
</arggraph>
