<?xml version='1.0' encoding='UTF-8'?>
<arggraph id="micro_c174">
  <edu id="e1" lang="en">Helicopter parenting has proven to be detrimental to the success of children.</edu>
  <edu id="e1" lang="ru" trans="human">Оказалось, что чрезмерное опекунство со стороны родителей  вредно для успешности своих детей.</edu>
  <edu id="e2" lang="en">Over involvement in the work, production, and affairs of children impact the child's ability to face consequences and experiences good and bad decisions.</edu>
  <edu id="e2" lang="ru" trans="human">Чрезмерное участие взрослых в деятельности детей, создании поделок и налаживании отношений с другими детьми влияет на способность ребенка отвечать за последствия и переживать за принятие хороших и плохих решений.</edu>
  <edu id="e3" lang="en">While one can argue that this type of parenting style benefits a child due to the active involvement and guidance by a parent</edu>
  <edu id="e3" lang="ru" trans="human">Хотя можно утверждать, что этот стиль воспитания приносит пользу ребенку благодаря активному участию и наставничеству родителя</edu>
  <edu id="e4" lang="en">there are few arguments to support.</edu>
  <edu id="e4" lang="ru" trans="human">Вот несколько аргументов в поддержку данного утверждения.</edu>
  <edu id="e5" lang="en">Children need to learn, make their own choices, and live with the consequences of their actions in order to grow and development.</edu>
  <edu id="e5" lang="ru" trans="human">Дети должны учиться делать свой собственный выбор и жить с возможными последствиями своих действий, чтобы расти и развиваться.</edu>
  <adu id="a1" type="pro"/>
  <adu id="a2" type="pro"/>
  <adu id="a3" type="opp"/>
  <adu id="a4" type="pro"/>
  <adu id="a5" type="pro"/>
  <edge id="c5" src="e1" trg="a1" type="seg"/>
  <edge id="c6" src="e2" trg="a2" type="seg"/>
  <edge id="c7" src="e3" trg="a3" type="seg"/>
  <edge id="c8" src="e4" trg="a4" type="seg"/>
  <edge id="c9" src="e5" trg="a5" type="seg"/>
  <edge id="c1" src="a2" trg="a1" type="sup"/>
  <edge id="c2" src="a3" trg="a1" type="reb"/>
  <edge id="c3" src="a4" trg="c2" type="und"/>
  <edge id="c4" src="a5" trg="a1" type="sup"/>
</arggraph>
