<?xml version='1.0' encoding='UTF-8'?>
<arggraph id="micro_c198">
  <edu id="e1" lang="en">"For centuries, dogs have been known as ""man's best friend.""</edu>
  <edu id="e1" lang="ru" trans="human">«Веками собак называли «лучшим другом человека».</edu>
  <edu id="e2" lang="en">So why should we treat them as less than our equals?</edu>
  <edu id="e2" lang="ru" trans="human">Так почему же мы должны относиться к ним ни как к равным?</edu>
  <edu id="e3" lang="en">They are always there for us, helping us when we need it.</edu>
  <edu id="e3" lang="ru" trans="human">Они всегда рядом с нами, помогая нам, когда это необходимо.</edu>
  <edu id="e4" lang="en">Most dogs are groomed and trained to be dependable,</edu>
  <edu id="e4" lang="ru" trans="human">За большинством собак ухаживают и обучают быть надежными,</edu>
  <edu id="e5" lang="en">so we should be able to rely on them.</edu>
  <edu id="e5" lang="ru" trans="human">так что мы можем положиться на них.</edu>
  <edu id="e6" lang="en">With that logic, we should them be treating them like members of our family.</edu>
  <edu id="e6" lang="ru" trans="human">Следуя такой логике, мы должны относиться к ним, как к членам нашей семьи.</edu>
  <adu id="a1" type="pro"/>
  <adu id="a2" type="pro"/>
  <adu id="a3" type="pro"/>
  <adu id="a4" type="pro"/>
  <adu id="a5" type="pro"/>
  <edge id="c5" src="e1" trg="a2" type="seg"/>
  <edge id="c6" src="e2" trg="a1" type="seg"/>
  <edge id="c7" src="e3" trg="a5" type="seg"/>
  <edge id="c8" src="e4" trg="a4" type="seg"/>
  <edge id="c9" src="e5" trg="a3" type="seg"/>
  <edge id="c10" src="e6" trg="a1" type="seg"/>
  <edge id="c1" src="a2" trg="a1" type="sup"/>
  <edge id="c2" src="a3" trg="a1" type="sup"/>
  <edge id="c3" src="a4" trg="a3" type="sup"/>
  <edge id="c4" src="a5" trg="a1" type="sup"/>
</arggraph>
