<?xml version='1.0' encoding='UTF-8'?>
<arggraph id="micro_c076">
  <edu id="e1" lang="en">Video games do cause people, especially impressionable teens, to act more violent.</edu>
  <edu id="e1" lang="ru" trans="human">Видеоигры действительно заставляют людей, в особенности впечатлительных подростков, вести себя более жестоко.</edu>
  <edu id="e2" lang="en">The gore, violence, and horror that they see in these games tends to reflect on their daily lives and makes them crave the excitement they get from the games.</edu>
  <edu id="e2" lang="ru" trans="human">Кровь, насилие и ужас, которые они видят в этих играх, имеют тенденцию отражаться на их повседневной жизни и заставляют их жаждать волнения, которое они получают от игр.</edu>
  <edu id="e3" lang="en">Now, the games don't necessarily make them kill more people,</edu>
  <edu id="e3" lang="ru" trans="human">Теперь игры не обязательно заставляют их убивать больше людей,</edu>
  <edu id="e4" lang="en">but they are more violent overall.</edu>
  <edu id="e4" lang="ru" trans="human">но в целом они более жестокие.</edu>
  <edu id="e5" lang="en">When they compare the games and the excitement of the violence and gore to their real lives, it makes them crave that same level of intensity which makes them act out.</edu>
  <edu id="e5" lang="ru" trans="human">Когда они сопоставляют игры и возбуждение от насилия и крови со своей реальной жизнью, то это заставляет их жаждать того же уровня интенсивности, который заставляет их действовать.</edu>
  <adu id="a1" type="pro"/>
  <adu id="a2" type="pro"/>
  <adu id="a3" type="opp"/>
  <adu id="a4" type="pro"/>
  <adu id="a5" type="pro"/>
  <edge id="c5" src="e1" trg="a1" type="seg"/>
  <edge id="c6" src="e2" trg="a2" type="seg"/>
  <edge id="c7" src="e3" trg="a3" type="seg"/>
  <edge id="c8" src="e4" trg="a4" type="seg"/>
  <edge id="c9" src="e5" trg="a5" type="seg"/>
  <edge id="c1" src="a2" trg="a1" type="sup"/>
  <edge id="c2" src="a3" trg="a1" type="reb"/>
  <edge id="c3" src="a4" trg="c2" type="und"/>
  <edge id="c4" src="a5" trg="a4" type="sup"/>
</arggraph>
