<?xml version='1.0' encoding='UTF-8'?>
<arggraph id="micro_c038">
  <edu id="e1" lang="en">When you spend your time watching unrealistic romantic movies, you start thinking it's reality.</edu>
  <edu id="e1" lang="ru" trans="human">Если вы проводите время за просмотром нереалистичных романтических фильмов, вы начнёте думать, что это и есть реальность.</edu>
  <edu id="e2" lang="en">You begin to resent your partner for not behaving the way they do in the movies. Women are especially prone to this.</edu>
  <edu id="e2" lang="ru" trans="human">Вы начинаете обижаться на своего партнера за то, что он ведет себя не так, как в кино. Особенно к этому склонны женщины.</edu>
  <edu id="e3" lang="en">One could argue that it's just a movie and you shouldn't let it affect your life.</edu>
  <edu id="e3" lang="ru" trans="human">Можно возразить, что это просто фильм, и вы не должны допускать, чтобы это влияло на вашу жизнь.</edu>
  <edu id="e4" lang="en">However, people can't always distinguish between the two.</edu>
  <edu id="e4" lang="ru" trans="human">Тем не менее, люди не всегда могут различить фильмы и реальность.</edu>
  <edu id="e5" implicit="true" lang="en">Yes, the expectations raised by romantic movies are damaging to real relationships.</edu>
  <edu id="e5" lang="ru" trans="human">Да, ожидания, связанные с романтическими фильмами, наносят ущерб реальным отношениям.</edu>
  <adu id="a1" type="pro"/>
  <adu id="a2" type="opp"/>
  <adu id="a3" type="pro"/>
  <adu id="a4" type="pro"/>
  <adu id="a5" type="pro"/>
  <edge id="c5" src="e1" trg="a3" type="seg"/>
  <edge id="c6" src="e2" trg="a4" type="seg"/>
  <edge id="c7" src="e3" trg="a2" type="seg"/>
  <edge id="c8" src="e4" trg="a5" type="seg"/>
  <edge id="c9" src="e5" trg="a1" type="seg"/>
  <edge id="c1" src="a2" trg="c3" type="und"/>
  <edge id="c2" src="a3" trg="a4" type="sup"/>
  <edge id="c3" src="a4" trg="a1" type="sup"/>
  <edge id="c4" src="a5" trg="c1" type="und"/>
</arggraph>
